sku,name,customerReviewAverage,customerReviewCount,customerTopRated,manufacturer,class,condition,modelNumber,salePrice,bestseller,rank
6255530,Apple - Geek Squad Certified Refurbished iPhone 8 64GB - Space Gray (Sprint),3.0,1.0,False,Apple,phone,Refurbished,GSRF MQ6K2LL/A,649.99,False,
6304048,Apple - Geek Squad Certified Refurbished iPhone X 256GB - Space Gray (Sprint),,,,Apple,phone,Refurbished,GSRF MQA82LL/A,1049.99,False,
6304051,Apple - Geek Squad Certified Refurbished iPhone X 64GB - Space Gray (Sprint),,,,Apple,phone,Refurbished,GSRF MQA52LL/A,899.99,False,
6304057,Apple - Geek Squad Certified Refurbished iPhone 8 256GB - Space Gray (Sprint),3.0,1.0,False,Apple,phone,Refurbished,GSRF MQ7F2LL/A,749.99,False,
6573522,Apple - Geek Squad Certified Refurbished iPhone 12 Pro Max 5G 128GB - Gold (Verizon),3.4,5.0,False,Apple,phone,Refurbished,GSRF MGCH3LL/A,335.97,True,1.0
6573863,Apple - Geek Squad Certified Refurbished iPhone 12 5G 128GB - Black (Verizon),4.0,4.0,False,Apple,phone,Refurbished,GSRF MGHC3LL/A,186.97,False,
6574061,Apple - Geek Squad Certified Refurbished iPhone 11 64GB - Purple (Verizon),4.1,11.0,False,Apple,phone,Refurbished,GSRF MWLC2LL/A,129.97,False,
6604687,Apple - Geek Squad Certified Refurbished iPhone 15 Pro Max 256GB - Apple Intelligence - White Titanium (AT&T),1.0,1.0,False,Apple,phone,Refurbished,TI-GSRF MU673LL/A,704.49,False,
6643794,Google - Pixel 10 128GB (Verizon) - Obsidian,,,,Google,phone,New,GA09425-US,799.99,True,9.0
6643795,Google - Pixel 10 Pro 128GB (Verizon) - Obsidian,5.0,1.0,False,Google,phone,New,GA09187-US,999.99,True,6.0
6643797,Google - Pixel 10 Pro XL 256GB (Verizon) - Obsidian,5.0,1.0,False,Google,phone,New,GA09367-US,1199.99,True,4.0
6645943,Google - Pixel 10 Pro XL 256GB - Obsidian (AT&T),,,,Google,phone,New,GA09890-US,1249.99,True,5.0
6645946,Google - Pixel 10 128GB - Obsidian (AT&T),,,,Google,phone,New,GA09861-US,849.99,False,
6645947,Google - Pixel 10 Pro 128GB - Obsidian (AT&T),,,,Google,phone,New,GA09885-US,1049.99,True,8.0
6647901,Motorola - razr+ 2025 256GB - Midnight Blue (AT&T),,,,Motorola,phone,New,XT2557-3,999.99,True,2.0
6647902,Motorola - moto g stylus 5G - 2025 128GB - Gibraltar Sea (AT&T),,,,Motorola,phone,New,XT2517-2,294.99,True,3.0
6605994,"Apple - Geek Squad Certified Refurbished iMac 24"" All-in-One - M3 chip - 8GB Memory - 256GB - Green",,,,Apple,desktop,Refurbished,TI-GSRF-3PL MQRA3LL/A,1299.0,False,
6609195,HP - OmniStudio X 31.5 inch All-in-One Desktop 32-c0010 Intel Core Ultra 7 155H 16GB RAM 2TB SSD Win 11 Home - Meteor Silver,1.0,1.0,False,HP,desktop,New,A5EQ9AA#ABA,2299.99,False,
6609689,Acer - Veriton 4000 Desktop - Intel Core i5-14400 - 16GB Memory - 512GB SSD - Black,,,,Acer,desktop,New,VVX4720GI516G5,819.99,False,
6609690,Acer - Chromebox CXI5 - Intel Core i7-1270P - 16GB Memory - 256GB SSD - Gray,,,,Acer,desktop,New,CXI5I7V16G,919.99,False,
6609692,Acer - Veriton 4000 Desktop - Intel Core i7-14700 - 16GB Memory - 1TB SSD - Black,5.0,1.0,False,Acer,desktop,New,VVX4720GI716G1,1069.99,False,
6613689,HP - OmniDesk Desktop - AMD Ryzen 7 - 16GB DDR5 Memory - NVIDIA GeForce RTX 3050 - 1TB SSD - Gray Wood,4.5,35.0,True,HP,desktop,New,M02-0244,899.99,False,
6613690,HP - OmniDesk Desktop - Intel Core Ultra 7 - 16GB DDR5 Memory - 1TB SSD - Dark Wood,4.7,385.0,True,HP,desktop,New,M03-0054,899.99,False,
6613692,HP - OmniDesk Slim Desktop - Intel Core i3 - 8GB DDR5 Memory - 256GB SSD - Meteor Silver,4.5,135.0,False,HP,desktop,New,S03-0034,499.99,False,
6613693,HP - OmniDesk Desktop - AMD Ryzen 3 - 8GB DDR5 Memory - 256GB SSD - Gray Wood,4.4,51.0,False,HP,desktop,New,M02-0214,429.99,False,
6613695,HP - OmniDesk Desktop - AMD Ryzen 7 - 16GB DDR5 Memory - 1TB SSD - Gray Wood,4.6,451.0,True,HP,desktop,New,M02-0234,599.99,True,1.0
6613696,HP - OmniDesk Desktop - Intel Core Ultra 5 - 16GB DDR5 Memory - 1TB SSD - Dark Wood,4.7,216.0,True,HP,desktop,New,M03-0044,769.99,False,
6613697,HP - OmniDesk Desktop - AMD Ryzen 5 - 16GB DDR5 Memory - 512GB SSD - Gray Wood,4.7,293.0,True,HP,desktop,New,M02-0224,449.99,True,5.0
6613698,HP - OmniDesk Desktop - Intel Core Ultra 7 - 32GB DDR5 Memory - NVIDIA GeForce RTX 4060 - 1TB SSD - Dark Wood,4.6,114.0,True,HP,desktop,New,M03-0064,1219.99,False,
6613705,"ASUS - V440 24"" FHD Touch-Screen All-in-One - Intel Core i5 - 16GB Memory - 512GB SSD - White",4.8,47.0,True,ASUS,desktop,New,V440VAT-I5512,689.99,False,
6613706,ASUS - V500 Desktop - Intel Core i5 - 16GB Memory - 1TB SSD - Dark Gray,4.6,147.0,True,ASUS,desktop,New,V500MVC-I51TB,599.99,False,
6613707,ASUS - V500 Desktop - Intel Core i7 - 16GB Memory - 1TB SSD - Dark Gray,4.4,28.0,False,ASUS,desktop,New,V500MVC-I71TB,649.99,False,
6613939,"HP - OmniStudio X - Copilot+ PC - 31.5"" 4K UHD All-in-One with Adjustable Height - Intel Core Ultra 7 - 32GB Memory - 1TB SSD - Meteor Silver",4.6,69.0,True,HP,desktop,New,32-C1014,1719.99,False,
6613940,"HP - OmniStudio X - Copilot+ PC - 27"" 4K UHD All-in-One with Adjustable Height - Intel Core Ultra 7 - 16GB Memory - 1TB SSD - Meteor Silver",4.7,93.0,True,HP,desktop,New,27-CS1014,1519.99,False,
6615250,"HP - 23.8"" Full HD Touch-Screen All-in-One with Adjustable Height - Intel Core i5 - 8GB Memory - 512GB SSD - Shell White",4.8,128.0,True,HP,desktop,New,24-CR0034,599.99,True,8.0
6615251,"HP - 23.8"" Full HD Touch-Screen All-in-One - Intel Core i3 - 8GB Memory - 512GB SSD - Shell White",4.7,131.0,True,HP,desktop,New,24-CR0014,499.99,True,6.0
6618308,Refurbished Dell OptiPlex 7070 Micro Desktop – Intel Core i7-9700T – 16GB Memory – 512GB SSD - Black,,,,Dell,desktop,Refurbished,J1-7070MA15,521.99,False,
6618309,Refurbished Dell OptiPlex 3080 Micro Desktop – Intel Core i5-10500T – 16GB Memory – 512GB NVMe SSD – Internal WiFi - Black,4.0,1.0,False,Dell,desktop,Refurbished,J1-3080MA02,544.99,False,
6618310,Refurbished Dell OptiPlex 3070-MICRO Desktop - Intel Core i5 - 16GB Memory - 500GB NVMe - Win11P64- Internal WIFI - Black,5.0,1.0,False,Dell,desktop,Refurbished,J1-3070MA02,386.99,False,
6618312,Refurbished Dell OptiPlex 7070 Micro Desktop – Intel Core i5-9500T – 16GB Memory – 512GB SSD - Black,5.0,5.0,False,Dell,desktop,Refurbished,J1-7070MA14,420.99,False,
6618848,"Lenovo - IdeaCentre AIO 23.8"" Full HD Touchscreen All-In-One - AMD Ryzen 3 7335U - 8GB Memory - 256GB SSD - Luna Grey",5.0,5.0,False,Lenovo,desktop,New,F0HR0009US,599.99,False,
6618849,"Lenovo - Yoga AIO 27"" All-In-One - Intel Core Ultra 7 Processor 255H - 16GB Memory - 1TB SSD - Luna Grey",4.8,20.0,True,Lenovo,desktop,New,F0J20012US,1319.99,False,
6618850,"Lenovo - A100 23.8"" Full HD All-In-One - Intel Processor N100 - 8GB Memory - 256GB SSD - Cloud Grey",4.7,114.0,True,Lenovo,desktop,New,F0J60008US,449.99,False,
6618852,Lenovo - IdeaCentre Mini Desktop - Intel Core 7 Processor 240H - 16GB Memory - 512GB SSD - Luna Grey,4.7,19.0,True,Lenovo,desktop,New,91B20000UT,599.99,True,10.0
6620120,"HP - 27"" Touch-Screen All-in-One with Adjustable Height - AMD Ryzen 7 - 32GB Memory - 1TB SSD - Jet Black",4.9,32.0,True,HP,desktop,New,27-CR0044,1299.99,False,
6620121,"HP - Copilot+ PC 24"" Full HD Touch-Screen All-in-One with Adjustable Height - AMD Ryzen AI 5 - 16GB DDR5 Memory - 512GB SSD - Jet Black",4.7,151.0,True,HP,desktop,New,24-CT2024,999.99,False,
6620122,"HP - 27"" Full HD Touch-Screen All-in-One with Adjustable Height - Intel Core Ultra 7 - 16GB DDR5 Memory - 1TB SSD - Shell White",4.7,142.0,True,HP,desktop,New,27-CR2074,1279.99,False,
6620125,"HP - 27"" Full HD Touch-Screen All-in-One with Adjustable Height - Intel Core Ultra 5 - 8GB DDR5 Memory - 512GB SSD - Shell White",4.9,17.0,True,HP,desktop,New,27-CR2034,849.99,False,
6620126,"HP - Copilot+ PC 27"" Full HD Touch-Screen All-in-One with Adjustable Height - AMD Ryzen AI 7 - 16GB DDR5 Memory - 1TB SSD - Jet Black",4.4,21.0,False,HP,desktop,New,27-CT2054,1219.99,False,
6622615,Dell - Desktop - Intel Core Ultra 7-265 - 32GB Memory - 2TB SSD - Black,4.7,30.0,True,Dell,desktop,New,DECT1250-7104BLK-PUS,1099.99,False,
6622616,Dell - Desktop - Intel Core Ultra 7-265 - 16GB Memory - 1TB SSD - Black,4.6,198.0,True,Dell,desktop,New,DECS1250-7224BLK-PUS,699.99,True,3.0
6622618,"Dell - 24"" 2K All-in-One - Intel Core 5 120U 2024 - 16GB Memory - 512GB Storage - White",4.7,87.0,True,Dell,desktop,New,DEC24250-5352WHT-PUS,849.99,False,
6622619,Dell - Desktop - Intel Core Ultra 5 225 - 16GB Memory - 1TB SDD - Black,4.7,123.0,True,Dell,desktop,New,DECT1250-5067BLK-PUS,549.99,True,4.0
6622620,"Dell - 27"" 2K Touchscreen All-in-One - Intel Core 7 150U 2024 - 32GB Memory - NVIDIA GeForce MX570A - 2TB Storage - White",4.8,30.0,True,Dell,desktop,New,DEC27250-7239WHT-PUS,1499.99,False,
6622702,"Dell - 27"" 2K Touchscreen All-in-One - Intel Core 7 150U 2024 - 16GB Memory - NVIDIA GeForce MX570A - 1TB Storage - White",4.8,195.0,True,Dell,desktop,New,DEC27250-7192WHT-PUS,1299.99,False,
6628908,Refurbished Dell OptiPlex 7060-MICRO Desktop - Intel Core i7 - 32GB Memory - 1TB SSD - Black,3.7,3.0,False,Dell,desktop,Refurbished,7060-MICRO,557.99,False,
6628912,"HP - EliteOne 800 G5 23.8"" Refurbished All-In-One - Intel Core i5 - 16GB Memory - 256GB SSD - Black",,,,HP,desktop,Refurbished,800 G5-AIO,681.99,False,
6631094,MSI - Cubi NUC 1MG Mini Desktop - Intel Core 3-100U - 16GB Memory - Intel Graphics - 500GB SSD - Black,5.0,1.0,False,MSI,desktop,New,CUBI NUC 1MG-295US,499.99,False,
6631099,MSI - Cubi NUC AI 1UMG Mini Desktop - Intel Core Ultra 5-125H - 16GB Memory - Intel Arc Graphics - 1TB SSD - Black,,,,MSI,desktop,New,CUBI NUC AI 1UMG-015US,539.99,False,
6631100,MSI - Cubi NUC 1MG Mini Desktop - Intel Core 5-120U - 16GB Memory - Intel Graphics - 500GB SSD - Black,,,,MSI,desktop,New,CUBI NUC 1MG-296US,699.99,False,
6631356,MSI - PRO DP21 Desktop - Intel Core i7-14700 - 16GB Memory - Intel UHD 770 Graphics - 1TB SSD - Black,,,,MSI,desktop,New,PRODP2114M898,639.99,False,
6632034,HP - OmniDesk Desktop AI PC M03-0060 Intel Core Ultra 7 265 32GB RAM 2TB SSD Win 11 Home - Dark Wood,4.8,4.0,False,HP,desktop,New,B6LD0AA#ABA,1199.99,False,
6632038,HP - OmniDesk Desktop PC M02-0250 AMD Ryzen 7 8700G 32GB RAM 1TB SSD Win 11 Home - Gray Wood,5.0,1.0,False,HP,desktop,New,B6KP1AA#ABA,1319.99,False,
6632039,HP - 23.8 inch All-in-One Desktop PC 24-cr0410 AMD Athlon Silver 7120U 8GB RAM 256GB SSD Win 11 Home - Shell White,5.0,7.0,False,HP,desktop,New,B9KS0AA#ABA,559.99,False,
6632040,HP - 23.8 inch Touch All-in-One Desktop PC 24-cr0140 AMD Ryzen 5 7520U 16GB RAM 1TB SSD Win 11 Home - Jet black,3.5,2.0,False,HP,desktop,New,B88DDAA#ABA,859.99,False,
6632141,ASUS - NUC 15 Pro Mini Desktop - Intel Core 5 210H - 16GB Memory - 512GB SSD - Black,,,,ASUS,desktop,New,RNUC15CRKC5063AU,749.99,False,
6632142,ASUS - NUC 15 Pro Mini Desktop - Intel Core Ultra 7 255H - 16GB Memory - 1TB SSD - Black,,,,ASUS,desktop,New,RNUC15CRKU7069AU,999.99,False,
6634734,Dell - Pro Micro Desktop - Intel Core Ultra 5 - 16GB Memory - 256GB SSD - Black,,,,Dell,desktop,New,V6TNK,899.99,False,
6635404,Lenovo - Refurbished ThinkCentre M920q Desktop - Intel Core i5 - 16GB Memory - 256GB SSD - Black,,,,Lenovo,desktop,Refurbished,M920Q-TINY,439.99,False,
6635406,Lenovo - Refurbished ThinkCentre M920q Desktop - Intel Core i7 - 16GB Memory - 512GB SSD - Black,,,,Lenovo,desktop,Refurbished,M920Q-TINY,569.99,False,
6635409,MSI - Cubi NUC AI Desktop - Intel Core Ultra 5 - 16GB Memory - 1TB SSD - Black,,,,MSI,desktop,New,CUBINUCAI044,819.99,False,
6635410,MSI - Cubi NUC AI Desktop - Intel Core Ultra 5 - 16GB Memory - 1TB SSD - Black,,,,MSI,desktop,New,CUBINUCAI012,879.99,False,
6635412,"MSI - Modern AM273Q AI 27"" All-In-One - Intel Core Ultra 7 - 32 GB Memory - 1 TB SSD - Black",,,,MSI,desktop,New,AM273QAI1UM037,1199.99,False,
6635413,MSI - Cubi NUC AI Desktop - Intel Core Ultra 7 - 32GB Memory - 1TB SSD - Black,,,,MSI,desktop,New,CUBINUCAI010,1087.6,False,
6635414,MSI - Cubi NUC AI Desktop - Intel Core Ultra 7 - 32GB Memory - 1TB SSD - Black,,,,MSI,desktop,New,CUBINUCAI014,979.99,False,
6635415,"MSI - Modern AM273Q AI 27"" All-In-One - Intel Core Ultra 5 - 16 GB Memory - 1 TB SSD - Black",,,,MSI,desktop,New,AM273QAI1UM040,899.99,False,
6635420,"MSI - Modern AM242TP 1M 23.8"" Touch-Screen All-In-One - Intel Core 7 - 32 GB Memory - 1 TB SSD - White",,,,MSI,desktop,New,MAM242TP1M1094,1149.99,False,
6635585,MSI - Cubi NUC Barebone System - Intel Core Ultra 7 150U - No Memory - No Storage - No Operating System - Black,,,,MSI,desktop,New,CUBINUC1M009B,549.99,False,
6635755,"Dell - Pro 24 23.8"" Touch-Screen All-In-One - Intel Core Ultra 5 - 16 GB Memory - 512 GB SSD - Silver",,,,Dell,desktop,New,X635R,1739.99,False,
6636736,"HP - 21.5"" All-in-One - Intel N100 - 8GB Memory - 128GB UFS - Cashmere White",5.0,2.0,False,HP,desktop,New,22-DG0034,319.99,True,9.0
6636737,HP - OmniDesk Desktop - Intel Core Ultra 7 - 32GB Memory - NVIDIA GeForce RTX 5060 - 1TB SSD - Dark Wood,5.0,1.0,False,HP,desktop,New,M03-0074,1499.99,False,
6637214,Dell - Pro Slim Plus Desktop - Intel Core Ultra 5 - 16GB Memory - 512GB SSD - Standard Black,,,,Dell,desktop,New,964NF,1129.99,False,
6638658,Dell - Pro Micro Desktop - Intel Core Ultra 5 - 16GB Memory - 512GB SSD - Black,,,,Dell,desktop,New,VD5D2,789.99,False,
6638979,Dell - Pro Desktop - Intel Core i5 - 16GB Memory - 512GB SSD - Standard Black,5.0,3.0,False,Dell,desktop,New,M1XXF,689.99,False,
6641629,"Acer - Aspire C24 23.8"" Full HD 120Hz All-in-One - Intel Core i3 - 8GB Memory - 512GB SSD - Black",,,,Acer,desktop,New,C24-2YE13U3UNL-UR13,499.99,False,
6641677,Dell - Pro Micro Desktop - Intel Core i5 - 8GB Memory - 256GB SSD - Black,,,,Dell,desktop,New,KCMNM,679.99,False,
6641679,Dell - Pro Desktop - Intel Core Ultra 5 - 16GB Memory - 512GB SSD - Standard Black,5.0,2.0,False,Dell,desktop,New,FFP8T,799.99,False,
6641680,Dell - Pro Max Desktop - Intel Core Ultra 5 - 16GB Memory - 512GB SSD - Black,,,,Dell,desktop,New,YHVV1,1259.99,False,
6641681,Dell - Pro Desktop - Intel Core Ultra 5 - 16GB Memory - 256GB SSD - Black,,,,Dell,desktop,New,XP4K3,1169.99,False,
6641683,Dell - Pro Desktop - Intel Core Ultra 5 - 16GB Memory - 512GB SSD - Black,,,,Dell,desktop,New,9N7G9,1059.99,False,
6642142,HP - OmniDesk Desktop - AMD Ryzen 5 - 32GB Memory - 512GB SSD - Gray Wood,4.0,1.0,False,HP,desktop,New,M02-0134,799.99,False,
6642144,HP - OmniDesk Desktop - AMD Ryzen 7 - 32GB Memory - 2TB SSD - Gray Wood,,,,HP,desktop,New,M02-0144,949.99,False,
6642150,Dell - Tower Plus EBT2250 Desktop - Intel Core Ultra 7-265 - 32GB Memory - NVIDIA GeForce RTX 5070 - 1TB SSD - Black,,,,Dell,desktop,New,DEBT2250-7177BLK-PUS,1999.99,False,
6642151,Dell - Tower Plus EBT2250 Desktop - Intel Core Ultra 7 265 - 32GB Memory - NVIDIA GeForce RTX 5060 - 1TB SSD - Black,5.0,7.0,False,Dell,desktop,New,DEBT2250-7153BLK-PUS,1499.99,False,
6642672,Lenovo - IdeaCentre Tower Desktop - Copilot+ PC - AMD Ryzen AI 7 350 - 32GB Memory - 1TB - Luna Grey,4.7,7.0,False,Lenovo,desktop,New,91CX0002US,719.99,False,
6642673,"Lenovo - IdeaCentre 27"" Full HD Touchscreen All-In-One - AMD Ryzen 5 220 - 16GB RAM - 512GB SSD - Luna Grey",4.8,4.0,False,Lenovo,desktop,New,F0JE000NUS,899.99,False,
6642675,Lenovo - IdeaCentre Tower Desktop - Intel Core Ultra 7 Processor 265 - 16GB RAM - 1TB SSD - Luna Grey,,,,Lenovo,desktop,New,91CF000CUS,714.99,False,
6642676,Lenovo - IdeaCentre Tower Desktop - Intel Processor 300 - 8GB RAM - 256GB SSD - Luna Grey,,,,Lenovo,desktop,New,90XS0069US,399.99,False,
6642677,Lenovo - IdeaCentre Tower Desktop - Intel Core Ultra 5 Processor 225 - 16GB RAM - 512GB SSD - Luna Grey,,,,Lenovo,desktop,New,91CF000DUS,649.99,False,
6643450,ASUS - V500SV Desktop - Intel Core i3-1315U - 8GB Memory - 512GB SSD - Dark Gray,,,,ASUS,desktop,New,V500SVC-I3512,449.99,False,
6643452,ASUS - V500SV Desktop - Intel Core i5-13420H - 8GB Memory - 512GB SSD - Dark Gray,,,,ASUS,desktop,New,V500SVC-I5512,499.99,False,
6649523,MSI - EdgeXpert Mini Desktop - Arm 20 core - 128GB Memory - NVIDIA Blackwell Graphics -4TB SSD - Black,,,,MSI,desktop,New,EDGEXPERT-11SUS,3999.99,False,
6650422,Acer - Chromebox - Intel Celeron - 8GB Memory - Black,,,,Acer,desktop,New,DT.Z49AA.001,279.99,False,
6663827,Acer - CXI5 Chromebox - Intel Celeron - 4GB Memory - 32GB eMMC - Gray,,,,Acer,desktop,New,DT.Z2JAA.001,329.99,False,
7642148,"Apple - Geek Squad Certified Refurbished 27"" All-In-One Computer - 8 GB Memory - 1 TB Hard Drive - White",3.7,3.0,False,Apple,desktop,Refurbished,GSRF-ME088LL/A,199.99,False,
4833200,"Apple - Geek Squad Certified Refurbished 21.5"" iMac® - Intel Core i5 (1.6GHz) - 8GB Memory - 1TB Hard Drive - Silver",5.0,6.0,False,Apple,desktop,Refurbished,TI-GSRF-3PL MK142LL/A,49.99,False,
4833900,"Apple - Geek Squad Certified Refurbished 27"" iMac with Retina 5K display - Intel Core i5 (3.2GHz) - 8GB Memory - 1TB - Silver",4.3,6.0,False,Apple,desktop,Refurbished,TI-GSRF-3PL MK462LL/A,89.99,False,
5721903,Apple - Mac Studio - M2 Ultra - 1TB SSD - Silver,4.8,43.0,True,Apple,desktop,New,MQH63LL/A,3039.99,False,
6359729,Shuttle - XPC Cube SZ270R9 Barebone Desktop - Black,,,,Shuttle,desktop,New,SZ270R9,359.99,False,
6359734,Shuttle - XPC Cube SH310R4 V2 Barebone Desktop - Black,,,,Shuttle,desktop,New,SH310R4V2,549.99,False,
6359736,Shuttle - XPC Slim DH310V2 Barebone Desktop - Black,,,,Shuttle,desktop,New,DH310V2,339.99,False,
6427503,Apple - Mac Studio - M2 Max - 512GB SSD - Silver,4.9,190.0,True,Apple,desktop,New,MQH73LL/A,1529.99,False,
6427505,Apple - iMac 24-inch All-in-One - M4 chip - Built for Apple Intelligence - 10 Core CPU - 10 Core GPU - 24GB Memory - 512GB SSD - Silver,4.9,117.0,True,Apple,desktop,New,MCR24LL/A,1899.0,False,
6455801,"Apple - Certified Refurbished 21.5"" iMac with Retina 4K Display - Intel Core i3 3.6GHz - 8GB Memory - 1TB HDD (2019) - Silver",3.5,45.0,False,Apple,desktop,Refurbished,MRT32LL/A,369.99,False,
6461476,Apple - iMac 24-inch All-in-One - M4 chip - Built for Apple Intelligence - 10 Core CPU - 10 Core GPU - 24GB Memory - 512GB SSD - Green,4.9,117.0,True,Apple,desktop,New,MD2Q4LL/A,1899.0,False,
6461491,Apple - iMac 24-inch All-in-One - M4 chip - Built for Apple Intelligence - 10 Core CPU - 10 Core GPU - 24GB Memory - 512GB SSD - Blue,4.9,117.0,True,Apple,desktop,New,MD2T4LL/A,1899.0,False,
6461493,Apple - iMac 24-inch All-in-One - M4 chip - Built for Apple Intelligence - 10 Core CPU - 10 Core GPU - 24GB Memory - 512GB SSD - Pink,4.9,117.0,True,Apple,desktop,New,MD2U4LL/A,1899.0,False,
6467297,Apple - iMac 24-inch All-in-One - M4 chip - Built for Apple Intelligence - 16GB Memory - 256GB SSD - Nano-texture glass - Silver,5.0,4.0,False,Apple,desktop,New,MD3H4LL/A,1699.0,False,
6467298,Apple - iMac 24-inch All-in-One - M4 chip - Built for Apple Intelligence - 8 Core CPU - 8 Core GPU - 16GB Memory - 256GB SSD - Silver,4.8,660.0,True,Apple,desktop,New,MWUC3LL/A,1299.0,True,7.0
6467300,Apple - iMac 24-inch All-in-One - M4 chip - Built for Apple Intelligence - 8 Core CPU - 8 Core GPU - 16GB Memory - 256GB SSD - Green,4.8,660.0,True,Apple,desktop,New,MWUE3LL/A,1299.0,False,
6467301,Apple - iMac 24-inch All-in-One - M4 chip - Built for Apple Intelligence - 8 Core CPU - 8 Core GPU - 16GB Memory - 256GB SSD - Blue,4.8,660.0,True,Apple,desktop,New,MWUF3LL/A,1299.0,False,
6467303,Apple - iMac 24-inch All-in-One - M4 chip - Built for Apple Intelligence - 8 Core CPU - 8 Core GPU - 16GB Memory - 256GB SSD - Pink,4.8,660.0,True,Apple,desktop,New,MWUG3LL/A,1299.0,False,
6467306,Apple - iMac 24-inch All-in-One - M4 chip - Built for Apple Intelligence - 10 Core CPU - 10 Core GPU - 16GB Memory - 256GB SSD - Silver,4.8,151.0,True,Apple,desktop,New,MWUU3LL/A,1499.0,False,
6467307,Apple - iMac 24-inch All-in-One - M4 chip - Built for Apple Intelligence - 10 Core CPU - 10 Core GPU - 16GB Memory - 512GB SSD - Silver,4.9,161.0,True,Apple,desktop,New,MWUV3LL/A,1699.0,False,
6469231,"Apple - 21.5"" Certified Refurbished iMac Desktop - Intel Core i5 2.3GHz - 8GB Memory - 1TB HDD (2017) - Silver",3.7,25.0,False,Apple,desktop,Refurbished,MMQA2LL/A,309.99,False,
6469507,Dell - Refurbished OptiPlex 7060 Desktop - Intel Core i5 - 16GB Memory - 256GB SSD - Black,4.6,10.0,False,Dell,desktop,Refurbished,7060-MICRO,365.0,False,
6474040,"Apple - 21.5"" Certified Refurbished iMac Desktop - Intel Core i5 3.0GHz - 8GB Memory - 1TB HDD (2017) - Silver",3.9,44.0,False,Apple,desktop,Refurbished,MNDY2LL/A,349.99,False,
6477687,HP - Pavilion Desktop - AMD Ryzen 7 - 16GB Memory - 1TB SSD - Natural Silver,4.6,2088.0,True,HP,desktop,New,TP01-2234/318G6AA#ABA,859.99,False,
6499904,"Apple - Certified Refurbished 27"" iMac with Retina 5K Display - Intel Core i7 3.8GHz - 8GB Memory - 512GB SSD (2020) - Silver",4.4,14.0,False,Apple,desktop,Refurbished,MXWV2LL/A,849.99,False,
6499905,"Apple - Certified Refurbished 27"" iMac with Retina 5K Display - Intel Core i5 3.3GHz - 8GB Memory - 512GB SSD (2020) - Silver",4.1,7.0,False,Apple,desktop,Refurbished,MXWU2LL/A,799.99,False,
6499912,"Apple - Certified Refurbished 27"" iMac with Retina 5K Display - Intel Core i5 3.1GHz - 8GB Memory - 256GB SSD (2020) - Silver",4.0,14.0,False,Apple,desktop,Pre-Owned,MXWT2LL/A,749.99,False,
6505389,Apple - iMac 24-inch All-in-One - M4 chip - Built for Apple Intelligence - 10 Core CPU - 10 Core GPU - 16GB Memory - 256GB SSD - Yellow,4.8,151.0,True,Apple,desktop,New,MWUW3LL/A,1499.0,False,
6507196,"Apple - Certified Refurbished 27"" iMac 5K - Intel Core i5 3.0GHz - 8GB Memory - 1TB FUSION DRIVE + 32GB SSD (2019) - Silver",4.6,30.0,True,Apple,desktop,Pre-Owned,MRQY2LL/A,659.99,False,
6507197,"Apple - Certified Refurbished 27"" iMac 5K - Intel Core i5 3.4GHz - 8GB Memory - 1TB FUSION DRIVE + 32GB SSD (2017) - Silver",3.9,37.0,False,Apple,desktop,Pre-Owned,MNE92LL/A,489.99,False,
6507203,"Apple - Certified Refurbished 27"" iMac 5K - Intel Core i5 3.8GHz - 8GB Memory - 2TB FUSION DRIVE + 128GB SSD (2017) - Silver",4.4,16.0,False,Apple,desktop,Pre-Owned,MNED2LL/A,509.99,False,
6509485,Dell - OptiPlex 3000 Thin Client,,,,Dell,desktop,New,NG7KC,739.99,False,
6530806,"Apple - Mac Mini ""M1 Chip"" 8CPU/8GPU with 8GB Memory, 256 GB SSD - Silver",,,,Apple,desktop,Pre-Owned,MGNR3LL/A,329.99,False,
6534223,Apple - iMac 24-inch All-in-One - M4 chip - Built for Apple Intelligence - 10 Core CPU - 10 Core GPU - 16GB Memory - 256GB SSD - Green,4.8,151.0,True,Apple,desktop,New,MWUY3LL/A,1499.0,False,
6534265,Apple - iMac 24-inch All-in-One - M4 chip - Built for Apple Intelligence - 10 Core CPU - 10 Core GPU - 16GB Memory - 512GB SSD - Green,4.9,161.0,True,Apple,desktop,New,MWV03LL/A,1699.0,False,
6534266,Apple - iMac 24-inch All-in-One - M4 chip - Built for Apple Intelligence - 10 Core CPU - 10 Core GPU - 16GB Memory - 256GB SSD - Blue,4.8,151.0,True,Apple,desktop,New,MWV13LL/A,1499.0,False,
6534268,Apple - iMac 24-inch All-in-One - M4 chip - Built for Apple Intelligence - 10 Core CPU - 10 Core GPU - 16GB Memory - 512GB SSD - Blue,4.9,161.0,True,Apple,desktop,New,MWV33LL/A,1699.0,False,
6534269,Apple - iMac 24-inch All-in-One - M4 chip - Built for Apple Intelligence - 10 Core CPU - 10 Core GPU - 16GB Memory - 256GB SSD - Pink,4.8,151.0,True,Apple,desktop,New,MWV43LL/A,1499.0,False,
6534270,Apple - iMac 24-inch All-in-One - M4 chip - Built for Apple Intelligence - 10 Core CPU - 10 Core GPU - 16GB Memory - 512GB SSD - Pink,4.9,161.0,True,Apple,desktop,New,MWV53LL/A,1699.0,False,
6534274,Apple - iMac 24-inch All-in-One - M4 chip - Built for Apple Intelligence - 10 Core CPU - 10 Core GPU - 16GB Memory - 256GB SSD - Purple,4.8,151.0,True,Apple,desktop,New,MWV63LL/A,1499.0,False,
6535100,Apple - Mac Studio - M2 Max - 512GB SSD - Silver,4.0,1.0,False,Apple,desktop,New,3L618LL/A,1619.99,False,
6535121,"Apple - iMac 24"" All-in-One - M3 chip 10-Core - 8GB Memory - 256GB - Pink",4.4,28.0,False,Apple,desktop,New,3M718LL/A,1259.99,False,
6538230,HP - Refurbished 800 G4 Desktop - Intel Core i5 - 16GB Memory - 500GB SSD - Silver/Black,4.1,14.0,False,HP,desktop,Refurbished,800 G4-MINI,335.99,False,
6538896,"HP - 27"" Touch-Screen All-in-One with Adjustable Height - AMD Ryzen 7 - 16GB Memory - 1TB SSD - Jet Black",4.7,1219.0,True,HP,desktop,New,27-CR0054/7G9S2AA#ABA,1129.99,False,
6543533,Acer - Aspire Desktop- Intel Celeron N4505 -8GB Memory- 512GB SSD - Black,4.4,268.0,False,Acer,desktop,New,XC-840-UB11,299.99,False,
6547727,"Dell - 7460 23.8"" Refurbished All-In-One - Intel Core i5 - 16GB Memory - 512GB SSD - Black",5.0,1.0,False,Dell,desktop,Refurbished,7460-AIO,649.0,False,
6550626,Lenovo - ThinkCentre M75q Gen 2 Desktop - AMD Ryzen 5 PRO 5650GE - 8GB Memory - 256GB SSD - Black,,,,Lenovo,desktop,New,11JN002PUS,619.99,False,
6553030,Lenovo - ThinkCentre M75q Gen 2 Desktop - AMD Ryzen 7 PRO 5750GE - 16GB Memory - 512GB SSD - Black,5.0,2.0,False,Lenovo,desktop,New,11JN002RUS,869.99,False,
6553423,Lenovo - ThinkCentre M75s Gen 2 Desktop - AMD Ryzen 5 PRO 5650G - 8GB Memory - 256GB SSD - Black,4.0,1.0,False,Lenovo,desktop,New,11R8001XUS,679.99,False,
6553427,Lenovo - ThinkCentre Neo 50q Gen 4 Desktop - Intel Core i5 - 8GB Memory - 256GB SSD - Black,4.0,2.0,False,Lenovo,desktop,New,12LN000CUS,679.99,False,
6553440,Lenovo - ThinkCentre Neo 50q Gen 4 Desktop - Intel Core i5 - 16GB Memory - 256GB SSD - Black,5.0,1.0,False,Lenovo,desktop,New,12LN000BUS,689.99,False,
6554767,"HP - 23.8"" Full HD All-in-One - AMD Ryzen 3 - 8GB Memory - 512GB SSD - Jet Black",4.7,656.0,True,HP,desktop,New,24-CR0114/83T53AA#ABA,629.99,False,
6559286,Lenovo - ThinkCentre M75q Gen 2 Desktop - AMD Ryzen 5 PRO 5650GE - 16GB Memory - 256GB SSD - Black,,,,Lenovo,desktop,New,11JN0089US,719.99,False,
6566914,Apple - iMac 24-inch All-in-One - M4 chip - Built for Apple Intelligence - 10 Core CPU - 10 Core GPU - 16GB Memory - 256GB SSD - Orange,4.8,151.0,True,Apple,desktop,New,MWV83LL/A,1499.0,False,
6566916,Apple - Mac mini Desktop - Latest Model - M4 Pro chip - Built for Apple Intelligence - 24GB Memory - 512GB SSD - Silver,4.8,82.0,True,Apple,desktop,New,MCX44LL/A,1399.0,False,
6566917,Apple - Mac mini Desktop - Latest Model - M4 chip - Built for Apple Intelligence - 24GB Memory - 512GB SSD - Silver,4.7,72.0,True,Apple,desktop,New,MCYT4LL/A,999.0,False,
6566918,Apple - Mac mini Desktop - Latest Model - M4 chip - Built for Apple Intelligence - 16GB Memory - 256GB SSD - Silver,4.8,847.0,True,Apple,desktop,New,MU9D3LL/A,499.0,True,2.0
6566919,Apple - Mac mini Desktop - Latest Model - M4 chip - Built for Apple Intelligence - 16GB Memory - 512GB SSD - Silver,4.9,204.0,True,Apple,desktop,New,MU9E3LL/A,799.0,False,
6566920,Apple - Mac Studio - M4 Max - 512GB SSD - Silver,4.9,58.0,True,Apple,desktop,New,MU963LL/A,1999.0,False,
6566921,Apple - Mac Studio - M3 Ultra - 1TB SSD - Silver,4.6,7.0,False,Apple,desktop,New,MU973LL/A,3999.0,False,
6566926,"Apple - iMac 24"" All-in-One - M3 chip 8-Core - 16GB Memory - 512GB - Blue",4.9,53.0,True,Apple,desktop,New,MR7F3LL/A,1799.0,False,
6566927,"Apple - iMac 24"" All-in-One - M3 chip 8-Core - 16GB Memory - 512GB - Silver",4.9,53.0,True,Apple,desktop,New,MR7E3LL/A,1799.0,False,
6566928,Apple - Mac Studio - M4 Max - 1TB SSD - Silver,,,,Apple,desktop,New,MHQH4LL/A,2899.0,False,
6568757,"Apple - Certified Refurbished 27"" iMac Pro with 5K Display - Intel Xeon - 32GB Memory - Radeon Pro - 1TB SSD - Space Gray",3.8,6.0,False,Apple,desktop,Refurbished,MQ2Y2LL/A,1079.99,False,
6569555,HP - G4 Mini Chromebox - Intel Celeron - 4GB Memory - 64GB Emmc - Black,3.0,1.0,False,HP,desktop,New,8R2T3UT#ABA,399.99,False,
6570619,MSI - PRO DP21 SFF Desktop - Intel Core i7-13700 - 8GB Memory - 500GB SSD - Black,5.0,1.0,False,MSI,desktop,New,PRODP2113M499,849.99,False,
6570623,MSI - PRO DP10 Desktop - Intel Core i7 - 16GB Memory - 1TB SSD - Black,,,,MSI,desktop,New,PRODP1013M057,1019.99,False,
6572444,Apple - Certified Refurbished Mac Studio - M1 Max 10-Core CPU - 32GB Memory - 24-Core GPU - 512GB SSD - Silver,5.0,4.0,False,Apple,desktop,Refurbished,MJMV3LL/A,979.99,False,
6572445,Certified Refurbished Mac Studio - Apple M1 Max 10-Core CPU - 32GB Memory - Apple 24-Core GPU - 1TB SSD - Silver,5.0,1.0,False,Apple,desktop,Refurbished,MJMV3LL/A-1TB,1299.99,False,
6573473,"HP - 21.5"" Full HD All-in-One - Intel Celeron - 4GB Memory - 128GB SSD - Cashmere White",4.3,454.0,False,HP,desktop,New,22-DG0024,379.99,False,
6574644,"Lenovo - IdeaCentre AIO 27"" FHD IPS LCD Touch-Screen All-In-One - AMD Ryzen 5 7535HS - 8GB Memory - 512GB SSD - Gray",4.7,226.0,True,Lenovo,desktop,New,F0HQ0008US,649.99,False,
6574646,Lenovo - IdeaCentre 3 Desktop - Intel Processor U300 - 8GB Memory - 256GB SSD - Cloud Grey,4.7,82.0,True,Lenovo,desktop,New,90VT0067US,399.99,False,
6574647,Lenovo - IdeaCentre 3 Desktop - Intel Core i5-14400 - 8GB Memory - 256GB SSD - Cloud Grey,4.6,156.0,True,Lenovo,desktop,New,90VT008MUS,549.99,False,
6575007,Dell - Inspiron 3030 Desktop - Intel Core i5 - 8GB Memory - 512GB SSD - Mist Blue,4.7,244.0,True,Dell,desktop,New,I3030-5714BLU-PUS,664.99,False,
6583808,HP - Elite Mini 800 Mini Desktop - Intel Core i7-14700T - 32GB Memory - 512GB SSD - Black,5.0,1.0,False,HP,desktop,New,A12GVUT,1589.99,False,
6583919,HP - Elite 800 G9 Desktop - Intel Core i7 - 32GB Memory - 512GB SSD - Black,,,,HP,desktop,New,A12GXUT#ABA,1549.99,False,
6583928,HP - Refurbished ProDesk 600 G4 Desktop - Intel Core i5 - 16GB Memory - 512GB SSD - Black,4.4,12.0,False,HP,desktop,Refurbished,600 G4-SFF,339.99,False,
6583930,Dell - Refurbished OptiPlex 5060 Desktop - Intel Core i5 - 16GB Memory - 512GB SSD - Black,3.6,11.0,False,Dell,desktop,Refurbished,5060-SFF,335.99,False,
6583933,Dell - Refurbished OptiPlex 7090 Desktop - Intel Core i5 - 16GB Memory - 512GB SSD - Black,5.0,3.0,False,Dell,desktop,Refurbished,7090-SFF,569.99,False,
6583936,Dell - Refurbished OptiPlex 3070 Desktop - Intel Core i7 - 16GB Memory - 512GB SSD - Black,4.5,11.0,False,Dell,desktop,Refurbished,3070-SFF,489.0,False,
6583939,Dell - Refurbished OptiPlex 7090 Desktop - Intel Core i7 - 16GB Memory - 512GB SSD - Black,3.0,1.0,False,Dell,desktop,Refurbished,7090-SFF,689.0,False,
6583942,HP - Refurbished ProDesk 600 G6 Desktop - Intel Core i7 - 16GB Memory - 512GB SSD - Black,,,,HP,desktop,Refurbished,600 G6-SFF,638.99,False,
6590316,HP - Elite 800 G9 Desktop - Intel Core i5 - 16GB Memory - 512GB SSD - Black,,,,HP,desktop,New,A12GWUT#ABA,1249.99,False,
6590382,HP - ENVY Desktop TE01-5360 - Intel Core i7-14700F - 16GB Memory - 1TB SSD - Nightfall Black,4.0,5.0,False,HP,desktop,New,TE01-5360,1378.99,False,
6590384,"HP - 23.8"" Touch-Screen All-in-One - Intel Core Ultra 5 125U - 8GB Memory - 512GB SSD - Shell White",5.0,1.0,False,HP,desktop,New,24-CR1070,886.99,False,
6596970,HP - Pro 400 SFF Desktop - Intel Core i5-14500 - 16GB Memory - 256GB SSD - Black,,,,HP,desktop,New,A70PHUT#ABA,929.99,False,
6597121,HP - Elite Mini 800 Mini Desktop - Intel Core i5-14500T - 16GB Memory - 256GB SSD - Black,,,,HP,desktop,New,A12GLUT,1219.99,False,
6598812,MSI - Cubi NUC Desktop - Intel Core 7-150U - 32GB Memory - 1TB SSD - Black,5.0,1.0,False,MSI,desktop,New,CUBINUC1M007,941.99,False,
6598813,"MSI - PRO AP222T 13M 21.5"" Full HD Touch-Screen All-in-One - Intel Core i3 13100 - 8GB Memory - 512GB SSD - Black",1.0,1.0,False,MSI,desktop,New,PAP222T13M059,729.99,False,
6598814,"MSI - Modern AM242TP 23.8"" Touchscreen All-in-One - Intel Core 5 120U - 16GB Memory - 1TB SSD - Black",,,,MSI,desktop,New,MAM242TP1M1095,1089.99,False,
6598818,"MSI - Modern AM242TP 23.8"" Touchscreen All-in-One - Intel Core 7 150U - 32GB Memory - 1TB SSD - Black",4.0,1.0,False,MSI,desktop,New,MAM242TP1M1093,1149.99,False,
6599418,ASUS - NUC 14 Pro Mini Desktop - Intel Core Ultra 5 125H - 16GB Memory - 512GB SSD - Black,4.7,3.0,False,ASUS,desktop,New,RNUC14RVHU5068CUI,799.99,False,
6601433,"HP - EliteOne 840 23.8"" Full HD All-in-One - Intel Core i5-14500 - 16GB Memory - 512GB SSD - Silver/Black",,,,HP,desktop,New,A12H1UT,1729.99,False,
6604300,HP - Pro SFF 400 G9 Desktop - Intel Core i5 - 8GB Memory - 256GB SSD - Black,,,,HP,desktop,New,A70PGUT#ABA,959.99,False,
6604494,"HP - EliteOne 840 23.8"" Full HD All-in-One - Intel Core i7-14700 - 16GB Memory - 512GB SSD - Silver/Black",,,,HP,desktop,New,A12H2UT,1949.99,False,
6604792,Lenovo - Refurbished ThinkCentre M720q Desktop - Intel Core i5 - 16GB Memory - 256GB SSD - Black,,,,Lenovo,desktop,Refurbished,M720Q-TINY,375.99,False,
6604794,Lenovo - Refurbished ThinkCentre M720q Desktop - Intel Core i7 - 16GB Memory - 512GB SSD - Black,5.0,2.0,False,Lenovo,desktop,Refurbished,M720Q-TINY,487.99,False,
6605016,Lenovo - ThinkCentre M70q Gen 5 Desktop - Intel Core i5 - 16GB Memory - 512GB SSD - Black,5.0,1.0,False,Lenovo,desktop,New,12TD001RUS,877.99,False,
6605896,"Geek Squad Certified Refurbished iMac 24"" with Retina 4.5K display All-In-One - Apple M1 - 8GB Memory - 256GB SSD - Blue",,,,Apple,desktop,Refurbished,TI-GSRF-3PL MJV93LL/A,1299.99,False,
6605976,"Refurbished iMac 24"" with Retina 4.5K display All-In-One - Apple M1 - 8GB Memory - 256GB SSD - w/Touch ID - Blue",,,,Apple,desktop,Refurbished,TI-GSRF-3PL MGPK3LL/A,1499.99,False,
6605992,"Refurbished iMac 24"" with Retina 4.5K display All-In-One - Apple M1 - 8GB Memory - 256GB SSD - w/Touch ID - Orange",,,,Apple,desktop,Refurbished,TI-GSRF-3PL MGPR3LL/A,1499.99,False,
6636904,"Lenovo - T14 G2 14"" Refurbished Laptop - Intel 11th Gen Core i7 with 16GB Memory - Intel Iris Xe Graphics - 512GB SSD - Black",3.0,1.0,False,Lenovo,laptop,Refurbished,T14 G2,677.99,False,
6636905,"HP - EliteBook 840 G7 14"" Refurbished Laptop - Intel 10th Gen Core i5 with 32GB Memory - Intel UHD Graphics - 512GB SSD - Silver",,,,HP,laptop,Refurbished,840 G7,574.99,False,
6636906,"HP - EliteBook 850 G7 15.6"" Refurbished Laptop - Intel 10th Gen Core i7 with 32GB Memory - Intel UHD Graphics - 512GB SSD - Silver",,,,HP,laptop,Refurbished,850 G7,721.18,False,
6636931,"HP - OmniBook X - Copilot+ PC - 17.3"" Full HD Touch-Screen Laptop - Intel Core Ultra 9 - 32GB Memory - 2TB SSD - Glacier Silver",4.8,51.0,True,HP,laptop,New,C33WSUA#ABA,1599.99,False,
6637409,"HP - 15.6"" Laptop - Intel Core i3 - 8GB Memory - 128GB UFS - Natural Silver",4.7,196.0,True,HP,laptop,New,C0CM1UA#ABA,219.99,True,2.0
6637503,"HP - 15.6"" Full HD Touch-Screen Laptop - Intel Core i5 - 16GB Memory - 512GB SSD - Natural Silver",4.8,27.0,True,HP,laptop,New,C0CN6UA#ABA,649.99,False,
6637506,"HP - 15.6"" Touch-Screen Laptop - Intel Core i3 - 8GB Memory - 256GB SSD - Natural Silver",,,,HP,laptop,New,C20BPUA#ABA,349.99,False,
6637780,"GIGABYTE - AERO X16- Copilot+ PC - 16"" 165Hz 2560x1600 WQXGA AMD Ryzen AI 7 350 - 1TB SSD - 32GB DDR5 RAM NVIDIA GeForce RTX 5070 - Lunar White",,,,GIGABYTE,laptop,New,AERO X16 1WH93USC64DH,1699.99,False,
6638817,"HP - EliteBook 840 G6 14"" Refurbished Laptop - Intel 8th Gen Core i5 with 32GB Memory - Intel UHD Graphics - 512GB SSD - Silver",,,,HP,laptop,Refurbished,840 G6,505.99,False,
6638818,"HP - ZBook Firefly 15 G7 15.6"" Refurbished Laptop - Intel Core i7 with 32GB RAM - Nvidia Quadro P520 4GB - 512GB SSD - Silver",,,,HP,laptop,Refurbished,ZBOOK FIREFLY 15 G7,721.18,False,
6638906,"ASUS - Vivobook 16 16"" FHD+ Laptop - Copilot+ PC - AMD Ryzen AI 5 330 with 16GB Memory - 512GB SSD - Quiet Blue",,,,ASUS,laptop,New,M1607KA-V16.R516512,749.99,False,
6638907,"ASUS - Vivobook 14 14"" FHD+ Laptop - Copilot+ PC - Snapdragon X with 16GB Memory - 512GB SSD - Quiet Blue",,,,ASUS,laptop,New,X1407QA-V14.X116512,449.99,False,
6638909,"ASUS - Vivobook 14 14"" FHD Laptop - Intel Core 5 120U with 8GB Memory - 256GB SSD - Quiet Blue",,,,ASUS,laptop,New,X1404VAP-V14.C58256,329.99,False,
6638910,"ASUS - Vivobook 14 14"" FHD Laptop - Intel Core i3-1315U with 8GB Memory - 128GB SSD - Quiet Blue",,,,ASUS,laptop,New,X1404VA-V14.I38128,449.99,False,
6638992,"HP - EliteBook Ultra G1i 14"" IPS OLED 2880 x 1800 (2.8K) Touch Screen Laptop -Intel Core Ultra 7 with 32GB Memory - 512GB SDD - Atmosphere Blue, Blue",,,,HP,laptop,New,B5PH9UT#ABA,2229.99,False,
6638993,"HP - EliteBook X G1a 14"" IPS OLED 2880 x 1800 (2.8K) Touch Screen Laptop - AMD Ryzen AI 7 PRO with 64GB Memory - 1 TB SSD - Glacier Silver, Silver",,,,HP,laptop,New,B5PH7UT#ABA,2309.99,False,
6638994,"HP - EliteBook Ultra G1i 14"" IPS OLED 2880 x 1800 (2.8K) Touch Screen Laptop -Intel Core Ultra 5 with 32GB Memory -512GB SDD - Atmosphere Blue, Blue",,,,HP,laptop,New,B5PW2UT#ABA,1939.99,False,
6639031,"Dell - Pro Max 14"" LCD 1920 x 1200 (Full HD Plus) Laptop - Intel Core Ultra 7 with 32GB Memory - 512 GB SSD - Black",,,,Dell,laptop,New,GTM9H,1839.99,False,
6639086,"HP - OmniBook 3 - Copilot+ PC - 15.6"" Full HD Touch-Screen Laptop - AMD Ryzen 5 AI 5 330 - 16GB Memory - 512GB SSD - Glacier Silver",4.5,31.0,True,HP,laptop,New,C20WBUA#ABA,499.99,False,
6639090,"Acer - Chromebook Plus Spin 514 -14"" WUXGA Touch Laptop with Google AI- MediaTek Kompanio Ultra-12GB RAM- UFS 256GB - Wi-Fi 7 - Platinum Silver",4.5,8.0,False,Acer,laptop,New,CP514-5HN-K6DY,699.0,False,
6639112,"Dell - Pro 14 Plus 14"" IPS LCD 1920 x 1200 (Full HD Plus) Laptop - Intel Core Ultra 7 with 16GB Memory - 512 GB SSD - Aluminum, Gray",,,,Dell,laptop,New,HC6M1,1669.99,False,
6640893,"HP - OmniBook 5 - Copilot+ PC - 16"" 2K OLED Touch-Screen Laptop - Snapdragon X Plus - 16GB Memory - 1TB SSD - Glacier Silver",4.9,9.0,False,HP,laptop,New,BV9U6UA#ABA,799.99,False,
6640898,"Lenovo - Chromebook Plus 2-in-1 14"" Full HD Touchscreen Laptop - Intel Core 3 Processor N355 - 8GB Memory - 128GB UFS - Cosmic Blue",,,,Lenovo,laptop,New,83LN0004US,579.0,False,
6641737,"Dell - Pro 14 Plus 14"" IPS 1920 x 1200 (Full HD Plus) Laptop - Intel Core Ultra 5 with 16GB Memory - 256 GB SSD - Silver",,,,Dell,laptop,New,V8Y3R,1319.99,False,
6641741,"Dell - Pro 14 Plus 14"" IPS 1920 x 1200 (Full HD Plus) Laptop - AMD Ryzen 5 PRO with 16GB Memory - 512 GB SSD - Magnetite, Other",,,,Dell,laptop,New,92XY7,509.99,False,
6641897,"HP - ZBook 16"" Laptop - Intel Core Ultra 9 285H with 64GB Memory - 1TB SSD - Meteor Silver",,,,HP,laptop,New,BP6Y7UT#ABA,3059.99,False,
6642209,"Dell - DC15255 - 15.6"" 2K Laptop - AMD Ryzen 7 7730U 2023 - 16GB Memory - 1TB Storage - Carbon Black",,,,Dell,laptop,New,LDC15255-7322BLK-PUS,549.99,False,
6642210,"Dell - DC15250 - 15.6"" 2K Touchscreen Laptop - Intel Core i7 1355U 2023 - 16GB Memory - 1TB Storage - Carbon Black",4.9,14.0,False,Dell,laptop,New,LDC15250-7292BLK-PUS,799.99,False,
6642211,"Dell - DC15250 - 15.6"" 2K Touchscreen Laptop - Intel Core i5 1334U 2023 - 8GB Memory - 512GB Storage - Carbon Black",,,,Dell,laptop,New,LDC15250-5315BLK-PUS,379.99,True,4.0
6642532,"MSI - Summit 2-in-1 13.4"" Touchscreen Laptop - Intel Core i7 1360P with 16GB Memory - 1TB SSD - Ink Black",,,,MSI,laptop,New,SUME1313243,999.0,False,
6642542,"MSI - Creator M14 A13V 14"" IPS 2880 x 1800 (2.8K) Laptop - Intel Core i7 with 32GB Memory - 2 TB SSD - Lunar Gray, Gray",,,,MSI,laptop,New,CREATORM1413081,1449.0,False,
6642936,"ASUS - ProArt P16 16"" 3K 120Hz OLED Touch Screen Laptop - Copilot+ PC - AMD Ryzen AI 9 HX 370 - 32GB RAM - RTX 5070 - 2TB SSD - Nano Black",,,,ASUS,laptop,New,H7606WP-P16.3KR95070,2399.99,False,
6643044,"ASUS - Chromebook Vibe CX34 Flip 14"" FHD Touch Chromebook Laptop - Intel Core i5 with 8GB Memory - 256GB SSD - Pearl White",,,,ASUS,laptop,New,CX3401FBA-DH586T-S,799.99,False,
6643159,"Dell - Pro 14 14"" IPS LCD 1920 x 1200 (Full HD Plus) Laptop - Intel Core Ultra 7 with 16GB Memory - 512 GB SSD - Platinum, Gray",,,,Dell,laptop,New,1K04G,1339.99,False,
6643388,"HP - EliteBook 850 G7 15.6"" Refurbished Touch-Screen Laptop - Intel Core i7 with 16GB Memory - Intel UHD Graphics - 512GB SSD - Silver",,,,HP,laptop,Refurbished,850 G7,809.99,False,
6643389,"HP - EliteBook 845 G8 14"" Refurbished Laptop - AMD Ryzen 5 Pro 5650U with 32GB Memory - AMD Radeon Graphics - 512GB SSD - Silver",,,,HP,laptop,Refurbished,845 G8,514.99,False,
6643390,"Dell - Precision 3561 15.6"" Refurbished Touch-Screen Laptop - Intel 11th Gen Core i5 with 32GB Memory - NVIDIA T600 - 1TB SSD - Gray",,,,Dell,laptop,Refurbished,3561,819.99,False,
6643392,"HP - EliteBook 850 G7 15.6"" Refurbished Touch-Screen Laptop - Intel Core i7 with 32GB Memory - Intel UHD Graphics - 1TB SSD - Silver",,,,HP,laptop,Refurbished,850 G7,889.99,False,
6643393,"HP - EliteBook 845 G8 14"" Refurbished Laptop - AMD Ryzen 5 Pro 5650U with 16GB Memory - AMD Radeon Graphics - 256GB SSD - Silver",,,,HP,laptop,Refurbished,845 G8,444.99,False,
6643394,"Dell - Precision 3560 15.6"" Refurbished Laptop - Intel 11th Gen Core i7 with 32GB Memory - Intel Iris Xe Graphics - 1TB SSD - Gray",2.0,1.0,False,Dell,laptop,Refurbished,3560,829.99,False,
6643396,"HP - EliteBook 845 G7 14"" Refurbished Laptop - AMD Ryzen 5 Pro 4650U with 32GB Memory - AMD Radeon Graphics - 512GB SSD - Silver",,,,HP,laptop,Refurbished,845 G7,424.99,False,
6643399,"Dell - Precision 3561 15.6"" Refurbished Laptop - Intel 11th Gen Core i5 with 32GB Memory - NVIDIA T600 - 512 SSD - Gray",,,,Dell,laptop,Refurbished,3561,694.99,False,
6643647,"ASUS - Vivobook 18 18"" WUXGA Laptop - AMD Ryzen 7 260 with 16GB RAM - 512GB SSD - Quiet Blue",,,,ASUS,laptop,New,M1807HA-DB79,1099.99,False,
6643648,"ASUS - V16 16"" FHD+ 144Hz Gaming Laptop - Intel Core 7 240H with 16GB Memory - NVIDIA RTX 5060 - 512GB SSD - Matte Black",,,,ASUS,laptop,New,V3607VM-ES74,1249.99,False,
6643650,"ASUS - Chromebook CM14 Flip 14"" Touch Laptop - Mediatek Kompanio 520 with 8GB Memory - 64GB eMMC - Gravity Grey",,,,ASUS,laptop,New,CM1402FM2A-DS84FT-S,409.99,False,
6643653,"ASUS - V16 16"" FHD+ 144Hz Gaming Laptop - Intel Core 7 240H with 16GB Memory - NVIDIA RTX 5060 - 1TB SSD - Matte Black",,,,ASUS,laptop,New,V3607VM-DS79,1499.99,False,
6643654,"MSI - Creator A16 AI+ - Copilot+PC - 16"" 240Hz Gaming Laptop QHD+ - AMD R7-350 with 32GB Memory - GeForce RTX 4060 - 1TBSSD - Lunar Gray",,,,MSI,laptop,New,CA16A3H286,1649.99,False,
6643754,"Dell - Inspiron - 14"" 2K 2-in-1 Touchscreen Laptop - AMD Ryzen 5 8640HS 2023 - 16GB Memory - 512GB Storage - Ice Blue",,,,Dell,laptop,New,I7445-A124CLD-PUS,779.99,False,
6644925,"Lenovo - ThinkPad P16s Gen 4 16"" Laptop - AMD Ryzen AI 7 PRO with 32GB Memory - 512GB SSD - Black",,,,Lenovo,laptop,New,21QR001QUS,1809.99,False,
6644926,"Lenovo - ThinkPad P14s Gen 6 14"" Touch - Screen Laptop - AMD Ryzen AI 7 PRO with 32GB Memory - 512GB SSD - Black",,,,Lenovo,laptop,New,21QL001AUS,1279.99,False,
6644930,"Lenovo - ThinkPad P16s Gen 4 16"" Laptop - AMD Ryzen AI 7 PRO with 64GB Memory - 1TB SSD - Black",,,,Lenovo,laptop,New,21QR001KUS,2159.99,False,
6644931,"Lenovo - ThinkPad T14 Gen 6 14"" Touch - Screen Laptop - AMD Ryzen AI 7 PRO with 32GB Memory - 512GB SSD - Black",,,,Lenovo,laptop,New,21QJ00CTUS,1599.99,False,
6644933,"Lenovo - ThinkPad P16s Gen 4 16"" Laptop - AMD Ryzen AI 7 PRO with 32GB Memory - 1TB SSD - Black",,,,Lenovo,laptop,New,21QR001JUS,1879.99,False,
6644934,"Lenovo - ThinkPad P14s Gen 6 14"" Laptop - AMD Ryzen AI 7 350 PRO with 32GB Memory - 1TB SSD - Black",,,,Lenovo,laptop,New,21QL0013US,1789.99,False,
6644935,"Lenovo - ThinkPad P14s Gen 6 14"" Laptop - AMD Ryzen AI 7 PRO with 64GB Memory - 1TB SSD - Black",,,,Lenovo,laptop,New,21QL0017US,2019.99,False,
6645475,"HP - EliteBook 14"" Laptop - Intel Core Ultra 7 265U with 16GB Memory - 512GB SSD - Pike Silver",,,,HP,laptop,New,BD5J3UT#ABA,1679.99,False,
6646768,"ASUS - ProArt P16 16"" 4K Touchscreen Laptop - Copilot+ PC - AMD Ryzen AI 9 HX 370 - 64GB Memory - RTX 5090 - 4TB SSD - Nano Black",,,,ASUS,laptop,New,H7606WX-XH99T,3999.99,False,
6646769,"ASUS - Vivobook 16 16"" FHD+ Laptop - Copilot+ PC - AMD Ryzen AI 5 340 with 16GB Memory - 512GB SSD - Quiet Blue",,,,ASUS,laptop,New,M1607KA-OS51,799.99,False,
6649824,"HP - ZBook 14"" Copilot+ PC Laptop - AMD Ryzen AI 9 PRO HX 375 with 32GB Memory - 1TB SSD - Meteor Silver",,,,HP,laptop,New,BZ7K9UT,2009.99,False,
6649826,"HP - EliteBook 14"" Touchscreen Laptop - Intel Core Ultra 7 268V with 32GB Memory - 1TB SSD - Glacier Silver",,,,HP,laptop,New,BG6L5UT,1989.99,False,
6649827,"HP - EliteBook 14"" Copilot+ PC Laptop - AMD Ryzen AI 5 340 with 16GB Memory - 512GB SSD - Pike Silver",,,,HP,laptop,New,C0DP9UT,1169.99,False,
6649828,"HP - EliteBook 16"" Touchscreen Laptop - Intel Core Ultra 5 225U with 16GB Memory - 512GB SSD - Pike Silver",,,,HP,laptop,New,BD5Z1UT,1349.99,False,
6649829,"HP - EliteBook 14"" Touchscreen Copilot+ PC Laptop - AMD Ryzen AI 7 350 with 32GB Memory - 512GB SSD - Glacier Silver",,,,HP,laptop,New,BL8K5UT,1799.99,False,
6649830,"HP - EliteBook 16"" Laptop - Intel Core Ultra 5 235U with 16GB Memory - 512GB SSD - Pike Silver",,,,HP,laptop,New,BD5K8UT,1458.99,False,
6649832,"HP - EliteBook 16"" Laptop - Intel Core Ultra 7 255U with 32GB Memory - 512GB SSD - Pike Silver",,,,HP,laptop,New,BD5M4UT,1569.99,False,
6649833,"HP - ZBook 14"" Laptop - Intel Core Ultra 5 225H with 16GB Memory - 512GB SSD - Meteor Silver",,,,HP,laptop,New,BP6J7UT,1596.99,False,
6649835,"HP - EliteBook 14"" Touchscreen Laptop - Intel Core Ultra 5 236V with 16GB Memory - 512GB SSD - Glacier Silver",,,,HP,laptop,New,BG7N5UT,1759.99,False,
6649836,"HP - EliteBook 14"" Touchscreen Laptop - Intel Core Ultra 5 226V with 16GB Memory - 512GB SSD - Glacier Silver",,,,HP,laptop,New,BG6L7UT,1229.99,False,
6649837,"HP - EliteBook 14"" Copilot+ PC Laptop - AMD Ryzen AI 7 350 with 32GB Memory - 512GB SSD - Pike Silver",,,,HP,laptop,New,BY2K9UT,1659.99,False,
6649838,"HP - EliteBook 14"" Touchscreen Copilot+ PC Laptop - AMD Ryzen AI 7 350 with 64GB Memory - 1TB SSD - Pike Silver",,,,HP,laptop,New,BS7G2UT,1749.99,False,
6649839,"HP - EliteBook 16"" Touchscreen Copilot+ PC Laptop - AMD Ryzen AI 7 350 with 32GB Memory - 512GB SSD - Glacier Silver",,,,HP,laptop,New,BL8L7UT,1799.99,False,
6649840,"HP - EliteBook 14"" Laptop - Intel Core Ultra 5 235U with 16GB Memory - 512GB SSD - Pike Silver",,,,HP,laptop,New,BD5J2UT,1489.99,False,
6649841,"HP - ZBook 16"" Laptop - Intel Core Ultra 7 255H with 32GB Memory - 512GB SSD - Meteor Silver",,,,HP,laptop,New,BP6Y6UT,1949.99,False,
6649842,"HP - EliteBook 14"" Touchscreen Laptop - Intel Core Ultra 5 238V with 32GB Memory - 512GB SSD - Glacier Silver",,,,HP,laptop,New,BG6M0UT,1799.99,False,
6649844,"HP - ZBook 16"" Laptop - Intel Core Ultra 5 235U with 16GB Memory - 512GB SSD - Meteor Silver",,,,HP,laptop,New,BP7B0UT,1739.99,False,
6649845,"HP - EliteBook 14"" Touchscreen Laptop - Intel Core Ultra 7 268V with 32GB Memory - 512GB SSD - Glacier Silver",,,,HP,laptop,New,BG6L8UT,1949.99,False,
6649846,"HP - ZBook 14"" Laptop - Intel Core Ultra 7 255H with 16GB Memory - 512GB SSD - Meteor Silver",,,,HP,laptop,New,BP6J6UT,1849.99,False,
6649847,"HP - EliteBook 16"" Laptop - Intel Core Ultra 7 255U with 16GB Memory - 512GB SSD - Pike Silver",,,,HP,laptop,New,BD5L3UT,1460.99,False,
6649848,"HP - EliteBook 16"" Touchscreen Laptop - Intel Core Ultra 5 226V with 16GB Memory - 512GB SSD - Glacier Silver",,,,HP,laptop,New,BH1B2UT,1309.99,False,
6649849,"HP - ZBook 16"" Laptop - Intel Core Ultra 7 255H with 16GB Memory - 512GB SSD - Meteor Silver",,,,HP,laptop,New,BP6Y4UT,1849.99,False,
6649850,"HP - EliteBook 16"" Touchscreen Laptop - Intel Core Ultra 7 268V with 32GB Memory - 1TB SSD - Glacier Silver",,,,HP,laptop,New,BH1B0UT,1989.99,False,
6650062,"Lenovo - ThinkPad E14 Gen 7 AI PC 14"" Touch - Screen Laptop - Ultra 5 with 16GB Memory - 512GB SSD - Black",,,,Lenovo,laptop,New,21SX003EUS,1189.99,False,
6650666,"Lenovo - ThinkPad E16 Gen 3 16"" Touch - Screen Laptop - Intel Ultra 5 with 16GB Memory - 512GB SSD - Black",,,,Lenovo,laptop,New,21TF001RUS,1089.99,False,
6650671,"Samsung - Galaxy Book5 15.6"" Laptop - Intel Ultra 5 255U - Intel Graphics with 16GB Memory - 512GB SSD - Silver",,,,Samsung,laptop,New,NP754XHD-KB1US,999.99,False,
6650760,"Lenovo - ThinkPad E16 Gen 3 16"" Laptop - Intel Core 5 with 16GB Memory - 256GB SSD - Black",,,,Lenovo,laptop,New,21TF001HUS,949.99,False,
6650839,Samsung - Galaxy Book5 15.6” Laptop - Intel Ultra 7 255U with 16GB Memory - 512GB SSD - Silver,,,,Samsung,laptop,New,NP754XHD-KB3US,1099.99,False,
6650840,Samsung - Galaxy Book5 15.6” Laptop - Intel Ultra 5 225U with 16GB Memory - 256GB SSD - Silver,,,,Samsung,laptop,New,NP754XHD-KB2US,899.99,False,
6663836,"Acer - TravelMate P4 P416-41 16"" Laptop - AMD Ryzen 5 PRO with 16GB Memory - 512 GB SSD - Slate Blue",,,,Acer,laptop,New,NX.VUXAA.001,1059.99,False,
6663943,"HP - 645 G9 14"" Refurbished Laptop - AMD Ryzen 5 Pro 5675U with 16GB RAM - AMD Radeon Graphics - 256GB SSD - Silver",,,,HP,laptop,Refurbished,ELITEBOOK 645 G9,412.99,False,
6663944,"HP - 840 G9 14"" Refurbished Laptop - Intel 12th Gen i7-1265U with 32GB RAM - Intel UHD Graphics - 2TB SSD - Silver",,,,HP,laptop,Refurbished,ELITEBOOK 840 G9,980.99,False,
6663945,"HP - 645 G10 14"" Refurbished Laptop - AMD Ryzen 5 Pro 7530U with 32GB RAM - AMD Radeon Graphics - 512GB SSD - Silver",,,,HP,laptop,Refurbished,ELITEBOOK 645 G10,559.99,False,
6663946,"HP - Firefly 14 G7 14"" Refurbished Laptop - Intel 10th Gen i5-10210U with 32GB RAM - Intel UHD Graphics - 512GB SSD - Gray",,,,HP,laptop,Refurbished,ZBOOK FIREFLY 14 G7,548.99,False,
6663947,"HP - 645 G9 14"" Refurbished Laptop - AMD Ryzen 7 Pro 5875U with 32GB RAM - AMD Radeon Graphics - 1TB SSD - Silver",,,,HP,laptop,Refurbished,ELITEBOOK 645 G9,582.99,False,
6663948,"Lenovo - T14S G2 14"" Refurbished Laptop - Intel 11th Gen i7-1185G7 with 16GB RAM - Intel UHD Graphics - 512GB NVMe - Dark Gray",,,,Lenovo,laptop,Refurbished,THINKPAD T14S G2,628.99,False,
6663949,"HP - 840 G8 14"" Refurbished Laptop - Intel 11th Gen i7-1165G7 with 16GB RAM - Intel UHD Graphics - 512GB NVMe - Silver",,,,HP,laptop,Refurbished,ELITEBOOK 840 G8,662.99,False,
6663950,"HP - Firefly 14 G9 14"" Refurbished Laptop - Intel 12th Gen i5-1250P with 32GB RAM - Intel UHD Graphics - 512GB SSD - Silver",,,,HP,laptop,Refurbished,ZBOOK FIREFLY 14 G9,719.99,False,
6663952,"HP - 645 G9 14"" Refurbished Laptop - AMD Ryzen 5 Pro 5675U with 32GB RAM - AMD Radeon Graphics - 512GB SSD - Silver",,,,HP,laptop,Refurbished,ELITEBOOK 645 G9,499.99,False,
6663953,"HP - 630 G11 13.3"" Refurbished Laptop - Intel 12th Gen Ultra 7-165U with 32GB RAM - Intel UHD Graphics - 1TB SSD - Silver",,,,HP,laptop,Refurbished,ELITEBOOK 630 G11,1207.99,False,
6663954,"HP - 850 G8 15.6"" Refurbished Laptop - Intel 11th Gen i7-1185G7 with 32GB RAM - Intel UHD Graphics - 2TB NVMe - Silver",,,,HP,laptop,Refurbished,ELITEBOOK 850 G8,923.99,False,
6663955,"Dell - Latitude 5450 14"" Refurbished Laptop - Intel 12th Gen Ultra 7-165U with 32GB RAM - Intel UHD Graphics - 1TB SSD - Dark Gray",,,,Dell,laptop,Refurbished,LATITUDE 5450,1199.99,False,
6598923,Apple - Geek Squad Certified Refurbished MacBook Air 15-inch Laptop - M3 chip - 8GB Memory - 512GB SSD - Midnight,5.0,3.0,False,Apple,laptop,Refurbished,TI-GSRF MRYV3LL/A,899.99,False,
6598924,Apple - Geek Squad Certified Refurbished MacBook Air 15-inch Laptop - M3 chip - 16GB Memory - 512GB SSD - Space Gray,3.7,3.0,False,Apple,laptop,Refurbished,TI-GSRF MXD13LL/A,1099.99,False,
6598925,Apple - Geek Squad Certified Refurbished MacBook Air 15-inch Laptop - M3 chip - 16GB Memory - 512GB SSD - Silver,3.7,3.0,False,Apple,laptop,Refurbished,TI-GSRF MXD23LL/A,1049.99,False,
6598926,Apple - Geek Squad Certified Refurbished MacBook Air 15-inch Laptop - M3 chip - 16GB Memory - 512GB SSD - Starlight,3.0,2.0,False,Apple,laptop,Refurbished,TI-GSRF MXD33LL/A,1169.99,False,
6598927,Apple - Geek Squad Certified Refurbished MacBook Air 15-inch Laptop - M3 chip - 16GB Memory - 512GB SSD - Midnight,3.0,2.0,False,Apple,laptop,Refurbished,TI-GSRF MXD43LL/A,899.99,False,
6598928,Apple - Geek Squad Certified Refurbished MacBook Pro 14-inch Laptop M3 chip - 16GB Memory - 1TB SSD - Space Gray,5.0,1.0,False,Apple,laptop,Refurbished,TI-GSRF MXE03LL/A,1449.99,False,
6599181,"Dell - 5420 14"" Refurbished Laptop - Intel 11th Gen Core i5 with 16GB Memory - Intel Iris Xe Graphics - 256GB SSD - Black",5.0,2.0,False,Dell,laptop,Refurbished,5420,484.99,False,
6599182,"Dell - Precision 7550 15.6"" Refurbished Laptop - Intel 10th Gen Core i7 with 64GB Memory - NVIDIA Quadro T1000 4GB - 2TB SSD - Black",4.0,3.0,False,Dell,laptop,Refurbished,PRECISION 7550,1083.9,False,
6599184,"HP - 850 G6 15.6"" Refurbished Laptop - Intel 8th Gen Core i5 with 32GB Memory - Intel Iris Xe Graphics - 1TB SSD - Silver",4.5,4.0,False,HP,laptop,Refurbished,850 G6,559.99,False,
6599188,"Dell - 5510 15.6"" Refurbished Laptop - Intel 10th Gen Core i5 with 16GB Memory - Intel Iris Xe Graphics - 512GB SSD - Black",,,,Dell,laptop,Refurbished,5510,586.99,False,
6599192,"Dell - 5520 15.6"" Refurbished Laptop - Intel 11th Gen Core i5 with 16GB Memory - Intel Iris Xe Graphics - 512GB SSD - Black",,,,Dell,laptop,Refurbished,5520,589.65,False,
6599193,"Dell - 5410 14"" Refurbished Laptop - Intel 10th Gen Core i5 with 32GB Memory - Intel UHD Graphics - 512GB SSD - Black",,,,Dell,laptop,Refurbished,5410,474.71,False,
6599195,"HP - ZBook Studio G7 15.6"" Refurbished Laptop - Intel 10th Gen Core i7 with 32GB Memory - NVIDIA Quadro T1000 4GB - 1TB SSD - Gray",4.4,7.0,False,HP,laptop,Refurbished,ZBOOK STUDIO G7,744.71,False,
6599196,"HP - ZBook Firefly 15 G7 15.6"" Refurbished Laptop - Intel 10th Gen Core i7 with 32GB Memory - Intel UHD Graphics - 1TB SSD - Gray",4.4,8.0,False,HP,laptop,Refurbished,ZBOOK FIREFLY 15 G7,712.99,False,
6600312,"HP - OMEN Transcend 16"" WUXGA Gaming Laptop - Intel Core i7-13700HX - 16GB Memory - NVIDIA GeForce RTX 4060 - 1TB SSD - Shadow Black",,,,HP,laptop,New,16-U0010NR,1799.99,False,
6600314,"HP OMEN - OMEN 17.3-inch Gaming Laptop PC 17-db0010nr - Shadow Black, Chrome, Dual Color",4.0,4.0,False,HP OMEN,laptop,New,17-DB0010NR,1769.99,False,
6600315,"HP - Pavilion 16"" WUXGA Touch-Screen Laptop - Intel Core Ultra 5 125U - 8GB Memory Intel Graphics 512GB SSD Windows 11 Home - Natural Silver",5.0,1.0,False,HP,laptop,New,16-AF0010NR,829.99,False,
6600317,"HP - 15.6"" HD Touch-Screen Laptop - Intel Processor N200 - 4GB Memory - AMD Radeon Graphics - 256GB SSD - Windows 11 Home - Warm Gold",4.0,9.0,False,HP,laptop,New,15-FD0373NR,469.99,False,
6600320,"HP - Pavilion 16"" WUXGA Touch-Screen Laptop - AMD Ryzen 5 8540U - 8GB Memory -AMD Radeon Graphics- 512GB SSD Windows 11 Home - Sky Blue",1.7,3.0,False,HP,laptop,New,16-AG0010NR,849.99,False,
6600335,"Lenovo - ThinkPad P14s Gen 5 14"" Laptop - Intel Ultra 7 with 32GB Memory - 1TB SSD - Black",5.0,4.0,False,Lenovo,laptop,New,21G2001VUS,1879.99,False,
6600429,"Dell - Latitude 7000 14"" IPS LCD QHD+ Touch Screen Laptop - Qualcomm Snapdragon X Elite with 16GB Memory - 512GB SSD - Gray",,,,Dell,laptop,New,YFK76,1499.99,False,
6600437,"Dell - Latitude 5000 15.6"" Laptop - Intel Core Ultra 7 with 16GB Memory - 512 GB SSD - Silver",,,,Dell,laptop,New,VFR3R,1439.99,False,
6600441,"Dell - Latitude 7000 14"" IPS LCD 2560 x 1600 (QHD+) Touch Screen Laptop - Snapdragon X Elite with 32GB Memory - 512GB SDD - Titan Gray, Gray",,,,Dell,laptop,New,VYP9M,899.99,False,
6600444,"Dell - Latitude 7000 14"" IPS LCD 2560 x 1600 (QHD+) Touch Screen Laptop - Snapdragon X Plus with 16GB Memory - 512GB SDD - Titan Gray, Gray",,,,Dell,laptop,New,DV9KG,1369.99,False,
6601499,"HP - ProBook 440 G11 14"" IPS 1920 x 1200 (WUXGA) Touch Screen Laptop - Intel Core Ultra 7 with 16GB Memory - 512 GB SSD - Pike Silver, Silver",,,,HP,laptop,New,A1LC4UT#ABA,1259.99,False,
6601502,"HP - ProBook 465 G11 16"" IPS 1920 x 1200 (WUXGA) Laptop - AMD Ryzen 7 with 16GB Memory - 512 GB SSD - Pike Silver Aluminum, Gray",5.0,1.0,False,HP,laptop,New,A1RM8UT#ABA,829.99,False,
6601663,Apple - Geek Squad Certified Refurbished MacBook Pro 14-inch Laptop M3 chip Built for Apple Intelligence - 16GB Memory - 1TB SSD - Silver,,,,Apple,laptop,Refurbished,TI-GSRF MXE13LL/A,1599.99,False,
6601706,"HP - OmniBook Ultra Flip 2-in-1 - Copilot+ PC - 14"" 3K OLED Touch-Screen Laptop - Intel Core Ultra 9 - 32G Memory - 2TB SSD - Eclipse Gray",4.5,55.0,True,HP,laptop,New,14-FH0033DX/AW5Z6UA#ABA,1399.99,False,
6602286,"ASUS - Zenbook S 14 14"" 3K OLED Touch Laptop - Copilot+ PC - Intel Core Ultra 7 Series 2 with 32GB Memory - 1TB SSD - Scandinavian White",4.6,25.0,True,ASUS,laptop,New,UX5406SA-PH79T,1599.99,False,
6602739,Apple - MacBook Pro 14-inch Laptop - Apple M4 chip Built for Apple Intelligence - 24GB Memory - 1TB SSD - Space Black,4.9,266.0,True,Apple,laptop,New,MCX04LL/A,1799.0,False,
6602740,Apple - MacBook Pro 14-inch Laptop - Apple M4 chip Built for Apple Intelligence - 24GB Memory - 1TB SSD - Silver,4.9,266.0,True,Apple,laptop,New,MCX14LL/A,1799.0,False,
6602741,Apple - MacBook Pro 14-inch Laptop - Apple M4 chip Built for Apple Intelligence - 16GB Memory - 512GB SSD - Space Black,4.9,1881.0,True,Apple,laptop,New,MW2U3LL/A,1399.0,False,
6602742,Apple - MacBook Pro 14-inch Laptop - Apple M4 chip Built for Apple Intelligence - 16GB Memory - 1TB SSD - Space Black,4.9,287.0,True,Apple,laptop,New,MW2V3LL/A,1599.0,False,
6602743,Apple - MacBook Pro 14-inch Laptop - Apple M4 chip Built for Apple Intelligence - 16GB Memory - 512GB SSD - Silver,4.9,1881.0,True,Apple,laptop,New,MW2W3LL/A,1399.0,False,
6602744,Apple - MacBook Pro 14-inch Laptop - Apple M4 chip Built for Apple Intelligence - 16GB Memory - 1TB SSD - Silver,4.9,287.0,True,Apple,laptop,New,MW2X3LL/A,1599.0,False,
6602745,Apple - MacBook Pro 14-inch Laptop - Apple M4 Pro chip Built for Apple Intelligence - 24GB Memory - 512GB SSD - Silver,4.9,1023.0,True,Apple,laptop,New,MX2E3LL/A,1999.0,False,
6602746,Apple - MacBook Pro 14-inch Laptop - Apple M4 Pro chip Built for Apple Intelligence - 24GB Memory - 1TB SSD - Silver,4.9,466.0,True,Apple,laptop,New,MX2F3LL/A,2399.0,False,
6602747,Apple - MacBook Pro 14-inch Laptop - Apple M4 Max chip Built for Apple Intelligence - 36GB Memory - 1TB SSD - Silver,4.8,115.0,True,Apple,laptop,New,MX2G3LL/A,3199.0,False,
6602748,Apple - MacBook Pro 14-inch Laptop - Apple M4 Pro chip Built for Apple Intelligence - 24GB Memory - 512GB SSD - Space Black,4.9,1023.0,True,Apple,laptop,New,MX2H3LL/A,1999.0,False,
6602749,Apple - MacBook Pro 14-inch Laptop - Apple M4 Pro chip Built for Apple Intelligence - 24GB Memory - 1TB SSD - Space Black,4.9,466.0,True,Apple,laptop,New,MX2J3LL/A,2399.0,False,
6602750,Apple - MacBook Pro 14-inch Laptop - Apple M4 Max chip Built for Apple Intelligence - 36GB Memory - 1TB SSD - Space Black,4.8,115.0,True,Apple,laptop,New,MX2K3LL/A,3199.0,False,
6602751,Apple - MacBook Pro 16-inch Laptop - Apple M4 Pro chip Built for Apple Intelligence - 24GB Memory - 512GB SSD - Silver,4.8,499.0,True,Apple,laptop,New,MX2T3LL/A,2499.0,False,
6602752,Apple - MacBook Pro 16-inch Laptop - Apple M4 Pro chip Built for Apple Intelligence - 48GB Memory - 512GB SSD - Silver,4.7,196.0,True,Apple,laptop,New,MX2U3LL/A,2899.0,False,
6602753,Apple - MacBook Pro 16-inch Laptop - Apple M4 Max chip Built for Apple Intelligence - 36GB Memory - 1TB SSD - Silver,4.8,169.0,True,Apple,laptop,New,MX2V3LL/A,3499.0,False,
6602754,Apple - MacBook Pro 16-inch Laptop - Apple M4 Max chip Built for Apple Intelligence - 48GB Memory - 1TB SSD - Silver,4.9,165.0,True,Apple,laptop,New,MX2W3LL/A,3999.0,False,
6602755,Apple - MacBook Pro 16-inch Laptop - Apple M4 Pro chip Built for Apple Intelligence - 24GB Memory - 512GB SSD - Space Black,4.8,499.0,True,Apple,laptop,New,MX2X3LL/A,2499.0,False,
6602756,Apple - MacBook Pro 16-inch Laptop - Apple M4 Pro chip Built for Apple Intelligence - 48GB Memory - 512GB SSD - Space Black,4.8,174.0,True,Apple,laptop,New,MX2Y3LL/A,2899.0,False,
6602757,Apple - MacBook Pro 16-inch Laptop - Apple M4 Max chip Built for Apple Intelligence - 36GB Memory - 1TB SSD - Space Black,4.8,169.0,True,Apple,laptop,New,MX303LL/A,3499.0,False,
6602758,Apple - MacBook Pro 16-inch Laptop - Apple M4 Max chip Built for Apple Intelligence - 48GB Memory - 1TB SSD - Space Black,4.9,165.0,True,Apple,laptop,New,MX313LL/A,3999.0,False,
6602761,Apple - MacBook Air 13-inch Laptop - Apple M2 chip Built for Apple Intelligence - 16GB Memory - 256GB SSD - Silver,4.9,2474.0,True,Apple,laptop,New,MC7V4LL/A,679.99,False,
6602762,Apple - MacBook Air 13-inch Laptop - Apple M2 chip Built for Apple Intelligence - 16GB Memory - 256GB SSD - Starlight,4.9,2474.0,True,Apple,laptop,New,MC7W4LL/A,799.0,False,
6602763,Apple - MacBook Air 13-inch Laptop - Apple M2 chip Built for Apple Intelligence - 16GB Memory - 256GB SSD - Midnight,4.9,2474.0,True,Apple,laptop,New,MC7X4LL/A,799.0,False,
6602767,Apple - MacBook Air 13-inch Laptop - Apple M3 chip Built for Apple Intelligence - 16GB Memory - 256GB SSD - Midnight,4.9,1562.0,True,Apple,laptop,New,MC8K4LL/A,737.99,False,
6602770,Apple - MacBook Air 13-inch Laptop - Apple M3 chip Built for Apple Intelligence - 24GB Memory - 512GB SSD - Silver,4.9,137.0,True,Apple,laptop,New,MC8N4LL/A,1093.99,False,
6602771,Apple - MacBook Air 13-inch Laptop - Apple M3 chip Built for Apple Intelligence - 24GB Memory - 512GB SSD - Starlight,4.9,137.0,True,Apple,laptop,New,MC8P4LL/A,1104.99,False,
6602775,Apple - MacBook Air 15-inch Laptop - Apple M3 chip Built for Apple Intelligence - 16GB Memory - 256GB SSD - Starlight,4.9,729.0,True,Apple,laptop,New,MC9F4LL/A,901.99,False,
6602778,Apple - MacBook Air 15-inch Laptop - Apple M3 chip Built for Apple Intelligence - 24GB Memory - 512GB SSD - Space Gray,4.9,138.0,True,Apple,laptop,New,MC9H4LL/A,1124.99,False,
6602779,Apple - MacBook Air 15-inch Laptop - Apple M3 chip Built for Apple Intelligence - 24GB Memory - 512GB SSD - Silver,4.9,138.0,True,Apple,laptop,New,MC9J4LL/A,1124.99,False,
6602780,Apple - MacBook Air 15-inch Laptop - Apple M3 chip Built for Apple Intelligence - 24GB Memory - 512GB SSD - Starlight,4.9,138.0,True,Apple,laptop,New,MC9K4LL/A,1124.99,False,
6602781,Apple - MacBook Air 15-inch Laptop - Apple M3 chip Built for Apple Intelligence - 24GB Memory - 512GB SSD - Midnight,4.9,138.0,True,Apple,laptop,New,MC9L4LL/A,1499.0,False,
6603396,Lenovo - Yoga Slim 7i Aura Edition - Copilot+ PC - 15.3” 3K 120Hz Touchscreen Laptop - Intel Core Ultra 7 - 32GB Memory - 1TB SSD - Luna Grey,4.7,148.0,True,Lenovo,laptop,New,83HM002WUS,1449.99,False,
6603397,"Lenovo - Yoga Slim 7x - Copilot+ PC - 14.5"" 3K 90Hz OLED Touch-Screen Laptop - Snapdragon X Elite - 32GB Memory - 1TB SSD - Cosmic Blue",4.4,16.0,False,Lenovo,laptop,New,83ED004WUS,1449.99,False,
6603653,ASUS - ExpertBook P5 2.5K Laptop - Copilot+ PC - Intel Core Ultra 7 258V with 32GB Memory - 1TB SSD - Misty Grey,3.0,1.0,False,ASUS,laptop,New,P5405CSA-DH76,1399.99,False,
6603654,ASUS - ExpertBook P5 2.5K Laptop - Copilot+ PC - Intel Core Ultra 5 226V with 16GB Memory - 512GB SSD - Misty Grey,,,,ASUS,laptop,New,P5405CSA-DH54,1199.99,False,
6604757,"MSI - Prestige A16 AI+ - Copilot+ PC- 16"" QHD+ Laptop - AMD Ryzen AI 9-365 -Radeon Graphics with 32GB Memory -1TB SSD - Urban Silver",,,,MSI,laptop,New,PREA16A3H016,1170.99,False,
6604762,"MSI - Summit 13 AI+ -Copilot+ PC- Evo 13.3"" 2-in-1 Touch Laptop - Ultra 7-258V – Intel ARC Graphics with 32GB Memory – 1TB SSD - Ink Black",,,,MSI,laptop,New,SUM13A2012,1349.99,False,
6605253,"ASUS - Chromebook CX1 14"" FHD Laptop - Intel Celeron N4500 with 8GB - 64GB eMMC - Transparent Silver",,,,ASUS,laptop,New,CX1400CKA-DS84F,366.99,False,
6605372,"Acer - Swift X 14 AI Ready Laptop – 14.5"" OLED – Intel Core Ultra 7 – 16GB RAM - NVIDIA GeForce RTX 4060 – 1TB SSD - Steel Gray",1.0,1.0,False,Acer,laptop,New,SFX14-72G-77NJ,1499.99,False,
6605376,"Dell - Precision 5000 16"" IPS 1920 x 1200 (Full HD Plus) Laptop - Intel Core Ultra 7 with 32GB Memory - 512 GB SSD - Anodized Titan Gray, Gray",1.0,1.0,False,Dell,laptop,New,58JKH,2399.99,False,
6607903,"Acer - Chromebook Spin 312 2-in-1 Laptop – 12.2"" WUXGA Touch - Intel Core i3-N305 – 8GB LPDDR5 – 128GB eMMC - Sparkly Silver",4.3,23.0,False,Acer,laptop,New,CP312-1HN-34Z7,299.0,False,
6608165,"Lenovo - ThinkPad P14s Gen 5 14"" Laptop - Intel Ultra 5 with 16GB Memory - 512GB SSD - Black",5.0,1.0,False,Lenovo,laptop,New,21G2001UUS,1299.99,False,
6608167,"Lenovo - ThinkPad P16s Gen 3 16"" Laptop - Intel Ultra 7 with 32GB Memory - 1TB SSD - Black",,,,Lenovo,laptop,New,21KS0027US,2149.99,False,
6608169,"Lenovo - ThinkPad P14s Gen 5 14"" Touch - Screen Laptop - Intel Ultra 7 with 16GB Memory - 512GB SSD - Black",5.0,1.0,False,Lenovo,laptop,New,21G20022US,1629.99,False,
6609085,"ASUS - CX14 14"" FHD Chromebook Laptop - Intel Celeron - 4GB Memory - 64GB eMMC - Misty Grey",4.6,183.0,True,ASUS,laptop,New,CX1405CKA-CL464,129.0,False,
6609086,"ASUS - CX14 14"" FHD Chromebook Plus Laptop with Google AI - Intel Core 3 - 8GB Memory - 128GB eMMC - Misty Grey",4.5,80.0,False,ASUS,laptop,New,CX1405CTA-I38128,249.0,False,
6609087,"ASUS - CX34 14"" FHD Chromebook Plus Laptop with Google AI - Intel Core i5 - 8GB Memory - 128GB SSD - Rock Grey",4.8,44.0,True,ASUS,laptop,New,CX3402CVA-I5128GR,449.0,False,
6609089,"ASUS - ExpertBook CX54 14"" 2K Chromebook Plus Laptop with Google AI - Intel Core Ultra 5 - 16GB Memory - 256GB SSD - Fog Silver",4.6,53.0,True,ASUS,laptop,New,CX5403CMA-U516256,799.99,False,
6610570,"Dell - Inspiron - 15.6"" 2K Touchscreen Laptop - Intel Core i5 1334U 2023 - 8GB Memory - 512GB Storage - Carbon Black",4.6,457.0,True,Dell,laptop,New,I3530-5623BLK-PUS,422.99,False,
6610571,"Dell - Inspiron - 15.6"" 2K Touchscreen Laptop - Intel Core i7 1355U 2023 - 16GB Memory - 1TB Storage - Carbon Black",4.7,239.0,True,Dell,laptop,New,I3530-7728BLK-PUS,599.99,False,
6610629,"Dell - Inspiron - 15.6"" 2K Touchscreen Laptop - AMD Ryzen 7 7730U 2023 - 16GB Memory - 1TB Storage - Carbon Black",4.6,498.0,True,Dell,laptop,New,I3535-A735BLK-PUS,799.99,False,
6610889,"Lenovo - IdeaPad Slim 3 15.6"" Full HD Touchscreen Laptop - AMD Ryzen 7 5825U - 16GB Memory - 512GB SSD - Arctic Grey",4.8,1062.0,True,Lenovo,laptop,New,82XM00LMUS,749.99,False,
6610890,"Lenovo - Ideapad 1i 15.6"" Full HD Touchscreen Laptop - Intel Core i5-1334U - 16GB Memory - 512GB SSD - Abyss Blue",4.7,365.0,True,Lenovo,laptop,New,83B40001US,399.99,False,
6610891,"Lenovo - IdeaPad Slim 3i 15.6"" Full HD Laptop - Intel Core i3-N305 - 8GB Memory - 128GB UFS - Arctic Grey",4.7,319.0,True,Lenovo,laptop,New,82XB00C2US,449.99,False,
6610894,"Lenovo - IdeaPad 1 15.6"" Full HD Touchscreen Laptop - AMD Ryzen 5 7520U - 8GB Memory - 256GB SSD - Abyss Blue",4.7,940.0,True,Lenovo,laptop,New,82VG00TYUS,550.99,False,
6610895,"Lenovo - Ideapad 1 15.6"" HD Laptop - Intel Celeron N4500 - 4GB Memory - 128GB eMMC - Cloud Grey",4.3,199.0,False,Lenovo,laptop,New,82LX00DGUS,199.99,False,
6610990,"LG - gram SuperSlim 15.6"" Laptop - Intel Evo Platform Intel Core Ultra 7 - 16GB RAM - 512GB SSD - Neptune Blue",5.0,4.0,False,LG,laptop,New,15Z90ST-G.AAB5U1,1599.99,False,
6611752,Apple - Refurbished MacBook Air 13-inch Apple M3 chip Built for Apple Intelligence - 24GB Memory - 512GB SSD - Starlight,,,,Apple,laptop,Refurbished,TI-GSRF MC8P4LL/A,1049.99,False,
6611766,Apple - Geek Squad Certified Refurbished MacBook Pro 16-in. Apple M4 Pro chip Built for Apple Intelligence-24GB Memory-512GB SSD - Space Black,,,,Apple,laptop,Refurbished,GSRF MX2X3LL/A,1899.99,False,
6611774,Apple - Refurbished MacBook Air 13-inch Apple M3 chip Built for Apple Intelligence - 24GB Memory - 512GB SSD - Midnight,,,,Apple,laptop,Refurbished,TI-GSRF MC8Q4LL/A,1049.99,False,
6611776,Apple - Geek Squad Certified Refurbished MacBook Air 15-inch Apple M3 chip Built for Apple Intelligence- 16GB Memory - 256GB SSD - Space Gray,5.0,1.0,False,Apple,laptop,Refurbished,TI-GSRF MC9D4LL/A,999.99,False,
6611777,Apple - Geek Squad Certified Refurbished MacBook Air 15-inch Apple M3 chip Built for Apple Intelligence- 16GB Memory - 256GB SSD - Silver,5.0,1.0,False,Apple,laptop,Refurbished,TI-GSRF MC9E4LL/A,999.99,False,
6611778,Apple - Geek Squad Certified Refurbished MacBook Air 15-inch Apple M3 chip Built for Apple Intelligence- 16GB Memory - 256GB SSD - Starlight,5.0,1.0,False,Apple,laptop,Refurbished,TI-GSRF MC9F4LL/A,999.99,False,
6611779,Apple - Geek Squad Certified Refurbished MacBook Air 15-inch Apple M3 chip Built for Apple Intelligence- 16GB Memory - 256GB SSD - Midnight,5.0,1.0,False,Apple,laptop,Refurbished,TI-GSRF MC9G4LL/A,899.99,False,
6611780,Apple - Refurbished MacBook Air 15-inch Apple M3 chip Built for Apple Intelligence - 24GB Memory - 512GB SSD - Space Gray,,,,Apple,laptop,Refurbished,TI-GSRF MC9H4LL/A,1299.99,False,
6611781,Apple - Refurbished MacBook Air 15-inch Apple M3 chip Built for Apple Intelligence - 24GB Memory - 512GB SSD - Silver,,,,Apple,laptop,Refurbished,TI-GSRF MC9J4LL/A,1299.99,False,
6611783,Apple - Refurbished MacBook Air 15-inch Apple M3 chip Built for Apple Intelligence - 24GB Memory - 512GB SSD - Starlight,,,,Apple,laptop,Refurbished,TI-GSRF MC9K4LL/A,1299.99,False,
6611784,Apple - Refurbished MacBook Air 15-inch Apple M3 chip Built for Apple Intelligence - 24GB Memory - 512GB SSD - Midnight,,,,Apple,laptop,Refurbished,TI-GSRF MC9L4LL/A,1299.99,False,
6611836,Apple - Geek Squad Certified Refurbished MacBook Air 13-inch Apple M2 chip Built for Apple Intelligence- 16GB Memory - 256GB SSD - Silver,4.5,11.0,False,Apple,laptop,Refurbished,TI-GSRF MC7V4LL/A,719.99,False,
6612035,Apple - Geek Squad Certified Refurbished MacBook Pro 14-inch Apple M4 chip Built for Apple Intelligence- 16GB Memory - 512GB SSD - Space Black,,,,Apple,laptop,Refurbished,GSRF MW2U3LL/A,1249.99,False,
6612037,Apple - Geek Squad Certified Refurbished MacBook Pro 14-inch Apple M4 chip Built for Apple Intelligence- 16GB Memory - 512GB SSD - Silver,,,,Apple,laptop,Refurbished,GSRF MW2W3LL/A,1049.99,False,
6582538,"Lenovo - Yoga Slim 7x - Copilot+ PC - 14.5"" 3K 90Hz OLED Touch-Screen Laptop - Snapdragon X Elite - 16GB Memory - 512GB SSD - Cosmic Blue",4.5,550.0,True,Lenovo,laptop,New,83ED0001US,1299.99,False,
6583260,"Acer - Chromebook Spin 512 R856TN 2-in-1 12"" Touch Screen Laptop - Intel with 8GB Memory - 64 GB eMMC - Shale Black, Black",,,,Acer,laptop,New,NXKE4AA002,529.99,False,
6583788,"Samsung - Galaxy Book4 Edge - Copilot+ PC - 16"" AMOLED Touch-Screen Laptop - Snapdragon X Elite 3.4Ghz- 16GB Memory- 512GB Storage - Sapphire Blue",4.5,282.0,False,Samsung,laptop,New,NP960XMA-KB1US,899.99,False,
6583789,"Samsung - Galaxy Book4 Edge - Copilot+ PC - 14"" AMOLED Touch-Screen Laptop - Snapdragon X Elite 3.4Ghz- 16GB Memory- 512GB Storage - Sapphire Blue",4.4,216.0,False,Samsung,laptop,New,NP940XMA-KB1US,899.99,False,
6583971,"HP - 17-CN0276NR Intel Pentium N6000, 8GB DDR4, 512GB SSD 17.3"" HD+ Laptop - Silver",4.4,7.0,False,HP,laptop,New,9R0P4UA#ABA,579.99,False,
6583986,"Apple - Geek Squad Certified Refurbished MacBook Air 15"" Laptop - M2 chip - 16GB Memory - 1TB SSD - Space Gray",2.3,3.0,False,Apple,laptop,Refurbished,TI-GSRF MQTK3LL/A,999.99,False,
6583991,"Apple - Geek Squad Certified Refurbished MacBook Air 15"" Laptop - M2 chip - 16GB Memory - 1TB SSD - Starlight",,,,Apple,laptop,Refurbished,TI-GSRF MQTL3LL/A,1499.99,False,
6584127,"Dell - XPS - Copilot+ PC - 13.4"" 3K OLED Touchscreen Laptop - Snapdragon X Elite X1E-80 - 16GB Memory - 512GB Storage - Graphite",4.4,187.0,False,Dell,laptop,New,XPS9345-SX12807BLK-PUS,1499.99,False,
6584131,"Dell - Inspiron 14 Plus Copilot+ PC - 14"" 2.5K Touchscreen Laptop - Snapdragon X Plus X1P-64 2024 - 16GB Memory - 512GB Storage - Ice Blue",4.5,157.0,True,Dell,laptop,New,I7441-SX10838BLU-PUS,999.99,False,
6584275,"Apple - Geek Squad Certified Refurbished MacBook Air 15"" Laptop - M2 chip - 16GB Memory - 1TB SSD - Midnight",2.3,3.0,False,Apple,laptop,Refurbished,TI-GSRF MQTM3LL/A,949.99,False,
6584279,"Geek Squad Certified Refurbished MacBook Pro 13.3"" Laptop - Apple M2 chip - 24GB Memory - 1TB SSD - Space Gray",5.0,1.0,False,Apple,laptop,Refurbished,TI-GSRF MNEW3LL/A,1699.99,False,
6584349,"HP - ProBook 465 G11 16"" IPS 1920 x 1200 (WUXGA) Laptop - AMD Ryzen 5 with 16GB Memory - 256 GB SSD - Silver",5.0,1.0,False,HP,laptop,New,A1RM7UT#ABA,856.99,False,
6584435,ASUS - Zenbook S 16 16” 3K OLED Touch Screen Laptop - Copilot+ PC - AMD Ryzen AI 9 365 - 24GB Memory - 1TB SSD - Scandinavian White,4.2,377.0,False,ASUS,laptop,New,UM5606WA-S16.R3651TB,1499.99,False,
6584436,"ASUS - ProArt PX13 13"" 3K OLED Touch Screen Laptop - Copilot+ PC - AMD Ryzen AI 9 HX 370 - 32GB Memory - RTX 4050 - 1TB SSD - Nano Black",4.4,299.0,False,ASUS,laptop,New,HN7306WU-PX13.R3704050,1799.99,False,
6584438,"ASUS - ProArt P16 16"" 4K OLED Touch Screen Laptop - Copilot+ PC - AMD Ryzen AI 9 HX 370 - 32GB Memory - RTX 4060 - 1TB SSD - Nano Black",4.2,384.0,False,ASUS,laptop,New,H7606WV-P16.R3704060,1999.99,False,
6584559,"Dell - Latitude 5400 14"" Refurbished Laptop - Intel 8th Gen Core i5 with 32GB Memory - Intel UHD Graphics 620 - 1TB SSD - Black",5.0,1.0,False,Dell,laptop,Refurbished,5400,479.0,False,
6584562,"Dell - Latitude 7400 14"" Refurbished Laptop - Intel 8th Gen Core i5 with 32GB Memory - Intel UHD Graphics 620 - 512GB SSD - Black",,,,Dell,laptop,Refurbished,7400,438.82,False,
6584564,"Dell - Latitude 7400 14"" Refurbished Laptop - Intel 8th Gen Core i7 with 32GB Memory - Intel UHD Graphics 620 - 512GB SSD - Black",5.0,1.0,False,Dell,laptop,Refurbished,7400,556.47,False,
6584565,"HP - EliteBook 850 G6 15.6"" Refurbished Laptop - Intel 8th Gen Core i5 with 16GB Memory - Intel UHD Graphics 620 - 512GB SSD - Silver",5.0,2.0,False,HP,laptop,Refurbished,850 G6,514.77,False,
6584566,"Dell - Latitude 5490 14"" Refurbished Laptop - Intel 8th Gen Core i5 with 16GB Memory - Intel UHD Graphics 620 - 256GB SSD - Black",,,,Dell,laptop,Refurbished,5490,378.4,False,
6585178,"ASUS - ProArt PZ13 13"" OLED 3K Detachable Laptop - Copilot+ PC - Snapdragon X Plus - 16GB Memory - 1TB SSD - Nano Black",4.2,135.0,False,ASUS,laptop,New,HT5306QA-PZ13.X1P1TB,1049.99,False,
6585501,"Acer - Swift 14 AI - Copilot+ PC - 14.5"" 2.5K 120Hz Touch-Screen – Snapdragon X Elite – 16GB Memory – 1TB SSD - Steel Gray",4.6,49.0,True,Acer,laptop,New,SF14-11T-X3RZ,1199.99,False,
6586063,"Dell - XPS 13 - Copilot+ PC - 13.4"" 3K OLED Touchscreen Laptop - Snapdragon X Elite X1E-80-100 2024 - 32GB Memory – 1TB Storage - Graphite",4.4,57.0,False,Dell,laptop,New,XPS9345-SX12784BLK-PUS,1899.99,False,
6586570,"HP - 840 G8 14"" Refurbished Laptop - Intel 11th Gen Core i7 with 32GB Memory - Intel Iris Xe Graphics - 1TB SSD - Silver",5.0,1.0,False,HP,laptop,Refurbished,840 G8,746.99,False,
6586571,"HP - 840 G7 14"" Refurbished Laptop - Intel 10th Gen Core i7 with 32GB Memory - Intel UHD Graphics - 1TB SSD - Silver",,,,HP,laptop,Refurbished,840 G7,792.99,False,
6586572,"HP - ZBook Firefly 15 G7 15.6"" Refurbished Laptop - Intel 10th Gen Core i7 with 32GB Memory - Intel UHD Graphics - 1TB SSD - Gray",4.7,3.0,False,HP,laptop,Refurbished,ZBOOK FIREFLY 15 G7,759.99,False,
6586574,"HP - 850 G7 15.6"" Refurbished Laptop - Intel 10th Gen Core i5 with 16GB Memory - Intel UHD Graphics - 512GB SSD - Silver",,,,HP,laptop,Refurbished,850 G7,609.99,False,
6586577,"HP - 840 G9 14"" Refurbished Laptop - Intel 12th Gen Core i5 with 16GB Memory - Intel Iris Xe Graphics - 512GB SSD - Silver",,,,HP,laptop,Refurbished,840 G9,750.57,False,
6586579,"HP - 830 G8 13.3"" Refurbished Laptop - Intel 11th Gen Core i7 with 32GB Memory - Intel Iris Xe Graphics - 1TB SSD - Silver",5.0,4.0,False,HP,laptop,Refurbished,830 G8,639.99,False,
6586580,"HP - 630 G10 13.3"" Refurbished Laptop - Intel 13th Gen Core i7 with 32GB Memory - Intel Iris Xe Graphics - 512GB SSD - Silver",5.0,2.0,False,HP,laptop,Refurbished,630 G10,906.99,False,
6586612,"HP - 830 G8 13.3"" Refurbished Laptop - Intel 11th Gen Core i5 with 16GB Memory - Intel Iris Xe Graphics - 512GB SSD - Silver",5.0,1.0,False,HP,laptop,Refurbished,830 G8,529.99,False,
6586755,"Lenovo - ThinkBook 16 G7 16"" Touch-Screen Laptop - AMD Ryzen 7 with 16GB Memory - 512GB SSD - Arctic Grey",4.3,9.0,False,Lenovo,laptop,New,21MW0003US,789.99,False,
6586756,"Lenovo - ThinkBook 14 G7 14"" Touch-Screen Laptop - AMD Ryzen 7 with 16GB Memory - 512GB SSD - Arctic Gray",5.0,1.0,False,Lenovo,laptop,New,21MV000AUS,769.99,False,
6586760,"Lenovo - ThinkBook 14 G7 14"" Touch-Screen Laptop - AMD Ryzen 5 with 16GB Memory - 512GB SSD - Arctic Gray",3.0,2.0,False,Lenovo,laptop,New,21MV0009US,759.99,False,
6586761,"Lenovo - ThinkBook 16 G7 16"" Touch-Screen Laptop - AMD Ryzen 5 with 16GB Memory - 512GB SSD - Arctic Gray",5.0,2.0,False,Lenovo,laptop,New,21MW0002US,759.99,False,
6587182,"Acer - Chromebook 311 - 11.6"" HD Laptop - Intel Celeron N4500 - 4GB Memory - 64GB eMMC - Star Black",4.3,118.0,False,Acer,laptop,New,CBOA311-1H-C90F,229.0,False,
6587202,"HP - 15.6"" Full HD Touch-Screen Laptop - Intel Core i7 - 16GB Memory - 512GB SSD - Natural Silver",4.6,830.0,True,HP,laptop,New,15-FD0107DX/A9PE7UA#ABA,599.99,False,
6587227,"Apple - MacBook Pro 16-Inch Certified Refurbished ""M2 Pro"" 12 CPU/19 GPU with 16GB Memory - 512GB SSD - Space Gray",4.0,1.0,False,Apple,laptop,Refurbished,MNW83LL/A,1299.99,False,
6587391,"Lenovo - ThinkPad X1 Carbon G12 14"" Laptop - Core Ultra 5 with 16GB Memory - 512GB SSD - Black",3.0,1.0,False,Lenovo,laptop,New,21KC00A0US,1699.99,False,
6587433,"Dell - 5410 14"" Refurbished Laptop - Intel 10th Gen Core i5 with 16GB Memory - Intel UHD Graphics - 256GB SSD - Black",3.0,4.0,False,Dell,laptop,Refurbished,5410,405.74,False,
6587435,"HP - 840 G9 14"" Refurbished Laptop - Intel 12th Gen Core i7 with 32GB Memory - Intel Iris Xe Graphics - 1TB SSD - Silver",,,,HP,laptop,Refurbished,840 G9,1021.99,False,
6587437,"HP - 14"" 2-in-1 Full HD Touch-Screen Chromebook Plus Laptop with Google AI - Intel Core i3 - 8GB Memory - 256GB UFS - Meteor Silver",4.6,212.0,True,HP,laptop,New,14B-CD0023DX/A4HB3UA#ABA,449.0,False,
6587788,"HP - 15.6"" Touch-Screen Laptop - Intel Core i5 - 8GB Memory - 512GB SSD - Natural Silver",4.7,752.0,True,HP,laptop,New,15-FD0005DX/A9PE6UA#ABA,598.99,False,
6588386,"HP - ProBook 440 G11 14"" IPS 1920 x 1200 (WUXGA) Laptop - Intel Core Ultra 5 with 16GB Memory - 256 GB SSD - Pike Silver, Silver",,,,HP,laptop,New,A1LC2UT#ABA,971.99,False,
6588600,"ASUS - Expertbook CX54 Chromebook Plus 14"" Laptop with Google AI - Intel Core Ultra 5 with 8GB Memory - 128GB SSD - Fog Silver",4.5,2.0,False,ASUS,laptop,New,CX5403CMA-DB588,699.99,False,
6588651,"Lenovo - IdeaPad 3i Chromebook 15.6"" Full HD Laptop - Intel Celeron - 4GB Memory with 64GB eMMC Storage - Arctic Grey",4.5,669.0,True,Lenovo,laptop,New,82N4004NUS,249.0,False,
6588658,"Lenovo - IdeaPad 1 14"" HD Laptop - Intel Celeron N4020 - 4GB Memory with 128GB eMMC Storage - Abyss Blue",4.3,274.0,False,Lenovo,laptop,New,82V6009NUS,199.99,False,
6588661,"Lenovo - IdeaPad 1i 15.6"" Full HD Touchscreen Laptop - Intel Core i5 - 8GB Memory with 512GB SSD Storage - Abyss Blue",4.6,891.0,True,Lenovo,laptop,New,82QD00HMUS,419.99,False,
6589587,"HP - ProBook 460 G11 16"" IPS 1920 x 1200 (WUXGA) Laptop - Intel Core Ultra 5 with 16GB Memory - 256 GB SSD - Pike Silver Aluminum, Gray",5.0,1.0,False,HP,laptop,New,A1LD5UT#ABA,817.99,False,
6589592,"HP - OmniBook Ultra - Copilot+ PC - 14"" 2.2K Touch-Screen Laptop - AMD Ryzen AI 9 365 - 32GB Memory - 1TB SSD - Meteor Silver",4.5,162.0,True,HP,laptop,New,14-FD0013DX/A31ZJUA#ABA,1499.99,False,
6589598,"HP - OmniBook Ultra - Copilot+ PC - 14"" 2.2K Touch-Screen Laptop - AMD Ryzen AI 9 HX 375 - 32GB Memory - 2TB SSD - Meteor Silver",4.4,62.0,False,HP,laptop,New,14-FD0023DX/A9PS0UA#ABA,1699.99,False,
6589813,"Lenovo - ThinkPad E16 Gen 2 16\"" Touch-Screen Laptop - AMD Ryzen 7 with 16GB Memory - 512GB SSD - Black",4.8,9.0,False,Lenovo,laptop,New,21M5000KUS,909.99,False,
6589814,"Lenovo - ThinkPad E14 Gen 6 14"" Laptop - AMD Ryzen 5 with 8GB Memory - 256GB SSD - Black",5.0,1.0,False,Lenovo,laptop,New,21M3000RUS,659.99,False,
6589815,"Lenovo - ThinkPad E16 Gen 2 16\"" Laptop - AMD Ryzen 7 with 16GB Memory - 512GB SSD - Black",4.3,6.0,False,Lenovo,laptop,New,21M5000JUS,839.99,False,
6589820,"Lenovo - ThinkPad E14 Gen 6 14"" Touch-Screen Laptop - AMD Ryzen 7 with 16GB Memory - 512GB SSD - Black",4.3,4.0,False,Lenovo,laptop,New,21M3000QUS,969.99,False,
6589823,"Lenovo - ThinkPad E14 Gen 6 14"" Laptop - AMD Ryzen 7 with 16GB Memory - 512GB SSD - Black",4.9,9.0,False,Lenovo,laptop,New,21M3000PUS,899.99,False,
6589860,"Apple - Geek Squad Certified Refurbished MacBook Pro / Intel Core i7 Processor / 15.4"" Display / 4GB Memory / 500GB Hard Drive - Aluminum",,,,Apple,laptop,Refurbished,GCRF MC721LL/A,1999.99,False,
6593118,"ASUS - Vivobook 16 16"" FHD+ Laptop - Intel Core i5-1235U with 16GB Memory - 512GB SSD - Cool Silver",4.4,34.0,False,ASUS,laptop,New,F1605ZA-AS56,549.99,False,
6593187,"Lenovo - ThinkPad X1 2-in-1 G9 14"" TouchScreen Laptop - Core Ultra 7 with 16GB Memory - 512GB SSD - Gray",4.0,1.0,False,Lenovo,laptop,New,21KE005UUS,2109.99,False,
6593189,"Lenovo - ThinkPad X1 Carbon G12 14"" Laptop - Core Ultra 7 with 16GB Memory - 512GB SSD - Black",5.0,1.0,False,Lenovo,laptop,New,21KC00A8US,1649.99,False,
6593255,ASUS - Zenbook S 16 16” 3K OLED Touch Laptop - Copilot+ PC - AMD Ryzen AI 9 HX 370 - 32GB Memory - 1TB SSD - Zumaia Gray,2.6,26.0,False,ASUS,laptop,New,UM5606WA-PB99T,1799.99,False,
6593257,"ASUS - Vivobook S 14"" OLED 3K 120Hz Laptop - Copilot+ PC - AMD Ryzen AI 9 365 with 24GB RAM - 512GB SSD - Neutral Black",4.3,3.0,False,ASUS,laptop,New,M5406WA-DS76,1249.99,False,
6593552,"HP - OmniBook Ultra Flip - Copilot+ PC - 14"" 3K OLED Touch-Screen Laptop - Intel Core Ultra 7 - 16GB Memory - 1TB SSD - Eclipse Gray",4.6,221.0,True,HP,laptop,New,14-FH0013DX/A9SR3UA#ABA,1099.99,False,
6594380,"Lenovo - ThinkPad T14s Gen 5 14"" Touch - Screen Laptop - Ultra 5 with 32GB Memory - 512GB SSD - Black",,,,Lenovo,laptop,New,21LS0049US,1719.99,False,
6594382,"Lenovo - ThinkPad T14 Gen 5 14"" Touch - Screen Laptop - AMD Ryzen 7 PRO with 32GB Memory - 1TB SSD - Black",3.6,8.0,False,Lenovo,laptop,New,21MC000KUS,1759.99,False,
6594384,"Lenovo - ThinkPad T14 Gen 5 14"" Touch - Screen Laptop - AMD Ryzen 7 PRO with 32GB Memory - 512GB SSD - Black",,,,Lenovo,laptop,New,21MC000HUS,1689.99,False,
6594385,"Lenovo - ThinkPad T14 Gen 5 14"" Touch - Screen Laptop - AMD Ryzen 5 PRO with 32GB Memory - 512GB SSD - Gray",,,,Lenovo,laptop,New,21MC000LUS,1609.99,False,
6594388,"Lenovo - ThinkPad T14s Gen 5 14"" Touch - Screen Laptop - Ultra 7 with 16GB Memory - 1TB SSD - Black",,,,Lenovo,laptop,New,21LS004BUS,2419.99,False,
6594390,"Lenovo - ThinkPad T16 Gen 3 16"" Touch - Screen Laptop - Ultra 7 with 16GB Memory - 1TB SSD - Black",3.0,1.0,False,Lenovo,laptop,New,21MN005GUS,2329.99,False,
6594391,"Lenovo - ThinkPad T14 Gen 5 14"" Touch - Screen Laptop - Ultra 5 with 32GB Memory - 512GB SSD - Black",,,,Lenovo,laptop,New,21ML0056US,1429.99,False,
6594392,"Lenovo - ThinkPad T16 Gen 3 16"" Touch - Screen Laptop - Ultra 5 with 16GB Memory - 512GB SSD - Black",4.3,3.0,False,Lenovo,laptop,New,21MN005MUS,1269.99,False,
6594998,Lenovo - Yoga Slim 7i Aura Edition - Copilot+ PC - 15.3” 3K 120Hz Touchscreen Laptop - Intel Core Ultra 7 - 16GB Memory - 1TB SSD - Luna Gray,4.5,163.0,False,Lenovo,laptop,New,83HM0000US,999.99,False,
6595315,"MSI - Prestige 14 H B12U 14"" Laptop - Intel Core i5 with 16GB Memory - 512 GB SSD - Urban Silver, Silver",,,,MSI,laptop,New,PRE14H12629,699.0,False,
6595326,"MSI - Summit E16 AI Evo A1M 2-in-1 16"" Touch Screen Laptop - Intel Core Ultra 7 with 32GB Memory - 1 TB SSD - Ink Black, Black",1.0,1.0,False,MSI,laptop,New,SUM16EVO14024,1849.99,False,
6595331,"MSI - Prestige 16 AI Evo B1MG 16"" Laptop - Intel Core Ultra 7 with 32GB Memory - 1 TB SSD - Stellar Gray, Gray",5.0,1.0,False,MSI,laptop,New,PRE16EVO14049,1749.99,False,
6595522,"ASUS - Zenbook S 14 - 14"" 3K OLED Touch Laptop - Copilot+ PC - Intel Core Ultra 7 - 16GB Memory - 1TB SSD - Zumaia Gray",4.6,266.0,True,ASUS,laptop,New,UX5406SA-S14.U71TB,311.99,False,
6597158,Samsung - Galaxy Chromebook Plus 15.6” with Google AI - AMOLED display – Intel Core 3 – 8GB Memory – 256GB Storage - Neptune Blue,4.6,62.0,True,Samsung,laptop,New,XE550XGA-KC1US,599.99,False,
6597397,"Lenovo - Duet 11 Chromebook 11"" 2K LCD Touchscreen 2-in-1 Laptop - MediaTek Kompanio 838 - 4GB RAM - 128GB - eMMC with keyboard - Luna Gray",4.4,146.0,False,Lenovo,laptop,New,83HH0002US,249.0,False,
6598566,"Samsung - Galaxy Book4 Edge - Copilot + PC - 15.6"" LED Laptop - Snapdragon X Plus - 16GB Memory- 512GB Storage - Sapphire Blue",4.5,41.0,True,Samsung,laptop,New,NP750XQA-KB2US,899.99,False,
6598567,"Samsung - Galaxy Book5 Pro 360 - Copilot+ PC - 16"" AMOLED Touch Screen Laptop - Intel Core Ultra 7 - 16GB Memory - 1TB SSD - Gray",4.5,70.0,True,Samsung,laptop,New,NP960QHA-KG1US,1399.99,False,
6598704,Dell - XPS 13 - Copilot+ PC - 13.4” 2K Laptop - Intel Core Ultra 7 256V 2024 - 16GB Memory - 512GB Storage - Graphite,4.4,91.0,False,Dell,laptop,New,XPS9350-7715BLK-PUS,1399.99,False,
6598740,Apple - Geek Squad Certified Refurbished MacBook Air 13-inch Laptop - M3 chip - 8GB Memory - 256GB SSD - Space Gray,4.5,15.0,True,Apple,laptop,Refurbished,TI-GSRF MRXN3LL/A,599.99,False,
6598743,Apple - Geek Squad Certified Refurbished MacBook Air 13-inch Laptop - M3 chip - 8GB Memory - 512GB SSD - Space Gray,4.0,2.0,False,Apple,laptop,Refurbished,TI-GSRF MRXP3LL/A,899.99,False,
6598744,Apple - Geek Squad Certified Refurbished MacBook Air 13-inch Laptop - M3 chip - 8GB Memory - 256GB SSD - Silver,4.5,15.0,True,Apple,laptop,Refurbished,TI-GSRF MRXQ3LL/A,599.99,False,
6598745,Apple - Geek Squad Certified Refurbished MacBook Air 13-inch Laptop - M3 chip - 8GB Memory - 512GB SSD - Silver,4.0,2.0,False,Apple,laptop,Refurbished,TI-GSRF MRXR3LL/A,899.99,False,
6598755,Apple - Geek Squad Certified Refurbished MacBook Air 13-inch Laptop - M3 chip - 8GB Memory - 256GB SSD - Starlight,4.5,15.0,True,Apple,laptop,Refurbished,TI-GSRF MRXT3LL/A,679.99,False,
6598756,Apple - Geek Squad Certified Refurbished MacBook Air 13-inch Laptop - M3 chip - 8GB Memory - 512GB SSD - Starlight,4.0,2.0,False,Apple,laptop,Refurbished,TI-GSRF MRXU3LL/A,899.99,False,
6598757,Apple - Geek Squad Certified Refurbished MacBook Air 13-inch Laptop - M3 chip - 8GB Memory - 256GB SSD - Midnight,4.5,15.0,True,Apple,laptop,Refurbished,TI-GSRF MRXV3LL/A,649.99,False,
6598758,Apple - Geek Squad Certified Refurbished MacBook Air 13-inch Laptop - M3 chip - 8GB Memory - 512GB SSD - Midnight,4.0,2.0,False,Apple,laptop,Refurbished,TI-GSRF MRXW3LL/A,799.99,False,
6598759,Apple - Geek Squad Certified Refurbished MacBook Air 13-inch Laptop - M3 chip - 16GB Memory - 512GB SSD - Space Gray,4.0,12.0,False,Apple,laptop,Refurbished,TI-GSRF MXCR3LL/A,799.99,False,
6598760,Apple - Geek Squad Certified Refurbished MacBook Air 13-inch Laptop - M3 chip - 16GB Memory - 512GB SSD - Silver,4.0,12.0,False,Apple,laptop,Refurbished,TI-GSRF MXCT3LL/A,799.99,False,
6598761,Apple - Geek Squad Certified Refurbished MacBook Air 13-inch Laptop - M3 chip - 16GB Memory - 512GB SSD - Starlight,3.7,3.0,False,Apple,laptop,Refurbished,TI-GSRF MXCU3LL/A,929.99,False,
6598803,Apple - Geek Squad Certified Refurbished MacBook Air 13-inch Laptop - M3 chip - 16GB Memory - 512GB SSD - Midnight,4.0,12.0,False,Apple,laptop,Refurbished,TI-GSRF MXCV3LL/A,799.99,False,
6598805,Apple - Geek Squad Certified Refurbished MacBook Air 15-inch Laptop - M3 chip - 8GB Memory - 256GB SSD - Space Gray,4.8,9.0,False,Apple,laptop,Refurbished,TI-GSRF MRYM3LL/A,899.99,False,
6598808,Apple - Geek Squad Certified Refurbished MacBook Air 15-inch Laptop - M3 chip - 8GB Memory - 512GB SSD - Space Gray,5.0,3.0,False,Apple,laptop,Refurbished,TI-GSRF MRYN3LL/A,1099.99,False,
6598823,"Acer - Swift 16 AI - 16"" 3K OLED Touch Laptop - Copilot+ PC – Intel Core Ultra 7 Series 2 – 16GB Memory – 1TB SSD - Ice Black",4.5,167.0,True,Acer,laptop,New,SF16-51T-76TG,849.99,False,
6598896,Apple - Geek Squad Certified Refurbished MacBook Air 15-inch Laptop - M3 chip - 8GB Memory - 256GB SSD - Silver,4.8,9.0,False,Apple,laptop,Refurbished,TI-GSRF MRYP3LL/A,949.99,False,
6598898,Apple - Geek Squad Certified Refurbished MacBook Air 15-inch Laptop - M3 chip - 8GB Memory - 256GB SSD - Starlight,4.8,9.0,False,Apple,laptop,Refurbished,TI-GSRF MRYR3LL/A,899.99,False,
6598899,Apple - Geek Squad Certified Refurbished MacBook Air 15-inch Laptop - M3 chip - 8GB Memory - 512GB SSD - Starlight,5.0,3.0,False,Apple,laptop,Refurbished,TI-GSRF MRYT3LL/A,1049.99,False,
6598900,Apple - Geek Squad Certified Refurbished MacBook Air 15-inch Laptop - M3 chip - 8GB Memory - 256GB SSD - Midnight,4.8,9.0,False,Apple,laptop,Refurbished,TI-GSRF MRYU3LL/A,849.99,False,
6663956,"HP - 645 G10 14"" Refurbished Laptop - AMD Ryzen 5 Pro 7530U with 16GB RAM - AMD Radeon Graphics - 256GB SSD - Silver",,,,HP,laptop,Refurbished,ELITEBOOK 645 G10,469.99,False,
6663957,"HP - Firefly 14 G8 14"" Refurbished Laptop - Intel 11th Gen i5-1135G7 with 16GB RAM - Intel UHD Graphics - 1TB SSD - Gray",,,,HP,laptop,Refurbished,ZBOOK FIREFLY 14 G8,537.99,False,
6663958,"HP - 850 G8 15.6"" Refurbished Laptop - Intel 11th Gen i7-1185G7 with 16GB RAM - Intel UHD Graphics - 512GB SSD - Silver",,,,HP,laptop,Refurbished,ELITEBOOK 850 G8,787.99,False,
6663960,"Lenovo - T14S G2 14"" Refurbished Laptop - Intel 11th Gen i7-1185G7 with 16GB RAM - Intel UHD Graphics - 2TB SSD - Dark Gray",,,,Lenovo,laptop,Refurbished,THINKPAD T14S G2,719.99,False,
6663963,"HP - 630 G10 13.3"" Refurbished Laptop - Intel 13th Gen i7-1365U with 32GB RAM - Intel UHD Graphics - 2TB SSD - Silver",,,,HP,laptop,Refurbished,ELITEBOOK 630 G10,1014.99,False,
6663964,"Dell - Precision 3561 15.6"" Refurbished Laptop - Intel 11th Gen i5-11500H with 32GB RAM - NVIDIA T600 4GB - 2TB NVMe - Dark Gray",,,,Dell,laptop,Refurbished,PRECISION 3561,844.99,False,
6664458,"Acer - Extensa 15 215-24 15.6"" IPS LCD 1920 x 1080 (Full HD) Laptop - AMD Ryzen 3 with 8GB Memory - 256 GB SSD - Iron, Other",,,,Acer,laptop,New,NX.EJGAA.001,629.99,False,
6664459,"Acer - TravelMate P6 14 AI P614-54T 14"" IPS LCD 1920 x 1200 (WUXGA) Touch Screen Laptop - Intel Core Ultra 7 with 32GB Memory - Black",,,,Acer,laptop,New,NX.BJKAA.001,1639.99,False,
6664460,"Acer - TravelMate P4 Spin 14 P414RN-54 2-in-1 14"" IPS LCD 1920 x 1200 (WUXGA) Touch Screen Laptop - Intel Core Ultra 5 - Blue",,,,Acer,laptop,New,NX.B6HAA.004,1199.99,False,
6664461,"Acer - TravelMate P6 14 AI P614-54 14"" IPS LCD 2880 x 1800 (WQXGA+) Laptop - Intel Core Ultra 7 with 16GB Memory - 1 TB SSD - Black",,,,Acer,laptop,New,NX.BJJAA.001,1529.99,False,
6664462,"Acer - TravelMate B3 Spin 12 B312RN-31 2-in-1 12.2"" IPS LCD 1920 x 1200 (WUXGA) Touch Screen Laptop - Intel N-Series - Black",,,,Acer,laptop,New,NX.BHCAA.002,359.99,False,
6664464,"Acer - TravelMate P6 14 AI P614-54 14"" IPS LCD 2880 x 1800 (WQXGA+) Laptop - Intel Core Ultra 7 with 32GB Memory - 1 TB SSD - Black",,,,Acer,laptop,New,NX.BJJAA.004,1809.99,False,
6664465,"Acer - TravelMate B3 Spin 12 B312R-31 2-in-1 12.2"" IPS LCD 1920 x 1200 (WUXGA) Touch Screen Laptop - Intel N-Series - Black",,,,Acer,laptop,New,NX.BHBAA.003,329.99,False,
6664466,"Acer - TravelMate P6 14 AI P614-54 14"" IPS LCD 2880 x 1800 (WQXGA+) Laptop - Intel Core Ultra 5 with 16GB Memory - 1 TB SSD - Black",,,,Acer,laptop,New,NX.BJJAA.002,1419.99,False,
6664467,"Acer - Extensa 15 215-24 15.6"" IPS LCD 1920 x 1080 (Full HD) Laptop - AMD Ryzen 3 with 8GB Memory - 256 GB SSD - Iron, Other",,,,Acer,laptop,New,NX.EJ4AA.001,569.99,False,
6664468,"Acer - Extensa 15 215-24 15.6"" IPS LCD 1920 x 1080 (Full HD) Laptop - AMD Ryzen 5 with 8GB Memory - 256 GB SSD - Iron, Other",,,,Acer,laptop,New,NX.EJ4AA.002,659.99,False,
6664469,"Acer - TravelMate B3 11 B311-34 11.6"" IPS LCD 1366 x 768 (HD) Laptop - Intel N-Series with 4GB Memory - 128 GB eMMC - Black",,,,Acer,laptop,New,NX.BFTAA.002,259.99,False,
6664470,"Acer - TravelMate B3 Spin 12 B312RN-31 2-in-1 12.2"" IPS LCD 1920 x 1200 (WUXGA) Touch Screen Laptop - Intel N-Series - Black",,,,Acer,laptop,New,NX.BHEAA.001,529.99,False,
9999195100050000,"HP g6-2228dx Laptop, Security Software, Sleeve, Wireless Mouse & Flash Drive Package",,,,,laptop,New,,399.99,False,
6567942,"Apple - Geek Squad Certified Refurbished MacBook Pro 16"" Laptop - M3 Max chip - 36GB Memory - 30-core GPU - 1TB SSD - Space Black",5.0,3.0,False,Apple,laptop,Refurbished,TI-GSRF MRW33LL/A,2399.99,False,
6567944,"Apple - Geek Squad Certified Refurbished MacBook Pro 16"" Laptop - M3 Max chip - 36GB Memory - 30-core GPU - 1TB SSD - Silver",5.0,3.0,False,Apple,laptop,Refurbished,TI-GSRF MRW73LL/A,3149.99,False,
6567948,"Apple - Geek Squad Certified Refurbished MacBook Pro 14"" Laptop - M3 chip - 8GB Memory - 10-core GPU - 512GB SSD - Silver",4.1,9.0,False,Apple,laptop,Refurbished,GSRF MR7J3LL/A,799.99,False,
6567950,"Apple - Geek Squad Certified Refurbished MacBook Pro 14"" Laptop - M3 chip - 8GB Memory - 10-core GPU - 512GB SSD - Space Gray",4.1,9.0,False,Apple,laptop,Refurbished,GSRF MTL73LL/A,799.99,False,
6567952,"Apple - Geek Squad Certified Refurbished MacBook Pro 14"" Laptop - M3 chip - 8GB Memory - 10-core GPU - 1TB SSD - Silver",5.0,2.0,False,Apple,laptop,Refurbished,GSRF MR7K3LL/A,1099.99,False,
6567954,"Apple - Geek Squad Certified Refurbished MacBook Pro 14"" Laptop - M3 chip - 8GB Memory - 10-core GPU - 1TB SSD - Space Gray",5.0,2.0,False,Apple,laptop,Refurbished,GSRF MTL83LL/A,1129.99,False,
6568095,"Apple - Geek Squad Certified Refurbished MacBook Pro 14"" Laptop-M3 Max chip - 36GB Memory - 30-core GPU - 1TB SSD (Latest Model) - Space Black",4.8,5.0,False,Apple,laptop,Refurbished,GSRF MRX53LL/A,2299.99,False,
6568096,"Apple - Geek Squad Certified Refurbished MacBook Pro 14"" Laptop - M3 Max chip - 36GB Memory - 30-core GPU - 1TB SSD - Silver",4.8,5.0,False,Apple,laptop,Refurbished,GSRF MRX83LL/A,2599.99,False,
6568097,"Apple - Geek Squad Certified Refurbished MacBook Pro 14"" Laptop - M3 Pro chip - 18GB Memory - 18-core GPU - 1TB SSD - Silver",4.3,10.0,False,Apple,laptop,Refurbished,GSRF MRX73LL/A,1349.99,False,
6568098,"Apple - Geek Squad Certified Refurbished MacBook Pro 14"" Laptop - M3 Pro chip - 18GB Memory - 18-core GPU - 1TB SSD - Space Black",4.3,10.0,False,Apple,laptop,Refurbished,GSRF MRX43LL/A,1399.99,False,
6568113,"Apple - Geek Squad Certified Refurbished MacBook Pro 16"" Laptop - M3 Pro chip - 18GB Memory - 18-core GPU - 512GB SSD - Space Black",4.4,16.0,False,Apple,laptop,Refurbished,GSRF MRW13LL/A,1449.99,False,
6568119,"Apple - Geek Squad Certified Refurbished MacBook Pro 16"" Laptop - M3 Pro chip - 18GB Memory - 18-core GPU - 512GB SSD - Silver",4.4,16.0,False,Apple,laptop,Refurbished,GSRF MRW43LL/A,1429.99,False,
6568120,"Apple - Geek Squad Certified Refurbished MacBook Pro 14"" Laptop - M3 Pro chip - 18GB Memory - 14-core GPU - 512GB SSD - Silver",4.2,39.0,False,Apple,laptop,Refurbished,GSRF MRX63LL/A,1199.99,False,
6568125,"Apple - Geek Squad Certified Refurbished MacBook Pro 16"" Laptop - M3 Max chip - 48GB Memory - 40-core GPU - 1TB SSD - Silver",1.0,1.0,False,Apple,laptop,Refurbished,TI-GSRF MUW73LL/A,3799.99,False,
6568131,"Apple - Geek Squad Certified Refurbished MacBook Pro 16"" Laptop - M3 Max chip - 48GB Memory - 40-core GPU - 1TB SSD - Space Black",1.0,1.0,False,Apple,laptop,Refurbished,GSRF MUW63LL/A,2999.99,False,
6568135,ASUS - Vivobook 17.3” FHD Laptop - Intel Core i9 with 16GB Memory - 1TB SSD - Silver,4.5,10.0,False,ASUS,laptop,New,K3704VA-DH96-S,1049.99,False,
6568678,"Apple - Geek Squad Certified Refurbished MacBook Air 15"" Laptop - M2 chip - 8GB Memory - 256GB SSD - Space Gray",4.4,61.0,False,Apple,laptop,Refurbished,GSRF MQKP3LL/A,639.99,False,
6568679,"Apple - Geek Squad Certified Refurbished MacBook Air 15"" Laptop - M2 chip - 8GB Memory - 256GB SSD - Starlight",4.4,61.0,False,Apple,laptop,Refurbished,GSRF MQKU3LL/A,599.99,False,
6568680,"Apple - Geek Squad Certified Refurbished MacBook Air 15"" Laptop - M2 chip - 8GB Memory - 512GB SSD - Space Gray",4.8,25.0,True,Apple,laptop,Refurbished,GSRF MQKQ3LL/A,669.99,False,
6568683,"Apple - Geek Squad Certified Refurbished MacBook Air 15"" Laptop - M2 chip - 8GB Memory - 256GB SSD - Silver",4.4,61.0,False,Apple,laptop,Refurbished,GSRF MQKR3LL/A,629.99,False,
6568685,"Apple - Geek Squad Certified Refurbished MacBook Air 15"" Laptop - M2 chip - 8GB Memory - 512GB SSD - Midnight",4.8,25.0,True,Apple,laptop,Refurbished,GSRF MQKX3LL/A,699.99,False,
6568686,"Apple - Geek Squad Certified Refurbished MacBook Air 15"" Laptop - M2 chip - 8GB Memory - 256GB SSD - Midnight",4.4,61.0,False,Apple,laptop,Refurbished,GSRF MQKW3LL/A,649.99,False,
6568903,MSI - Prestige 16” Laptop – Intel Evo Edition – Intel Core Ultra 7 – Intel ARC Graphics with 32GB Memory – 1TB SSD - Stellar Gray,3.9,7.0,False,MSI,laptop,New,PRE16EVO14016,1049.99,False,
6568905,MSI - Prestige 16” Laptop – Intel Evo Edition - Intel Core Ultra 9 – NVIDIA GeForce RTX 4060 with 32GB Memory – 1TB SSD - Stellar Gray,4.5,8.0,False,MSI,laptop,New,PRE16STU14020,1424.99,False,
6570144,"ASUS - Chromebook Detachable CM3001 10.5"" Laptop - MediaTek Kompanio 520 - 4GB Memory - 64GB eMMC - Fog Silver",4.5,147.0,False,ASUS,laptop,New,CM3001DM2A-M8186,209.99,False,
6570658,"Apple - Geek Squad Certified Refurbished MacBook Pro 16"" Display with Touch Bar - Intel Core i9 - 32GB Memory - 1TB SSD - Space Gray",,,,Apple,laptop,Refurbished,GSRF Z0XZ0052F,1999.99,False,
6570661,"Apple - Geek Squad Certified Refurbished Macbook Air With Retina True Tone Display - 13.3"" - Core i5 - 8 GB RAM - 256 GB SSD - Silver",,,,Apple,laptop,Refurbished,TI-GSRF 14061320,989.99,False,
6571078,"HP - Envy 2-in-1 14"" 2K Touch-Screen Laptop - Intel Core Ultra 5 - 16GB Memory - 512GB SSD - Meteor Silver",4.7,127.0,True,HP,laptop,New,9T8G2UA#ABA,799.99,False,
6571081,"HP - Envy 2-in-1 16"" 2K Touch-Screen Laptop - Intel Core Ultra 5 - 16GB Memory - 512GB SSD - Glacier Silver",4.7,554.0,True,HP,laptop,New,16-AC0013DX/9S1R5UA#ABA,617.99,False,
6571085,"HP - Envy 2-in-1 14"" 2K Touch-Screen Laptop - Intel Core Ultra 7 - 16GB Memory - 1TB SSD - Meteor Silver",4.7,596.0,True,HP,laptop,New,14-FC0023DX/9T8G4UA#ABA,275.99,False,
6571364,"Lenovo - Yoga 7i 2-in-1 16"" 2K Touchscreen Laptop - Intel Core Ultra 5 125U with 16GB Memory - 512GB SSD - Storm Grey",4.7,507.0,True,Lenovo,laptop,New,83DL0000US,719.99,False,
6571365,"Lenovo - Yoga Book 9i 2-in-1 13.3"" 2.8K Dual Screen OLED Touchscreen Laptop - Intel Core Ultra 7 155U with 16GB Memory - 1TB SSD - Tidal Teal",4.5,186.0,True,Lenovo,laptop,New,83FF0000US,1499.99,False,
6571366,"Lenovo - Yoga 7 2-in-1 14"" 2K Touchscreen Laptop - AMD Ryzen 7 8840HS with 16GB Memory - 1 TB SSD - Artic Grey",4.5,370.0,True,Lenovo,laptop,New,83DK000AUS,719.99,False,
6571367,"Lenovo - Yoga Pro 9i 16"" 3.2K Touchscreen Laptop - Intel Core Ultra 9 185H with 32GB Memory - NVIDIA GeForce RTX 4050 - 1TB SSD - Luna Grey",4.6,522.0,True,Lenovo,laptop,New,83DN0006US,1359.99,False,
6571369,"Lenovo - Yoga 7i 2-in-1 16"" 2K Touchscreen Laptop - Intel Core Ultra 7 155U with 16GB Memory - 1TB SSD - Storm Grey",4.7,2483.0,True,Lenovo,laptop,New,83DL0002US,1049.99,False,
6571371,"Lenovo - Yoga 9i 2-in-1 14"" 2.8K OLED Touchscreen Laptop with Pen - Intel Core Ultra 7 155H with 16GB Memory - 1TB SSD - Cosmic Blue",4.5,262.0,False,Lenovo,laptop,New,83AC0001US,942.99,False,
6571503,"Apple - Geek Squad Certified Refurbished MacBook Pro® - 15.4"" Display - 8GB Memory - 750GB Hard Drive - Silver",,,,Apple,laptop,Refurbished,GSRF MD104LL/A,1979.99,False,
6571524,"Apple - Geek Squad Certified Refurbished MacBook® - 12"" Display - Intel Core M - 8GB Memory - 256GB Flash Storage - Silver",,,,Apple,laptop,Refurbished,3PL GSRF MF855LL/A,999.99,False,
6571626,"Apple - Geek Squad Certified Refurbished Macbook - 12"" Display - Intel Core M3 - 8GB Memory - 256GB Flash Storage - Space Gray",5.0,1.0,False,Apple,laptop,Refurbished,3PL GSRF MLH72LL/A,1299.99,False,
6571633,"Apple - Geek Squad Certified Refurbished Macbook - 12"" Display - Intel Core M5 - 8GB Memory - 512GB Flash Storage - Rose Gold",,,,Apple,laptop,Refurbished,3PL GSRF MMGM2LL/A,1599.99,False,
6571647,"Apple - Geek Squad Certified Refurbished MacBook® - 12"" Display - Intel Core M - 8GB Memory - 512GB Flash Storage - Space Gray",,,,Apple,laptop,Refurbished,TI-GSRFMJY42LL/A,999.99,False,
6571739,"MSI - Prestige 16 AI Evo B1MG 16"" Laptop - Intel Core Ultra 7 with 32GB Memory - 2 TB SSD - Stellar Gray, Gray",5.0,2.0,False,MSI,laptop,New,PRE16EVO14020,1639.99,False,
6571753,"Apple - Geek Squad Certified Refurbished MacBook Pro with Retina display - 13.3"" Display - 4GB Memory - 128GB Flash Storage - Silver",,,,Apple,laptop,Refurbished,TI-GSRF ME864LL/A,1199.99,False,
6572159,ASUS - ROG Strix G18 18” Nebula UHD Gaming Laptop - Intel Core i9-14900HX with 32GB Memory- NVIDIA GeForce RTX 4070 - 1TB SSD - Eclipse Gray,4.6,21.0,True,ASUS,laptop,New,G814JIR-XS96,2184.99,False,
6572179,"Samsung - Galaxy Book4 Ultra 16"" AMOLED Touch Screen Laptop - Intel Core Ultra 7 - 16GB Memory - NVIDIA GeForce RTX 4050 - 1TB SSD - Moonstone Gray",4.5,24.0,True,Samsung,laptop,New,NP960XGL-XG2US,1799.99,False,
6572180,"Samsung - Galaxy Book4 Pro 14"" AMOLED Touch Screen Laptop - Intel Core Ultra 7 - 16GB Memory - 512GB SSD - Moonstone Gray",4.3,24.0,False,Samsung,laptop,New,NP940XGK-KG1US,1149.99,False,
6572181,"Samsung - Galaxy Book4 360 2-in-1 15.6"" FHD AMOLED Touch Screen Laptop - Intel Core 7 - 16GB Memory -512GB SSD - Gray",4.6,325.0,True,Samsung,laptop,New,NP750QGK-KG3US,750.99,False,
6572182,"Samsung - Galaxy Book4 Ultra 16"" AMOLED Touch Screen Laptop - Intel Core Ultra 9 - 32GB Memory - NVIDIA GeForce RTX 4070 - 1TB SSD - Moonstone Gray",4.3,31.0,False,Samsung,laptop,New,NP960XGL-XG1US,2399.99,False,
6572183,"Samsung - Galaxy Book4 Pro 360 2-in1 16"" AMOLED Touch Screen Laptop - Intel Core Ultra 7 - 16GB Memory - 1TB SSD - Moonstone Gray",4.6,397.0,True,Samsung,laptop,New,NP960QGK-KG1US,1709.99,False,
6572184,"Samsung - Galaxy Book4 15.6"" FHD Laptop - Intel Core 7- 16GB Memory - 512GB SSD - Silver",4.6,933.0,True,Samsung,laptop,New,NP750XGK-KS2US,529.99,False,
6572630,"Apple - MacBook Pro 16"" (2021) Refurbished 3456x2234 - M1 Pro 10 Core CPU with 16GB Memory - 16 Core GPU - 1TB SSD - Space Gray",3.1,9.0,False,Apple,laptop,Refurbished,MK193LL/A,919.99,False,
6572631,"Apple - MacBook Pro 16"" (2021) Refurbished 3456x2234 - M1 Pro 10 Core CPU with 16GB Memory - 16 Core GPU - 512GB SSD - Space Gray",3.7,6.0,False,Apple,laptop,Refurbished,MK183LL/A,879.99,False,
6572632,"Apple - MacBook Pro 14"" (2021) Refurbished 3024x1964 - M1 Pro 10 Core CPU with 16GB Memory - 16 Core GPU - 1TB SSD - Space Gray",,,,Apple,laptop,Refurbished,MKGQ3LL/A,879.99,False,
6572633,"Apple - MacBook Pro 13"" (2021) Refurbished 2560 x 1600 - M1 8 Core CPU with 8GB Memory - 8 Core GPU - 256GB SSD - Space Gray",,,,Apple,laptop,Refurbished,MYD82LL/AB,509.99,False,
6573484,"Apple - MacBook Air 13.3"" Certified Refurbished 2560x1600 - Touch ID - Intel Core i5 with 8GB Memory - 128GB SSD - Silver",4.0,21.0,False,Apple,laptop,Refurbished,MVFK2LL/A,329.99,False,
6573485,"Apple - MacBook Pro 15"" Refurbished 2880x1800 - Intel 8th Gen Core i7 with 16GB Memory - AMD Pro 560X - 512GBSSD - Silver",2.7,3.0,False,Apple,laptop,Refurbished,MR972LL/A,449.99,False,
6573486,"Apple - MacBook Pro 15"" Refurbished 2880x1800 - Intel 8th Gen Core i7 with 16GB Memory - AMD Pro 560X - 512GBSSD - Space Gray",2.7,3.0,False,Apple,laptop,Refurbished,MR942LL/A,449.99,False,
6573488,"Apple - MacBook Air 13.3"" Certified Refurbished 2560x1600 - Touch ID - Intel Core i5 with 8GB Memory - 128GB SSD - Space Gray",4.0,21.0,False,Apple,laptop,Refurbished,MVFH2LL/A,329.99,False,
6575144,"Dell - XPS - 16.3"" 4K OLED Touchscreen Laptop - Intel Core Ultra 9 185H - 32GB Memory - NVIDIA GeForce RTX 4060 - 1TB Storage - Platinum",4.4,101.0,False,Dell,laptop,New,XPS9640-9158SLV-PUS,2439.99,False,
6575147,"Dell - XPS 16 - 16.3"" 2K Laptop - Intel Core Ultra 9 185H 2023 - 32GB Memory - NVIDIA GeForce RTX 4060 - 1TB Storage - Platinum",3.3,14.0,False,Dell,laptop,New,XPS9640-9196SLV-PUS,2749.99,False,
6575148,Dell - XPS 16 - 16.3” 2K Laptop - Intel Core Ultra 7 155H 2023 - 16GB Memory – NVIDIA GeForce RTX 4050 - 1TB Storage - Platinum,4.5,80.0,False,Dell,laptop,New,XPS9640-7097SLV-PUS,1869.99,False,
6575149,Dell - XPS - 14.5” 3.2K OLED Touchscreen Laptop - Intel Core Ultra 7 155H - 32GB Memory - NVIDIA GeForce RTX 4050 - 1TB Storage - Platinum,4.2,26.0,False,Dell,laptop,New,XPS9440-7892SLV-PUS,2499.99,False,
6575150,"Dell - XPS 14 - 14.5"" 3.2K OLED Touchscreen Laptop – Intel Core Ultra 7 155H 2023 - 32GB Memory - 1TB Storage - Platinum",4.5,106.0,False,Dell,laptop,New,XPS9440-7134SLV-PUS,1889.99,False,
6575151,Dell - Inspiron - 16” 2K 2-in-1 Touchscreen Laptop - Intel Core Ultra 7 155H 2023 - 16GB Memory - 1TB Storage - Ice Blue,4.7,916.0,True,Dell,laptop,New,I7640-7366BLU-PUS,919.99,False,
6576341,"HP - 17-CN2123NR Intel Core i3-1215U, 12GB DDR4, 512GB SSD 17.3"" HD+ Touchscreen Laptop - Silver",4.8,5.0,False,HP,laptop,New,8S0F1UA#ABA,689.99,False,
6576385,Dell - Inspiron - 16” 2.5K 2-in-1 Touchscreen Laptop - Intel Core Ultra 7 155H 2023 - 32GB Memory – 1TB Storage - Midnight Blue,4.4,310.0,False,Dell,laptop,New,I7640-7380BLU-PUS,1199.99,False,
6576386,Dell - Inspiron - 14” 2K Touchscreen Laptop – Intel Core 7 150U 2024 - 16GB Memory – 1TB Storage - Ice Blue,4.6,852.0,True,Dell,laptop,New,I7440-7304BLU-PUS,999.99,False,
6576387,Dell - Inspiron - 16” 2K 2-in-1 Touchscreen Laptop – Intel Core Ultra 5 125U 2023 - 16GB Memory – 512GB Storage - Ice Blue,4.7,137.0,True,Dell,laptop,New,I7640-5359BLU-PUS,799.99,False,
6576650,"GIGABYTE - AORUS 15 15"" 165Hz Gaming Laptop IPS - Intel Ultra 7 155H with 16GB RAM - NVIDIA GeForce RTX 4060 - 1TB SSD - Black",,,,GIGABYTE,laptop,New,AORUS 15 BKG-13US754SH,1699.99,False,
6576719,"Dell - Inspiron 14 - 14"" 2K 2-in-1 Touchscreen Laptop - AMD Ryzen 5 8640HS 2023 - 8GB Memory - 512GB Storage - Midnight Blue",4.5,532.0,False,Dell,laptop,New,I7445-5333BLU-PUS,729.99,False,
6576720,"Dell - Inspiron 14 - 14"" 2K 2-in-1 Touchscreen Laptop - AMD Ryzen 7 8840HS 2023 - 16GB Memory - 1TB Storage - Midnight Blue",4.5,294.0,False,Dell,laptop,New,I7445-7326BLU-PUS,854.99,False,
6576960,"Acer - Chromebook Plus Spin 714 Laptop with Google AI – 14"" WUXGA Touch - Intel Core Ultra 5 115U – 8GB LPDDR5 – 256GB SSD - Steel Gray",4.3,80.0,False,Acer,laptop,New,CP714-1H-54UB,799.0,False,
6576961,"Acer - Chromebook Plus 516 GE Cloud Gaming Laptop with Google AI- 16"" 2560x1600 120Hz - Intel Core 5 120U - 8GB RAM - 256GB SSD - Obsidian Black",4.4,119.0,False,Acer,laptop,New,CBG516-2H-59S4,584.99,False,
6579293,"HP - 2-in-1 14"" Touch-Screen Chromebook Laptop - Intel Processor N100 - 4GB Memory - 64GB eMMC - Sky Blue",4.6,925.0,True,HP,laptop,New,14B-CD0013DX/A28Q7UA#ABA,299.0,False,
6579714,"HP - EliteBook 840 G8 14"" Refurbished Laptop - Intel 11th Gen Core i7 with 32GB Memory - Intel Iris Xe Graphics - 2TB SSD - Silver",,,,HP,laptop,Refurbished,840 G8,803.99,False,
6579715,"Dell - Latitude 7400 14"" Refurbished Laptop - Intel 8th Gen Core i5 with 16GB Memory - Intel UHD Graphics 620 - 256GB SSD - Black",4.8,10.0,False,Dell,laptop,Refurbished,7400,357.99,False,
6579717,"HP - EliteBook 840 G8 14"" Refurbished Laptop FHD - Intel Core i5 with 32GB Memory - Intel Iris Xe Graphics - 512GB SSD - Silver",2.5,4.0,False,HP,laptop,Refurbished,840 G8,629.99,False,
6579719,"Dell - Latitude 7420 14"" Refurbished Touch-Screen Laptop - Intel 11th Gen Core i7 with 32GB Memory - 512GB SSD - Black",4.8,8.0,False,Dell,laptop,Refurbished,7420,719.99,False,
6579724,"HP - EliteBook 840 G8 14"" Refurbished Laptop - Intel 11th Gen Core i5 with 16GB Memory - Intel Iris Xe Graphics - 512GB SSD - Silver",,,,HP,laptop,Refurbished,840 G8,589.65,False,
6579725,"HP - ProBook 640 G5 14"" Refurbished Laptop - Intel 8th Gen Core i5 with 16GB Memory - Intel UHD Graphics 620 - 512GB SSD - Silver",4.6,67.0,True,HP,laptop,Refurbished,640 G5,309.99,False,
6579728,"HP - ZBook 15U G5 15.6"" Refurbished Laptop - Intel 8th Gen Core i7 with 32GB Memory - Intel UHD Graphics 620 - 512GB SSD - Silver",,,,HP,laptop,Refurbished,ZBOOK 15U G5,643.99,False,
6579729,"HP - ZBook 15U G6 15.6"" Refurbished Laptop - Intel 8th Gen Core i7 with 32GB Memory - Intel UHD Graphics - 1TB SSD - Gray",,,,HP,laptop,Refurbished,ZBOOK 15U G6,867.04,False,
6579731,"HP - EliteBook 840 G6 14"" Refurbished Laptop - Intel 8th Gen Core i5 with 16GB Memory - Intel UHD Graphics 620 - 256GB SSD - Silver",5.0,1.0,False,HP,laptop,Refurbished,840 G6,394.25,False,
6579734,"Dell - Latitude 7430 14"" Refurbished Touch-Screen Laptop - Intel 12th Gen Core i7 with 32GB Memory - 512GB SSD - Black",3.7,3.0,False,Dell,laptop,Refurbished,7430,815.99,False,
6579735,"HP - EliteBook 840 G6 14"" Refurbished Laptop - Intel 8th Gen Core i7 with 32GB Memory - Intel UHD Graphics 620 - 2TB SSD - Silver",,,,HP,laptop,Refurbished,840 G6,719.31,False,
6579736,"HP - EliteBook 850 G6 15.6"" Refurbished Laptop - Intel 8th Gen Core i7 with 32GB Memory - Intel UHD Graphics 620 - 1TB SSD - Silver",4.8,9.0,False,HP,laptop,Refurbished,850 G6,628.99,False,
6579737,"Dell - Latitude 5401 14"" Refurbished Laptop - Intel 9th Gen Core i5 with 16GB Memory - Intel UHD Graphics 630 - 512GB SSD - Black",5.0,1.0,False,Dell,laptop,Refurbished,5401,469.31,False,
6579740,"HP - EliteBook 830 G7 13.3"" Refurbished Laptop - Intel 10th Gen Core i7 with 32GB Memory - Intel UHD Graphics 620 - 512GB SSD - Silver",4.5,50.0,True,HP,laptop,Refurbished,830 G7,449.99,False,
6579741,"HP - EliteBook 840 G7 14"" Refurbished Laptop - Intel 10th Gen Core i5 with 32GB Memory - Intel UHD Graphics - 1TB SSD - Silver",5.0,4.0,False,HP,laptop,Refurbished,840 G7,566.66,False,
6579742,"Dell - Precision 5540 15.6"" Refurbished Laptop - Intel 9th Gen Core i7 with 32GB Memory - NVIDIA Quadro T1000 - 1TB SSD - Silver",4.6,14.0,False,Dell,laptop,Refurbished,PRECISION 5540,785.05,False,
6579743,"Dell - Latitude 7410 14"" Refurbished Laptop - Intel 10th Gen Core i7 with 16GB Memory - Intel UHD Graphics - 512GB SSD - Black",,,,Dell,laptop,Refurbished,7410,639.99,False,
6579746,"HP - ProBook 640 G5 14"" Refurbished Laptop - Intel 8th Gen Core i5 with 32GB Memory - Intel UHD Graphics 620 - 1TB SSD - Silver",4.5,37.0,False,HP,laptop,Refurbished,640 G5,389.99,False,
6579747,"Dell - Precision 3540 15.6"" Refurbished Laptop - Intel 8th Gen Core i5 with 32GB Memory - Intel UHD Graphics 620 - 1TB SSD - Gray",5.0,2.0,False,Dell,laptop,Refurbished,PRECISION 3540,549.99,False,
6579748,"Dell - Precision 3551 15.6"" Refurbished Laptop - Intel 10th Gen Core i7 with 32GB Memory - NVIDIA Quadro P620 - 1TB SSD - Gray",,,,Dell,laptop,Refurbished,PRECISION 3551,762.06,False,
6579753,"Dell - Precision 7530 15.6"" Refurbished Laptop - Intel 8th Gen Core i7 with 64GB Memory - NVIDIA Quadro P1000 - 2TB SSD - Black",,,,Dell,laptop,Refurbished,PRECISION 7530,945.99,False,
6579755,"Dell - Latitude 7430 14"" Refurbished Touch-Screen Laptop - Intel 12th Gen Core i7 with 32GB Memory - 2TB SSD - Black",4.3,4.0,False,Dell,laptop,Refurbished,7430,906.99,False,
6579902,"ASUS - Vivobook S Flip 16"" FHD+ Touch-Screen Laptop - Intel Core i7 with 16GB Memory - 512GB SSD - Midnight Black",4.5,2.0,False,ASUS,laptop,New,TP3604VA-DS74T,999.99,False,
6580450,"Samsung - Galaxy Book4 Edge - Copilot+ PC - 16"" AMOLED Touch-Screen Laptop - Snapdragon X Elite 3.8Ghz- 16GB Memory- 1TB Storage - Sapphire Blue",4.4,50.0,False,Samsung,laptop,New,NP960XMB-KB1US,1199.99,False,
6580453,"Dell - Inspiron 15 - 15.6"" 2K Touchscreen Laptop - Intel Core i7 1255U 2022 - 16GB Memory - 1TB Storage - Carbon Black",4.6,489.0,True,Dell,laptop,New,I3520-7896BLK-PUS,712.99,False,
6580455,ASUS - Zenbook DUO Dual 14” FHD+ OLED Touch Laptop - Intel Core Ultra 7 with 16GB Memory - Intel Arc Graphics - 1TB SSD - Inkwell Gray,4.6,15.0,True,ASUS,laptop,New,UX8406MA-DS76T,1329.99,False,
6113606,"Apple - MacBook Air 13.3"" Certified Refurbished - Intel Core i5 with 4GB Memory - 128GB Flash Storage SSD (2015) - Silver",4.0,99.0,False,Apple,laptop,Refurbished,MJVE2LL/A,209.99,False,
6113615,"Apple - MacBook Air 11.6"" Certified Refurbished - Intel Core i5 with 4GB Memory - 128GB Flash Storage (2015) - Silver",4.1,137.0,False,Apple,laptop,Refurbished,MJVM2LL/A,199.99,False,
6136403,"Apple - Macbook Pro 13.3"" Certified Refurbished - Intel Core i5 with 8GB Memory - 128GB SSD (2015) - Silver",2.9,16.0,False,Apple,laptop,Refurbished,MF839LL/A,419.99,False,
6280421,"Apple - MacBook Pro 13.3"" Certified Refurbished - Touch Bar - Intel Core i5 3.1GHz with 8GB Memory - 256GB SSD (2017) - Space Gray",3.1,22.0,False,Apple,laptop,Refurbished,MPXV2LL/A,339.99,False,
6309150,"Apple - MacBook Pro 13.3"" Certified Refurbished - Intel Core i5 with 8GB Memory - 256GB Flash Storage (2015) - Silver",3.6,24.0,False,Apple,laptop,Refurbished,MF840LL/A,629.99,False,
6309152,"Apple - MacBook Air 13.3"" Certified Refurbished - Intel Core i5 with 4GB Memory - 256GB Flash Storage SSD (2015) - Silver",3.8,50.0,False,Apple,laptop,Refurbished,MJVG2LL/A,219.99,False,
6348973,"Apple - MacBook Air 13.3"" Certified Refurbished - Intel Core i5 with 8GB Memory - 128GB Flash Storage SSD (2015) - Silver",4.2,104.0,False,Apple,laptop,Refurbished,MMGF2LL/A,219.99,False,
6348975,"Apple - MacBook Pro 13.3"" Certified Refurbished - Intel Core i5 3.1GHz - Touch Bar - 8GB Memory - 256GB SSD (2017) - Silver",3.1,22.0,False,Apple,laptop,Refurbished,MPXX2LL/A,339.99,False,
6366943,"Apple - Geek Squad Certified Refurbished MacBook Air - 13.3"" Display - Intel Core i5 - 8GB Memory - 256GB Flash Storage - Silver",,,,Apple,laptop,Refurbished,TI-GSRF MQD42LL/A,239.99,False,
6382777,"Apple - MacBook Air 15"" Laptop - M2 chip Built for Apple Intelligence - 16GB Memory - 1TB SSD - Space Gray",4.9,709.0,True,Apple,laptop,New,MQTK3LL/A,1614.99,False,
6384473,"Apple - MacBook Pro 13.3"" Certified Refurbished - Touch Bar - Intel Core i5 3.1GHz with 8GB Memory - 512GB SSD (2016) - Space Gray",4.2,9.0,False,Apple,laptop,Refurbished,MNQF2LL/AR,699.99,False,
6393723,"Apple - Geek Squad Certified Refurbished MacBook Pro - 13"" Display - Intel Core i5 - 8 GB Memory - 128GB Flash Storage - Space Gray",3.5,73.0,False,Apple,laptop,Refurbished,TI-GSRF MPXQ2LL/A,399.99,False,
6424551,"Apple - Geek Squad Certified Refurbished MacBook Pro - 13"" Display - Intel Core i5 - 8GB Memory - 256GB Solid State Drive - Silver",4.1,29.0,False,Apple,laptop,Refurbished,TI-GSRF MPXU2LL/A,399.99,False,
6430508,"Apple - Geek Squad Certified Refurbished MacBook Pro - 13.3"" Retina Display - Intel Core i5 - 8GB Memory - 256GB SSD - Space Gray",5.0,1.0,False,Apple,laptop,Refurbished,TI-GSRF MPXV2LL/A,369.99,False,
6430523,"Apple - Geek Squad Certified Refurbished MacBook Air - 13.3"" Retina Display - Intel Core i5 - 8GB Memory - 128GB SSD - Space Gray",,,,Apple,laptop,Refurbished,TI-GSRF MRE82LL/A,699.99,False,
6437575,"Apple - Geek Squad Certified Refurbished MacBook Pro - 13"" Display with Touch Bar - Intel Core i5 - 16GB Memory - 512GB SSD - Space Gray",4.1,85.0,False,Apple,laptop,Refurbished,TI-GSRF MWP42LL/A,899.99,False,
6437579,"Apple - Geek Squad Certified Refurbished MacBook Pro - 16"" Display with Touch Bar - Intel Core i9 - 64GB Memory - 2TB SSD - Space Gray",,,,Apple,laptop,Refurbished,TI-GSRF Z0Y0005J1,2799.99,False,
6440917,"Apple - Geek Squad Certified Refurbished MacBook Pro - 13"" Display with Touch Bar - Intel Core i5 - 8GB Memory - 256GB SSD - Space Gray",4.0,91.0,False,Apple,laptop,Refurbished,TI-GSRF MXK32LL/A,549.99,False,
6440920,"Apple - Geek Squad Certified Refurbished MacBook Pro 16"" - Intel Core i7 - 16GB Memory - AMD Radeon Pro 5300M - 512GB SSD - Space Gray",4.0,2.0,False,Apple,laptop,Refurbished,TI-GSRF MVVJ2LL/A,1299.99,False,
6441083,"Apple - Geek Squad Certified Refurbished MacBook Air 13.3"" Laptop with Touch ID - Intel Core i5 - 8GB Memory - 512GB SSD - Gold",,,,Apple,laptop,Refurbished,TI-GSRF MVH52LL/A,599.99,False,
6441205,"Apple - MacBook Pro 15"" Certified Refurbished - Intel Core i7 2.9GHz - Touch Bar - 16 GB Memory - 512GB SSD (2017) - Space Gray",3.4,26.0,False,Apple,laptop,Refurbished,MPTT2LL/A,449.99,False,
6441206,"Apple - MacBook Air 13.3"" Certified Refurbished - Intel Core i5 1.6 with 8GB Memory - 128GB SSD (2018) - Space Gray",3.7,35.0,False,Apple,laptop,Refurbished,MRE82LL/A,329.99,False,
6441209,"Apple - MacBook Air 13.3"" Certified Refurbished - Intel Core i5 with 8GB Memory - 128GB SSD (2017) - Silver",4.1,150.0,False,Apple,laptop,Refurbished,MQD32LL/A,239.99,False,
6445395,"Apple - Macbook Pro 13"" (2019) Certified Refurbished - Intel Core i5 2.4GHz - Touch Bar/ID - 8GB Memory - 512GB SSD - Space Gray",3.0,1.0,False,Apple,laptop,Refurbished,MV972LL/A,499.99,False,
6445396,"Apple - Macbook Pro 13.3"" Certified Refurbished - Touch Bar/ID - Intel Core i5 2.3GHz with 8GB Memory - 512GB SSD (2018) - Space Gray",,,,Apple,laptop,Refurbished,MR9R2LL/A,399.99,False,
6447140,"Lenovo - Chromebook 3 14"" LCD Touchscreen Laptop - Mediatek MT8183 - 4GB Memory - 64GB eMMC - Arctic Grey",4.6,1295.0,True,Lenovo,laptop,New,82KN0001US,228.99,False,
6448362,"Apple - Geek Squad Certified Refurbished MacBook Air - 13.3"" Retina Display - Intel Core i5 - 8GB Memory - 128GB Flash Storage - Gold",4.3,99.0,False,Apple,laptop,Refurbished,TI-GSRF MREE2LL/A,699.99,False,
6448363,"Apple - Geek Squad Certified Refurbished MacBook Air - 13.3"" Retina Display - Intel Core i5 - 8GB Memory - 256GB Flash Storage - Gold",4.1,44.0,False,Apple,laptop,Refurbished,TI-GSRF MREF2LL/A,799.99,False,
6448433,"Acer - Geek Squad Certified Refurbished 15.6"" Chromebook - Intel Atom x5 - 4GB Memory - 16GB eMMC Flash Memory",,,,Acer,laptop,Refurbished,GSRF CB3-532-108H,59.99,False,
6450865,"MacBook Pro 16"" Laptop - Apple M1 Max chip - 32GB Memory - 1TB SSD - Silver",4.8,427.0,True,Apple,laptop,New,MK1H3LL/A,1978.99,False,
6452857,"Apple - Macbook Pro 15"" Certified Refurbished - Intel Core i7 2.7 - Touch Bar - 16GB - 512GB SSD (2016) - Space Gray",3.3,16.0,False,Apple,laptop,Refurbished,MLH42LL/A,689.99,False,
6453976,"Apple - MacBook Pro 15"" Certified Refurbished - Intel Core i7 2.8GHz - Touch Bar - 16 GB Memory - 256GB SSD (2017) - Space Gray",3.5,30.0,False,Apple,laptop,Refurbished,MPTR2LL/A,399.99,False,
6457117,LG - gram 16” WQXGA Laptop – Intel Evo Platform Core i7 – 16GB RAM – 1TB NVMe Solid State Drive - Black,,,,LG,laptop,Refurbished,GSRF 16Z90P-K.AAB8U1,1699.99,False,
6457122,LG - Ultra PC 13” Full HD Laptop – Ryzen 5 – 8GB RAM – 256GB NVMe Solid State Drive - White,,,,LG,laptop,Refurbished,GSRF 13U70P-G.ARW5U1,799.99,False,
6458397,"Apple - MacBook Air 13.3"" Certified Refurbished - Intel Core i5 1.6 - 8GB Memory - 128GB SSD (2018) - Silver",3.7,35.0,False,Apple,laptop,Refurbished,MREA2LL/A,329.99,False,
6458398,"Apple - MacBook Air 13.3"" Certified Refurbished - Intel Core i3 Touch ID - 8GB Memory - 256GB SSD (2020) - Space Gray",4.5,12.0,False,Apple,laptop,Refurbished,MWTJ2LL/A,369.99,False,
6458399,"Apple - MacBook Pro 13.3"" Certified Refurbished - Intel Core i5 2.3GHz with 8GB Memory - 256GB SSD (2017) - Space Gray",4.0,40.0,False,Apple,laptop,Refurbished,MPXT2LL/A,319.99,False,
6458400,"Apple - MacBook Air 13"" Certified Refurbished - Intel Core i5 - 8GB Memory - 256GB SSD (2017) - Silver",3.9,51.0,False,Apple,laptop,Refurbished,MQD42LL/A,259.99,False,
6458401,"Apple - MacBook Pro 13"" Certified Refurbished - Intel Core i5 1.4GHz - Touch Bar/ID - 8GB Memory - 512GB SSD (2020) - Silver",,,,Apple,laptop,Refurbished,MXK72LL/A,524.99,False,
6461221,"Apple - MacBook Air 13.3"" Certified Refurbished - Intel Core i5 - 8GB Memory - 256GB Flash Storage (2015) - Silver",4.1,43.0,False,Apple,laptop,Refurbished,MMGG2LL/A,229.99,False,
6463472,"Apple - Geek Squad Certified Refurbished MacBook Pro 15.4"" Laptop - Intel Core i9 - 16GB - AMD Radeon Pro 560X - 512GB SSD - Silver",,,,Apple,laptop,Refurbished,GSRF MV932LL/A,1999.99,False,
6463618,"Microsoft - Geek Squad Certified Refurbished Surface Laptop 4 - 15"" Touch-Screen Laptop - Intel Core i7 - 32GB Memory - 1TB SSD - Matte Black",,,,Microsoft,laptop,Refurbished,TI-GSRF 5IV-00001,1689.99,False,
6465388,"Apple - Geek Squad Certified Refurbished MacBook Pro 13"" Laptop - Intel Core i5 - 8GB Memory - 256GB SSD - Space Gray",,,,Apple,laptop,Refurbished,TI-GSRF MV962LL/A,999.99,False,
6465389,"Apple - Geek Squad Certified Refurbished MacBook Air 13.3"" Laptop - Intel Core i5 - 8GB Memory - 128GB SSD - Space Gray",4.1,143.0,False,Apple,laptop,Refurbished,TI-GSRF MVFH2LL/A,559.99,False,
6465442,"Apple - MacBook Pro 13.3"" Certified Refurbished - Touch Bar - Intel Core i5 3.1GHz with 8GB Memory - 512GB SSD - Space Gray",,,,Apple,laptop,Refurbished,MBPRO-MPXW2-GY-RF,389.99,False,
6465445,"Apple - MacBook Pro 13.3"" Certified Refurbished - Touch Bar/ID - Intel Core i5 1.4GHz with 8GB Memory - 128GB SSD (2019) - Silver",4.3,28.0,False,Apple,laptop,Refurbished,MBPRO-MUHQ2-SV-RF,394.99,False,
6465450,"Apple - MacBook Pro 13.3"" Certified Refurbished - Intel Core i5 2.0GHz - Touch Bar/ID - 16GB Memory - 1TB SSD (2020) - Space Gray",3.9,20.0,False,Apple,laptop,Refurbished,MBPRO-MWP52-GY-RF,569.99,False,
6469035,"Apple - Geek Squad Certified Refurbished MacBook Pro - 13"" Display - Intel Core i5 - 8 GB Memory - 256GB Flash Storage - Space Gray",4.1,29.0,False,Apple,laptop,Refurbished,TI-GSRF MPXT2LL/A,449.99,False,
6470917,"Samsung - Geek Squad Certified Refurbished Galaxy Chromebook 2 - 13.3"" QLED Touch-Screen - Intel Core i3 - 8GB Memory - 128GB eMMC - Fiesta Red",4.7,10.0,False,Samsung,laptop,Refurbished,GSRF XE530QDA-KA1US,149.99,False,
6471145,"Apple - MacBook Pro 16"" Certified Refurbished - Intel Core i7 2.6GHz - Touch Bar/ID - 16GB Memory - 512GB SSD (2019) - Space Gray",4.0,167.0,False,Apple,laptop,Refurbished,MVVJ2LL/A,519.99,False,
6471146,"Apple - MacBook Air 13.3"" Certified Refurbished - Touch ID - Intel Core i5 with 8GB Memory - 256GB SSD (2019) - Space Gray",4.0,21.0,False,Apple,laptop,Refurbished,MVFJ2LL/A,339.99,False,
6471151,"Apple - MacBook Air 13"" Refurbished 2560x1600 Intel 8th Gen Core i5 1.6GHz with 8GB Memory UHD with 1.5GB 256GB SSD - Space Gray",4.0,30.0,False,Apple,laptop,Refurbished,MRE92LL/A,319.99,False,
6473750,"Apple - MacBook Air 13.3"" Certified Refurbished - Intel Core i5 Touch ID - 8GB Memory - 256GB SSD (2019) - Silver",4.0,21.0,False,Apple,laptop,Refurbished,MVFL2LL/A,339.99,False,
6473816,"Apple - Geek Squad Certified Refurbished MacBook Pro 15"" - Intel Core i7 - 16GB Memory - AMD Radeon Pro 560X - 512GB SSD - Space Gray",,,,Apple,laptop,Refurbished,TI-GSRF MR942LL/A,2299.99,False,
6475715,"Apple - MacBook Pro 13.3"" Certified Refurbished - Intel Core i5 2.0GHz - Touch Bar/ID - 16GB Memory - 512GB SSD (2020) - Space Gray",4.1,46.0,False,Apple,laptop,Refurbished,MWP42LL/A,489.99,False,
6477625,"Lenovo - IdeaPad Duet 5 Chromebook 2-in1 Laptop - 13.3"" Full HD Touchscreen - Snapdragon 7cG2 - 8GB - 128GB eMMC - with Keyboard - Abyss Blue",4.4,1258.0,False,Lenovo,laptop,New,82QS001HUS,499.0,False,
6484484,"Apple - MacBook Pro 16"" Certified Refurbished - Intel Core i7 2.6GHz - Touch Bar/ID - 16GB Memory - 512GB SSD (2019) - Silver",4.0,167.0,False,Apple,laptop,Refurbished,MVVL2LL/A,519.99,False,
6489612,"Apple - Geek Squad Certified Refurbished MacBook Air 13.3"" Laptop - Intel Core i5 - 8GB Memory - 256GB Solid State Drive - Gold",4.2,52.0,False,Apple,laptop,Refurbished,GSRF MVFN2LL/A,349.99,False,
6489613,"Apple - Geek Squad Certified Refurbished MacBook Pro - 13"" Display with Touch Bar - Intel Core i7 - 16GB Memory - 1TB SSD - Space Gray",5.0,2.0,False,Apple,laptop,Refurbished,GSRF MV982LL/A,899.99,False,
6489614,"Apple - Geek Squad Certified Refurbished MacBook Air - 13.3"" Retina Display - Intel Core i5 - 16GB Memory - 512GB Flash Storage - Gold",,,,Apple,laptop,Refurbished,TI-GSRF MUQV2LL/A,799.99,False,
6489615,"Apple - Geek Squad Certified Refurbished MacBook Pro - 16"" Display- Intel Core i7- 16GB Memory- AMD Radeon Pro 5300M - 512GB SSD - Space Gray",4.0,165.0,False,Apple,laptop,Refurbished,GSRF MVVJ2LL/A,549.99,False,
6489617,"Apple - Geek Squad Certified Refurbished MacBook Pro - 16"" Display- Intel Core i9- 16GB Memory- AMD Radeon Pro 5500M - 1TB SSD - Space Gray",3.9,141.0,False,Apple,laptop,Refurbished,GSRF MVVK2LL/A,694.99,False,
6489618,"Apple - Geek Squad Certified Refurbished MacBook Pro - 16"" Display- Intel Core i7- 16GB Memory- AMD Radeon Pro 5300M - 512GB SSD - Silver",4.0,165.0,False,Apple,laptop,Refurbished,GSRF MVVL2LL/A,529.99,False,
6489620,"Apple - Geek Squad Certified Refurbished MacBook Pro - 16"" Display- Intel Core i9- 16GB Memory- AMD Radeon Pro 5500M - 1TB SSD - Silver",3.9,141.0,False,Apple,laptop,Refurbished,GSRF MVVM2LL/A,839.99,False,
6489621,"Apple - Geek Squad Certified Refurbished MacBook Air 13.3"" Laptop - Intel Core i5 - 8GB Memory - 512GB Solid State Drive - Space Gray",3.9,89.0,False,Apple,laptop,Refurbished,GSRF MVH22LL/A,369.99,False,
6489622,"Apple - Geek Squad Certified Refurbished MacBook Air 13.3"" Laptop- Intel Core i5 - 8GB Memory - 512GB Solid State Drive - Silver",3.9,89.0,False,Apple,laptop,Refurbished,GSRF MVH42LL/A,399.99,False,
6489623,"Apple - Geek Squad Certified Refurbished MacBook Air 13.3"" Laptop- Intel Core i5 - 8GB Memory - 512GB Solid State Drive - Gold",3.9,89.0,False,Apple,laptop,Refurbished,GSRF MVH52LL/A,429.99,False,
6489626,"Apple - Geek Squad Certified Refurbished MacBook Pro 15.4"" Display- Intel Core i9- 32GB Memory- AMD Radeon Pro Vega 20 - 1TB SSD - Space Gray",,,,Apple,laptop,Refurbished,GSRF MV952LL/A,4149.99,False,
6489627,"Apple - Geek Squad Certified Refurbished MacBook Air 13.3"" Laptop- Intel Core i5 - 16GB Memory - 512GB Solid State Drive - Space Gray",,,,Apple,laptop,Refurbished,GSRF MVH62LL/A,799.99,False,
6489684,"Geek Squad Certified Refurbished MacBook Air 13.3"" Laptop - Apple M1 chip - 8GB Memory - 256GB SSD - Silver",4.4,393.0,False,Apple,laptop,Refurbished,GSRF MGN93LL/A,399.99,False,
6489685,"Geek Squad Certified Refurbished MacBook Air 13.3"" Laptop - Apple M1 chip - 8GB Memory - 512GB SSD - Silver",4.1,67.0,False,Apple,laptop,Refurbished,GSRF MGNA3LL/A,499.99,False,
6489687,"Geek Squad Certified Refurbished MacBook Air 13.3"" Laptop - Apple M1 chip - 8GB Memory - 256GB SSD - Gold",4.4,393.0,False,Apple,laptop,Refurbished,GSRF MGND3LL/A,329.99,False,
6489689,"Apple - Geek Squad Certified Refurbished MacBook Pro - 13"" Display with Touch Bar - Intel Core i5 - 8GB Memory - 256GB SSD - Silver",4.4,27.0,False,Apple,laptop,Refurbished,GSRF MV992LL/A,499.99,False,
6489690,"Geek Squad Certified Refurbished MacBook Air 13.3"" Laptop - Apple M1 chip - 8GB Memory - 512GB SSD - Gold",4.1,67.0,False,Apple,laptop,Refurbished,GSRF MGNE3LL/A,379.99,False,
6489692,"Apple - Geek Squad Certified Refurbished MacBook Pro - 13"" Display with Touch Bar - Intel Core i5 - 8GB Memory - 256GB SSD - Space Gray",4.4,27.0,False,Apple,laptop,Refurbished,GSRF MV962LL/A,419.99,False,
6489696,"Geek Squad Certified Refurbished MacBook Pro 13.3"" Laptop - Apple M1 chip - 8GB Memory - 256GB SSD - Space Gray",4.5,167.0,False,Apple,laptop,Refurbished,GSRF MYD82LL/A,429.99,False,
6489698,"Geek Squad Certified Refurbished MacBook Pro 13.3"" Laptop - Apple M1 chip - 8GB Memory - 256GB SSD - Silver",4.5,167.0,False,Apple,laptop,Refurbished,GSRF MYDA2LL/A,469.99,False,
6489699,"Geek Squad Certified Refurbished MacBook Pro 13.3"" Laptop - Apple M1 chip - 8GB Memory - 512GB SSD - Space Gray",4.0,78.0,False,Apple,laptop,Refurbished,GSRF MYD92LL/A,499.99,False,
6489701,"Geek Squad Certified Refurbished MacBook Pro 13.3"" Laptop - Apple M1 chip - 8GB Memory - 512GB SSD - Silver",4.0,78.0,False,Apple,laptop,New,GSRF MYDC2LL/A,1499.99,False,
6489702,"Geek Squad Certified Refurbished MacBook Air 13.3"" Laptop - Apple M1 chip - 8GB Memory - 512GB SSD - Space Gray",4.1,67.0,False,Apple,laptop,Refurbished,GSRF MGN73LL/A,449.99,False,
6489717,"Apple - Geek Squad Certified Refurbished MacBook Air 13.3"" Laptop - Intel Core i3 - 8GB Memory - 256GB Solid State Drive - Space Gray",4.2,188.0,False,Apple,laptop,Refurbished,GSRF MWTJ2LL/A,309.99,False,
6489722,"Apple - Geek Squad Certified Refurbished MacBook Air 13.3"" Laptop - Intel Core i3 - 8GB Memory - 256GB Solid State Drive - Silver",4.2,188.0,False,Apple,laptop,Refurbished,GSRF MWTK2LL/A,359.99,False,
6489726,"Apple - Geek Squad Certified Refurbished MacBook Pro - 13"" Display with Touch Bar - Intel Core i5 - 8GB Memory - 512GB SSD - Space Gray",3.9,16.0,False,Apple,laptop,Refurbished,GSRF MV972LL/A,429.99,False,
6489729,"Apple - Geek Squad Certified Refurbished MacBook Air 13.3"" Laptop - Intel Core i3 - 8GB Memory - 256GB Solid State Drive - Gold",4.2,188.0,False,Apple,laptop,Refurbished,GSRF MWTL2LL/A,379.99,False,
6489731,"Apple - Geek Squad Certified Refurbished MacBook Pro 15.4"" Display - Intel Core i7- 16GB Memory- AMD Radeon Pro 555X - 256GB SSD - Silver",3.8,20.0,False,Apple,laptop,Refurbished,TI-GSRF MV922LL/A,399.99,False,
6489733,"Apple - Geek Squad Certified Refurbished MacBook Pro 15.4"" Display- Intel Core i7- 16GB Memory- AMD Radeon Pro 555X - 256GB SSD - Space Gray",3.8,20.0,False,Apple,laptop,Refurbished,GSRF MV902LL/A,599.99,False,
6489763,"Apple - Geek Squad Certified Refurbished MacBook Pro 15.4"" Display- Intel Core i9- 16GB Memory- AMD Radeon Pro 560X - 512GB SSD - Silver",3.9,22.0,False,Apple,laptop,Refurbished,GSRF MV912LL/A,599.99,False,
6489769,"Geek Squad Certified Refurbished MacBook Air 13.3"" Laptop - Apple M1 chip - 8GB Memory - 256GB SSD - Space Gray",4.4,393.0,False,Apple,laptop,Refurbished,GSRF MGN63LL/A,399.99,False,
6489774,"Apple - Geek Squad Certified Refurbished MacBook Pro - 13"" Display with Touch Bar - Intel Core i5 - 8GB Memory - 128GB SSD - Space Gray",4.1,82.0,False,Apple,laptop,Refurbished,GSRF MUHN2LL/A,399.99,False,
6489836,"Apple - Geek Squad Certified Refurbished MacBook Pro - 13"" Display with Touch Bar - Intel Core i5 - 8GB Memory - 256GB SSD - Space Gray",4.1,61.0,False,Apple,laptop,Refurbished,GSRF MUHP2LL/A,459.99,False,
6489838,"Apple - Geek Squad Certified Refurbished MacBook Pro - 13"" Display with Touch Bar - Intel Core i5 - 8GB Memory - 128GB SSD - Silver",4.1,82.0,False,Apple,laptop,Refurbished,GSRF MUHQ2LL/A,419.99,False,
6489839,"Apple - Geek Squad Certified Refurbished MacBook Pro - 13"" Display with Touch Bar - Intel Core i5 - 8GB Memory - 256GB SSD - Silver",4.1,61.0,False,Apple,laptop,Refurbished,GSRF MUHR2LL/A,429.99,False,
6489840,"Apple - Geek Squad Certified Refurbished MacBook Pro - 13"" Display with Touch Bar - Intel Core i5 - 8GB Memory - 256GB SSD - Space Gray",4.0,91.0,False,Apple,laptop,Refurbished,GSRF MXK32LL/A,419.99,False,
6489841,"Apple - Geek Squad Certified Refurbished MacBook Pro - 13"" Display with Touch Bar - Intel Core i5 - 8GB Memory - 256GB SSD - Silver",4.0,91.0,False,Apple,laptop,Refurbished,GSRF MXK62LL/A,429.99,False,
6489842,"Apple - Geek Squad Certified Refurbished MacBook Pro - 13"" Display with Touch Bar - Intel Core i5 - 8GB Memory - 512GB SSD - Space Gray",4.0,31.0,False,Apple,laptop,Refurbished,GSRF MXK52LL/A,319.99,False,
6489914,"Apple - Geek Squad Certified Refurbished MacBook Pro - 13"" Display with Touch Bar - Intel Core i5 - 8GB Memory - 512GB SSD - Silver",,,,Apple,laptop,Refurbished,GSRF MXK72LL/A,949.99,False,
6489915,"Apple - Geek Squad Certified Refurbished MacBook Pro - 13"" Display with Touch Bar - Intel Core i5 - 16GB Memory - 512GB SSD - Space Gray",4.1,85.0,False,Apple,laptop,Refurbished,GSRF MWP42LL/A,499.99,False,
6490126,"Apple - Geek Squad Certified Refurbished MacBook Pro - 13"" Display with Touch Bar - Intel Core i5 - 16GB Memory - 512GB SSD - Silver",4.1,85.0,False,Apple,laptop,Refurbished,GSRF MWP72LL/A,549.99,False,
6490127,"Apple - Geek Squad Certified Refurbished MacBook Pro - 13"" Display with Touch Bar - Intel Core i5 - 16GB Memory - 1TB SSD - Space Gray",3.5,14.0,False,Apple,laptop,Refurbished,GSRF MWP52LL/A,599.99,False,
6490128,"Apple - Geek Squad Certified Refurbished MacBook Pro - 13"" Display with Touch Bar - Intel Core i5 - 16GB Memory - 1TB SSD - Silver",3.5,14.0,False,Apple,laptop,Refurbished,GSRF MWP82LL/A,649.99,False,
6621617,"MSI - 18"" Gaming Laptop 3840 x 2400 () - AMD Ryzen 9 9955HX3D with 64GB Memory - GeForce RTX 5080 - 2 TB SSD - Core Black, Black",4.0,1.0,False,MSI,laptop,New,RAIDERA18HX082,3299.99,False,
6621620,"MSI - 18"" Gaming Laptop 3840 x 2400 () - AMD Ryzen AI 9 HX 370 with 64GB Memory - GeForce RTX 5090 - 2 TB SSD - Midnight Black, Black",,,,MSI,laptop,New,STEALTHA18AI3006,4599.99,False,
6622092,"ASUS - Vivobook S16 16"" 3K OLED Laptop - Copilot+ PC - AMD Ryzen AI 7 350 with 24GB Memory - 1TB SSD - Neutral Black",4.3,7.0,False,ASUS,laptop,New,M5606KA-PS77,1149.99,False,
6622093,"ASUS - Vivobook 16 Flip - 16"" 3K OLED Touch Laptop - Copilot+ PC - Intel Core Ultra 7 256V with 16GB Memory - 512GB SSD - Matte Gray",4.8,6.0,False,ASUS,laptop,New,TP3607SA-DS74T,1199.99,False,
6622094,"ASUS - Vivobook 16 16"" FHD+ Laptop - Copilot+ PC - AMD Ryzen AI 7 350 with 16GB Memory - 1TB SSD - Quiet Blue",,,,ASUS,laptop,New,M1607KA-DS76,899.99,False,
6622095,"ASUS - TUF Gaming F15 15"" FHD 144Hz Gaming Laptop - Intel Core i5 with 16GB Memory - NVIDIA GeForce RTX 3050 - 512GB SSD - Mecha Gray",3.0,2.0,False,ASUS,laptop,New,FX507ZC-ES53,899.99,False,
6622097,"ASUS - Vivobook 16 16"" FHD+ Laptop - Intel Core i5-13420H with 16GB Memory - 512GB SSD - Cool Silver",5.0,1.0,False,ASUS,laptop,New,F1605VA-ES56,579.0,False,
6622098,"ASUS - Vivobook 16 16"" FHD+ Laptop - Copilot+ PC - AMD Ryzen AI 5 340 with 16GB Memory - 512GB SSD - Quiet Blue",5.0,1.0,False,ASUS,laptop,New,M1607KA-DS54,799.99,False,
6622099,"ASUS - Vivobook S14 14"" FHD+ OLED Laptop - Copilot+ PC - AMD Ryzen AI 9 HX 370 with 32GB Memory - 1TB SSD - Neutral Black",3.8,5.0,False,ASUS,laptop,New,M5406WA-BS99,1199.99,False,
6622860,"ASUS - ProArt P16 16"" 4K OLED Touch Screen Laptop - Copilot+ PC - AMD Ryzen AI 9 HX 370 with 32GB Memory - RTX 5070 - 2TB SSD - Nano Black",4.4,45.0,False,ASUS,laptop,New,H7606WP-P16.R95070,2299.99,False,
6623748,"GIGABYTE - AORUS MASTER 16 - 16"" 240Hz 2560x1600 WQXGA Intel Core Ultra 9 275HX - 1TB SSD - 32GB DDR5 RAM - GeForce 5070Ti - Dark Tide",2.0,1.0,False,GIGABYTE,laptop,New,AORUS MASTER 16 BXHC4USE64SH,2599.99,False,
6623749,"GIGABYTE - AORUS MASTER 18 - 18"" 240Hz 2560x1600 WQXGA Intel Core Ultra 9 275HX - 2TB SSD - 32GB DDR5 RAM - GeForce RTX 5080 - 5-Degree Black",5.0,2.0,False,GIGABYTE,laptop,New,AORUS MASTER 18 BYHC5USD65SH,3299.99,False,
6623750,"GIGABYTE - AORUS MASTER 16 - 16"" 240Hz 2560x1600 WQXGA Intel Core Ultra 9 275HX - 1TB SSD - 32GB DDR5 RAM - GeForce RTX 5080 - Dark Tide",3.0,2.0,False,GIGABYTE,laptop,New,AORUS MASTER 16 BYHC5USE64SH,2699.99,False,
6623751,"GIGABYTE - AORUS MASTER 18 - 18"" 240Hz 2560x1600 WQXGA Intel Core Ultra 9 275HX - 2TB SSD - 64GB DDR5 RAM - GeForce RTX 5090 - 5-Degree Black",2.1,8.0,False,GIGABYTE,laptop,New,AORUS MASTER 18 BZHC6USD45SH,4399.99,False,
6623897,"Dell - Pro 14 Plus PB14250 14"" Copilot+ PC Laptop Intel Core Ultra 5 236V vPro Technology 16GB 512GB SSD - Silver",,,,Dell,laptop,New,2YM1D,1089.99,False,
6624246,"Lenovo - ThinkPad X1 Carbon G13 - Copilot+ PC - 14"" 3K OLED Laptop - Intel Ultra 7 with 32GB Memory - 512GB SSD - Black",4.8,4.0,False,Lenovo,laptop,New,21NS0014US,1929.99,False,
6624251,"GIGABYTE - AORUS MASTER 16 - 16"" 240HZ 2560x1600 WQXGA Intel Core Ultra 9 275HX - 2TB SSD - 32GB DDR5 RAM - GeForce RTX 5090 - Dark Tide",3.7,3.0,False,GIGABYTE,laptop,New,AORUS MASTER 16 BZHC6USE65SH,4299.99,False,
6625143,"ASUS - Vivobook 14 14"" FHD Laptop - Copilot+ PC - AMD Ryzen AI 7 350 with 16GB Memory - 512GB SSD - Platinum Gold",5.0,4.0,False,ASUS,laptop,New,M1407KA-PS74,849.99,False,
6625290,"Samsung - Galaxy Book5 PRO 16"" Touch Screen Laptop - Intel Core Ultra 7 with 16GB Memory - 512GB SSD - Gray",,,,Samsung,laptop,New,NP964XHA-KG1US,1549.99,False,
6625291,"Samsung - Galaxy Book5 PRO 16"" Touch Screen Laptop - Intel Core Ultra 7 with 32GB Memory - 1TB SSD - Gray",,,,Samsung,laptop,New,NP964XHA-KG2US,1949.99,False,
6625292,"Samsung - Galaxy Book5 PRO 14"" Touch Screen Laptop - Intel Core Ultra 7 with 16GB Memory - 512GB SSD - Gray",,,,Samsung,laptop,New,NP944XHA-KG2US,1449.99,False,
6625293,"Samsung - Galaxy Book5 360 15.6"" Touch Screen Laptop - Intel Core Ultra 7 with 16GB Memory - 512GB SSD - Gray",,,,Samsung,laptop,New,NP754QHA-KA2US,1449.99,False,
6625646,"Dell - Plus - Copilot+ PC - 14"" 2K 2-in-1 Touchscreen Laptop - AMD Ryzen AI 5 340 2025 - 16GB Memory - 512GB Storage - Midnight Blue",4.5,34.0,True,Dell,laptop,New,LDB04255-A376BLU-PUS,849.99,False,
6625647,"Dell - Plus - Copilot+ PC - 14"" 2K 2-in-1 Touchscreen Laptop - AMD Ryzen AI 7 350 2025 - 16GB Memory - 1TB Storage - Midnight Blue",4.6,196.0,True,Dell,laptop,New,LDB04255-A369BLU-PUS,999.99,False,
6625957,"Dell - Precision 3560 15.6"" Refurbished Laptop - Intel 11th Gen Core i5 with 32GB Memory - Intel Iris Xe Graphics - 512 SSD - Gray",5.0,1.0,False,Dell,laptop,Refurbished,PRECISION 3560,723.43,False,
6625959,"HP - ProBook 440 G8 14"" Refurbished Laptop - Intel 11th Gen Core i5 with 16GB Memory - Intel Iris Xe Graphics - 256GB SSD - Silver",,,,HP,laptop,Refurbished,PROBOOK 440 G8,506.29,False,
6625960,"Dell - Latitude 5420 14"" Refurbished Laptop - Intel 11th Gen Core i5 with 32GB Memory - Intel Iris Xe Graphics - 512GB SSD - Gray",,,,Dell,laptop,Refurbished,5420,586.29,False,
6625961,"HP - EliteBook 840 G8 14"" Refurbished Laptop - Intel 11th Gen Core i5 with 16GB Memory - Intel Iris Xe Graphics - 256GB SSD - Silver",,,,HP,laptop,Refurbished,840 G8,563.43,False,
6625962,"HP - EliteBook 830 G8 13.3"" Refurbished Laptop - Intel 11th Gen Core i7 with 32GB Memory - Intel Iris Xe Graphics - 512GB SSD - Silver",,,,HP,laptop,Refurbished,830 G8,654.86,False,
6625963,"HP - EliteBook 850 G8 15.6"" Refurbished Laptop - Intel 11th Gen Core i7 with 32GB Memory - Intel Iris Xe Graphics - 1TB SSD - Silver",,,,HP,laptop,Refurbished,850 G8,872.0,False,
6625971,"HP - ZBook Studio G7 15.6"" Refurbished Laptop - Intel 10th Gen Core i9 with 32GB Memory - NVIDIA Quadro T2000 - 1TB SSD - Gray",,,,HP,laptop,Refurbished,ZBOOK STUDIO G7,1066.29,False,
6626024,"LG - gram Book 15"" Laptop - Intel Core i5-1334U with 8GB Memory - 512GB SSD - Titan Silver",5.0,3.0,False,LG,laptop,New,15U50T-G.ARS2U1,649.99,False,
6626050,"ASUS - Vivobook S 15 15.6"" 3K OLED Laptop - Copilot+ PC - Snapdragon X Elite - 32GB Memory - 1TB SSD - Cool Silver",4.3,10.0,False,ASUS,laptop,New,S5507QAD-PS99,1399.99,False,
6626051,"ASUS - Vivobook 15 15.6"" FHD Laptop - Intel Core i3 with 8GB Memory - 512GB SSD - Quiet Blue",4.0,6.0,False,ASUS,laptop,New,F1504ZA-SB36,369.99,False,
6628293,"HP - EliteBook 840 G9 14"" Refurbished Laptop - Intel 12th Gen Core i5 with 32GB Memory - Intel Iris Xe Graphics - 1TB SSD - Silver",,,,HP,laptop,Refurbished,840 G9,825.99,False,
6628354,"Dell - Plus - Copilot+ PC - 16"" 2K Touchscreen Laptop - AMD Ryzen AI 7 350 2025 - 32GB Memory - 1TB Storage - Ice Blue",4.7,225.0,True,Dell,laptop,New,LDB16255-A873BLU-PUS,1099.99,False,
6628459,"HP - OmniBook X 16"" 2K OLED Touch-Screen Laptop - Intel Core Ultra 7 - 32GB DDR5 Memory - NVIDIA GeForce RTX 4050 - 2TB SSD - Meteor Silver",4.8,63.0,True,HP,laptop,New,BN9R0UA#ABA,1149.99,False,
6628947,"Lenovo - ThinkPad X9-14 Gen 1 - Copilot+ PC - 14"" 2K OLED Laptop - Intel Ultra 5 with 32GB Memory - 1TB SSD - Gray",,,,Lenovo,laptop,New,21QA0002US,2069.99,False,
6628950,"Lenovo - ThinkPad X9-14 Gen 1 - Copilot+ PC - 14"" 2K OLED Laptop - Intel Ultra 5 with 16GB Memory - 512GB SSD - Gray",,,,Lenovo,laptop,New,21QA0000US,1219.99,False,
6629253,"HP - EliteBook 840 G10 14"" Refurbished Laptop - Intel 13th Gen Core i5 with 16GB Memory - Intel Iris Xe Graphics - 512GB SSD - Silver",,,,HP,laptop,Refurbished,840 G10,917.99,False,
6629271,"HP - ProBook 640 G8 14"" Refurbished Laptop - Intel 11th Gen Core i5 with 32GB Memory - Intel Iris Xe Graphics - 1TB SSD - Silver",,,,HP,laptop,Refurbished,640 G8,609.99,False,
6629274,"HP - EliteBook 840 G10 14"" Refurbished Laptop - Intel 13th Gen Core i5 with 32GB Memory - Intel Iris Xe Graphics - 1TB SSD - Silver",,,,HP,laptop,Refurbished,840 G10,999.99,False,
6629337,"Dell - Pro Rugged 14 RB14250 14"" Laptop Intel Core Ultra 5 135U 16GB 512GB SSD - Black",,,,Dell,laptop,New,P1K9G,2279.99,False,
6629539,"ASUS - TUF Gaming F16 16"" 144Hz FHD+ Gaming Laptop - Intel Core 5 210H with 8GB Memory - NVIDIA GeForce RTX 4050 - 512GB SSD - Mecha Gray",,,,ASUS,laptop,New,FX607VU-ES51,999.99,False,
6629540,"ASUS - ROG Strix SCAR 18"" 2.5K 240Hz Gaming Laptop - Intel Core Ultra 9 HX with 32GB - NVIDIA GeForce RTX 5080 - 2TB SSD - Off Black",3.7,16.0,False,ASUS,laptop,New,G835LW-XS97,3399.99,False,
6629541,"ASUS - ROG Flow Z13 13.4"" 2.5K 180Hz Touch-Screen Gaming Laptop - Copilot+ PC - AMD Ryzen AI Max+ 395 - 128GB RAM - 1TB SSD - Off Black",4.9,7.0,False,ASUS,laptop,New,GZ302EA-XS99,2799.99,False,
6629542,"ASUS - TUF Gaming F16 16"" 144Hz FHD+ Gaming Laptop - Intel Core i7 with 16GB Memory - NVIDIA GeForce RTX 4050 - 512GB SSD - Mecha Gray",5.0,2.0,False,ASUS,laptop,New,FX607VU-DS73,1199.99,False,
6629711,"ASUS - ROG Zephyrus G16 16"" OLED 2.5K 240Hz Gaming Laptop - Intel Core Ultra 9 - 64GB RAM - NVIDIA GeForce RTX 5090 - 2TB SSD - Platinum White",4.6,5.0,False,ASUS,laptop,New,GU605CX-XS98,4599.99,False,
6629713,"ASUS - ROG Zephyrus G16 16"" OLED 2.5K 240Hz Gaming Laptop - Intel Core Ultra 9 - 64GB RAM - NVIDIA GeForce RTX 5080 - 2TB SSD - Platinum White",4.1,7.0,False,ASUS,laptop,New,GU605CW-XS98,3599.99,False,
6630493,"Lenovo - Chromebook Plus 14"" OLED 2K Touchscreen Laptop with Gemini - MediaTek Kompanio Ultra - 16GB Memory - 256GB UFS - Seashell",4.8,63.0,True,Lenovo,laptop,New,83MY0000US,749.0,False,
6630570,"HP - EliteBook Ultra G1i 14"" IPS OLED 2880 x 1800 (2.8K) Touch Screen Laptop -Intel Core Ultra 7 with 32GB Memory -512GB SDD - Atmosphere Blue, Blue",5.0,2.0,False,HP,laptop,New,B5PW1UT#ABA,2039.99,False,
6630914,"HP - Laptop 17-cn3375nr 17.3"" Intel Core i5-1334U 8GB RAM 512GB SSD Win 11 Home - Pale Rose Gold",3.7,3.0,False,HP,laptop,New,B89N0UA#ABA,629.99,False,
6630917,"HP - Laptop 17-cn3123nr 17.3"" Intel Core i5-1335U 16GB RAM 512GB SSD Win 11 Home - Silver",4.8,6.0,False,HP,laptop,New,B94P2UA#ABA,759.99,False,
6630918,HP - OmniBook 5 16 inch Laptop Next Gen AI PC 16-ag1000nr AMD Ryzen AI 5 340 16GB RAM 512GB SSD Win 11 Silver - Glacier silver aluminum,3.3,3.0,False,HP,laptop,New,B6KG0UA#ABA,671.99,False,
6630919,HP - OmniBook 5 16 inch Touch Laptop AI PC 16-af1700nr Intel Core Ultra 5 225U 16GB RAM 512GB SSD Win 11 Home - Silver,1.0,1.0,False,HP,laptop,New,B7FY2UA#ABA,859.99,False,
6630920,HP - 14 inch Laptop PC 14-ep0500nr Intel Processor N200 4GB RAM 128GB UFS Win 11 Home S - Silver,1.0,1.0,False,HP,laptop,New,B6JG2UA#ABA,399.99,False,
6630921,HP - Victus Laptop 15-FA2500NR - Intel Core i5-13420H - 8GB Memory NVIDIA GeForce RTX 2050 - 512 GB SSD - Mica Silver,,,,HP,laptop,New,B6KB2UA#ABA,929.99,False,
6632084,"ASUS - ROG Strix SCAR 16 16"" 2.5K 240Hz Gaming Laptop - Intel Core Ultra 9 HX - 32GB RAM - NVIDIA GeForce RTX 5090 - 2TB SSD - Off Black",4.2,5.0,False,ASUS,laptop,New,G635LX-XS97,3749.99,False,
6632087,"ASUS - ROG Strix SCAR 16 16"" 2.5K 240Hz Gaming Laptop - Intel Core Ultra 9 HX - 32GB RAM - NVIDIA GeForce RTX 5080 - 2TB SSD - Off Black",4.9,9.0,False,ASUS,laptop,New,G635LW-XS97,3299.99,False,
6632408,"Samsung - Galaxy Chromebook Go - 14"" LED Laptop - Intel Celeron- 4GB Memory - 128GB Storage - Silver",4.3,34.0,False,Samsung,laptop,New,XE340XDA-KA8US,149.99,False,
6632994,"ASUS - ROG Strix G16 16"" 2.5K 240Hz Gaming Laptop - AMD Ryzen 9 9955HX3D with 32GB RAM - NVIDIA GeForce RTX 5070 Ti - 1TB SSD - Eclipse Gray",4.4,8.0,False,ASUS,laptop,New,G614FR-DS96,2499.99,False,
6632995,"ASUS - ROG Zephyrus G14 14"" OLED 3K 120Hz Gaming Laptop - AMD Ryzen AI 9 HX - 32GB RAM - NVIDIA GeForce RTX 5070 Ti - 2TB SSD - Eclipse Gray",4.1,10.0,False,ASUS,laptop,New,GA403WR-XS97,2499.99,False,
6632997,"ASUS - ROG Zephyrus G16 16"" OLED 2.5K 240Hz Gaming Laptop - Intel Core Ultra 9 - 32GB RAM - NVIDIA GeForce RTX 5070Ti - 2TB SSD - Platinum White",4.8,9.0,False,ASUS,laptop,New,GU605CR-XS97,2799.99,False,
6633220,"HP - OmniBook 5 - Copilot+ PC - 14"" 2K OLED Touch-Screen Laptop - Snapdragon X Plus - 16GB Memory - 512GB SSD - Glacier Silver",4.8,112.0,True,HP,laptop,New,BV9S3UA#ABA,549.99,False,
6633423,"ASUS - Vivobook 16"" FHD+ Laptop - Intel Core 5 with 16GB Memory - 512GB SSD - Indie Black",3.0,1.0,False,ASUS,laptop,New,F1605VAP-OS54,699.99,False,
6633424,"ASUS - ROG Strix G18 18"" 2.5K 240Hz Gaming Laptop - AMD Ryzen 9 HX - 16GB RAM - NVIDIA GeForce RTX 5070 - 1TB SSD - Eclipse Gray",4.5,2.0,False,ASUS,laptop,New,G814PP-DS94,2099.99,False,
6633425,"ASUS - Vivobook Go - 15.6"" FHD Laptop - AMD Ryzen 3 with 8GB Memory - 512GB SSD - Mixed Black",5.0,2.0,False,ASUS,laptop,New,E1504FA-OS36,399.99,False,
6633426,"ASUS - ROG Strix G18 18"" 2.5K 240Hz Gaming Laptop - AMD Ryzen 9 HX - 32GB RAM - NVIDIA GeForce RTX 5060 - 1TB SSD - Eclipse Gray",4.2,5.0,False,ASUS,laptop,New,G814PM-ES96,1999.99,False,
6633872,"Samsung - Galaxy Book4 Edge - Copilot+ PC - 15.6"" LED Laptop - Snapdragon X- 16GB Memory- 512 GB Storage - Sapphire Blue",4.6,36.0,True,Samsung,laptop,New,NP750XQB-KA2US,599.99,False,
6634397,"HP - OmniBook X Flip - Copilot+ PC - 16"" 3K OLED Touch-Screen Laptop - Intel Core Ultra 9 - 32GB Memory - 2TB SSD - Eclipse Gray",4.8,92.0,True,HP,laptop,New,BZ0N2UA#ABA,999.99,True,6.0
6635276,"ASUS - ROG Strix G16 (2025) 16"" Nebula 2.5K 240Hz Gaming Laptop- Intel Core Ultra 9 275HX- 32GB DDR5- GeForce RTX 5070- 2TB SSD - Eclipse Gray",3.0,4.0,False,ASUS,laptop,New,G615LP-XS97,2099.99,False,
6635280,"ASUS - ProArt P16 16"" 4K Touch Screen Laptop - Copilot+ PC - AMD Ryzen AI 9 HX 370 - 64GB Memory - RTX 5070 - 2TB SSD - Nano Black",4.5,4.0,False,ASUS,laptop,New,H7606WP-PB99T,2799.99,False,
6635281,"ASUS - CX34 14"" FHD Chromebook Plus Laptop with Google AI - Intel Core i3 with 8GB Memory - 256 GB SSD - Pearl White",5.0,2.0,False,ASUS,laptop,New,CX3402CBA-DH386-WH,499.99,False,
6635282,"ASUS - Vivobook 17 17.3"" FHD Laptop - Intel Core i7-1355U with 16GB RAM - 1TB SSD - Cool Silver",4.4,5.0,False,ASUS,laptop,New,F1704VA-ES76,749.99,False,
6635451,"Dell - Pro Rugged 14 RB14250 14"" Laptop Intel Core Ultra 7 165U 16GB 512GB SSD - Black",,,,Dell,laptop,New,MC9P0,2459.99,False,
6635452,"Dell - Pro 14 Premium PA14250 14"" Copilot+ PC Laptop Intel Core Ultra 7 268V vPro Technology Intel Evo Platform 32GB 512GB SSD - Magnetite, Other",1.0,1.0,False,Dell,laptop,New,FK5CT,2079.99,False,
6635454,"Dell - Pro Rugged 14 RB14250 14"" Touchscreen Laptop Intel Core Ultra 5 135U 16GB 512GB SSD - Black",,,,Dell,laptop,New,T5VPN,2579.99,False,
6635455,"Dell - Pro 13 Premium PA13250 13.3"" Copilot+ PC Laptop Core Ultra 7-268V vPro Technology Intel Evo Platform 32GB 512GB SSD - Magnetite, Other",,,,Dell,laptop,New,JWP67,1729.99,False,
6635459,"Dell - Pro Rugged 14 RB14250 14"" Touchscreen Laptop Intel Core Ultra 7 165U 16GB 512GB SSD - Black",,,,Dell,laptop,New,JGJX6,2709.99,False,
6635460,"Dell - Pro 16 Plus PB16250 16"" Copilot+ PC Laptop Intel Core Ultra 7 266V vPro Technology 16GB 512GB SSD - Silver",,,,Dell,laptop,New,GCY30,1449.99,False,
6635461,"Dell - Chromebook 3120 11.6"" Touchscreen Laptop Intel N-Series N100 4GB 64GB EMMC - Gray",1.0,1.0,False,Dell,laptop,New,62PNR,279.99,False,
6635463,"Dell - Pro 16 Plus 16"" IPS 1920 x 1200 (Full HD Plus) Laptop - Intel Core Ultra 7 with 16GB Memory - 512 GB SSD - Silver",,,,Dell,laptop,New,693N6,1549.99,False,
6635525,"Samsung - Galaxy Book5 15.6"" FHD IPS LED Laptop - Intel Core Ultra 7- 16GB Memory - 512GB SSD - Silver",4.9,19.0,True,Samsung,laptop,New,NP750XHD-KB1US,649.99,False,
6635529,"MSI - Modern 14 14"" Laptop - Intel Core Ultra 7-150U - Intel Graphics with 16GB Memory -1TB SSD - Urban Silver",,,,MSI,laptop,New,MOD1414F1011,949.99,False,
6635531,"MSI - Modern 13 13.3"" Laptop - Intel Core Ultra 7-150U - Intel Graphics with 16GB Memory -1TB SSD - Platinum Gray",,,,MSI,laptop,New,MOD1314F1010,949.99,False,
6635579,"HP - 15.6"" Full HD Laptop - AMD Ryzen 7 - 16GB Memory - 1TB SSD - Natural Silver",4.7,45.0,True,HP,laptop,New,BM0A9UA#ABA,549.99,False,
6635753,"LG - gram Pro 17"" Laptop - Intel Core Ultra 9 with 32GB Memory - NVIDIA RTX5050 -1TB SSD - Black",4.7,9.0,False,LG,laptop,New,17Z90TR-E.ADB8U3,2349.99,False,
6636126,"Dell - Pro 16 16"" IPS LCD 1920 x 1200 (Full HD Plus) Laptop - Intel Core Ultra 5 with 16GB Memory - 256 GB SSD - Platinum Silver, Silver",,,,Dell,laptop,New,PNY83,1059.99,False,
6636439,"HP - 15.6"" Full HD Touch-Screen Laptop - AMD Ryzen 5 - 8GB Memory - 512GB SSD - Natural Silver",4.7,145.0,True,HP,laptop,New,C0CL9UA#ABA,599.99,False,
6636524,"HP - EliteBook 845 G7 14"" Refurbished Laptop - AMD Ryzen 5 Pro 4650U with 16GB Memory - AMD Radeon Graphics - 256GB SSD - Silver",,,,HP,laptop,Refurbished,J5-845G7A04,363.99,False,
6636558,"Dell - Premium - 16"" 4K Touchscreen Laptop - Intel Core Ultra 9 285H - 32GB Memory - NVIDIA GeForce RTX 5060 - 1TB Storage - Platinum",5.0,3.0,False,Dell,laptop,New,LDA16250-9308SLV-PUS,2999.99,False,
6636560,"Dell - Premium - 14"" 3.2K OLED Touchsceen Laptop - Intel Core Ultra 7 255H 2025 - 32GB Memory - 1TB Storage - Platinum",4.6,36.0,True,Dell,laptop,New,LDA14250-7667SLV-PUS,2099.99,False,
6636563,"Dell - Premium 16.3"" 4K OLED Touchscreen Laptop - Intel Core Ultra 7 255H - 32GB Memory - NVIDIA GeForce RTX 5050 - 1TB Storage - Platinum",4.9,29.0,True,Dell,laptop,New,LDA16250-7131SLV-PUS,2699.99,False,
6636605,"HP - 17.3"" Full HD Laptop - Intel Core i7 - 16GB Memory - 1TB SSD - Natural Silver",4.7,118.0,True,HP,laptop,New,C0CM3UA#ABA,899.99,False,
6636628,"Lenovo - IdeaPad 1i 15.6"" Full HD Laptop- Intel Core i5-1335U - 16GB Memory - 256GB SSD - Cloud Grey",5.0,2.0,False,Lenovo,laptop,New,83B40008US,379.99,False,
6636629,"Lenovo - IdeaPad 1 15.6"" Full HD Laptop - AMD Ryzen 5 7520U - 8GB Memory- 256GB SSD - Abyss Blue",4.8,13.0,False,Lenovo,laptop,New,82VG00WXUS,529.99,False,
6636630,"Lenovo - IdeaPad 1i 15.6"" Full HD Touchscreen Laptop - Intel Core i5-1335U - 8GB Memory - 256GB SSD - Abyss Blue",4.3,15.0,False,Lenovo,laptop,New,83B40006US,599.99,False,
6636744,"HP - 15.6"" Laptop - Intel N100 - 4GB Memory - 128GB UFS - Natural Silver",5.0,3.0,False,HP,laptop,New,C0CM0UA#ABA,179.99,False,
6636902,"Lenovo - T14 G2 14"" Refurbished Laptop - Intel 11th Gen Core i5 with 16GB Memory - Intel Iris Xe Graphics - 512GB SSD - Black",,,,Lenovo,laptop,Refurbished,T14 G2,563.99,False,
6636903,"HP - EliteBook 840 G9 14"" Refurbished Laptop - Intel 12th Gen Core i7 with 16GB Memory - Intel Iris Xe Graphics - 512GB SSD - Silver",,,,HP,laptop,Refurbished,840 G9,862.35,False,
6612043,Apple - Geek Squad Certified Refurbished MacBook Pro 14-in. Apple M4 Pro chip Built for Apple Intelligence-24GB Memory-512GB SSD - Space Black,4.0,1.0,False,Apple,laptop,Refurbished,GSRF MX2H3LL/A,1499.99,False,
6612241,Apple - Geek Squad Certified Refurbished MacBook Air 13-inch Apple M2 chip Built for Apple Intelligence- 16GB Memory - 256GB SSD - Midnight,4.5,11.0,False,Apple,laptop,Refurbished,TI-GSRF MC7X4LL/A,719.99,False,
6612243,Apple - Geek Squad Certified Refurbished MacBook Air 13-inch Apple M3 chip Built for Apple Intelligence- 16GB Memory - 256GB SSD - Silver,3.0,2.0,False,Apple,laptop,Refurbished,TI-GSRF MC8H4LL/A,799.99,False,
6612244,Apple - Refurbished MacBook Air 13-inch Apple M3 chip Built for Apple Intelligence - 16GB Memory - 256GB SSD - Starlight,3.0,2.0,False,Apple,laptop,Refurbished,TI-GSRF MC8J4LL/A,799.99,False,
6612245,Apple - Geek Squad Certified Refurbished MacBook Air 13-inch Apple M3 chip Built for Apple Intelligence- 16GB Memory - 256GB SSD - Midnight,3.0,2.0,False,Apple,laptop,Refurbished,TI-GSRF MC8K4LL/A,719.99,False,
6612247,Apple - Refurbished MacBook Air 13-inch Apple M3 chip Built for Apple Intelligence - 24GB Memory - 512GB SSD - Space Gray,,,,Apple,laptop,Refurbished,TI-GSRF MC8M4LL/A,1049.99,False,
6612248,Apple - Geek Squad Certified Refurbished MacBook Air 13-inch Apple M3 chip Built for Apple Intelligence- 24GB Memory - 512GB SSD - Silver,,,,Apple,laptop,Refurbished,TI-GSRF MC8N4LL/A,1099.99,False,
6612251,"HP - 15.6"" Touch-Screen Laptop - Intel Core i3 - 8GB Memory - 256GB SSD - Natural Silver",4.6,621.0,True,HP,laptop,New,15-FD0123DX,355.99,False,
6612252,"HP - 17.3"" Full HD Laptop - AMD Ryzen 5 - 8GB Memory - 512GB SSD - Natural Silver",4.6,809.0,True,HP,laptop,New,17-CP2025DX,319.99,True,5.0
6612253,"HP - 15.6"" Full HD Touch-Screen Laptop - Intel Core i7 - 16GB Memory - 512GB SSD - Natural Silver",4.6,1138.0,True,HP,laptop,New,15-FD0127DX,499.99,True,3.0
6612254,"HP - 14"" Laptop - Intel Celeron - 4GB Memory - 64GB eMMC - Snowflake White",4.1,2324.0,False,HP,laptop,New,14-DQ3000DX,199.99,False,
6612752,"Apple - MacBook Air 15-inch Certified Refurbished ""M2"" 8CPU/10GPU with 8GB Memory - 512GB SSD - Space Gray",,,,Apple,laptop,Refurbished,MQKQ3LL/A,819.99,False,
6612885,"ASUS - Vivobook 14 14"" FHD Laptop - Intel Core i7 with 12GB Memory - 512GB SSD - Quiet Blue",4.5,143.0,False,ASUS,laptop,New,X1404VA-I712512,399.99,False,
6612930,"ASUS - Vivobook Go 14 14"" FHD Laptop - Intel Celeron N4500 - 4GB Memory - 128GB eMMC - Star Black",4.1,151.0,False,ASUS,laptop,New,E410KA-CL4128,149.99,False,
6612931,"ASUS - Vivobook 14 14"" FHD Laptop - Intel Core i5 - 12GB Memory - 256GB SSD - Quiet Blue",4.5,215.0,True,ASUS,laptop,New,X1404VA-I512256,299.99,False,
6612932,"ASUS - Vivobook 14 14"" FHD Laptop - Intel Core i3 - 8GB Memory - 128GB SSD - Quiet Blue",4.5,318.0,True,ASUS,laptop,New,X1404VA-I38128,249.99,False,
6612975,"HP - 14"" Laptop - Intel Processor N150 - 4GB Memory - 128GB UFS - Natural Silver",4.5,749.0,True,HP,laptop,New,14-DQ6011DX,219.99,False,
6612976,"HP - 14"" Laptop - Intel Processor N150 - 4GB Memory - 128GB UFS - Pale Rose Gold",4.5,749.0,True,HP,laptop,New,14-DQ6015DX,219.99,False,
6612977,"HP - 14"" Chromebook - Intel Celeron - 4GB Memory - 64GB eMMC - Modern Grey",4.6,925.0,True,HP,laptop,New,14A-NE1013DX,329.0,False,
6612978,"HP - 17.3"" HD+ Laptop - Intel Core i3 - 8GB Memory - 256GB SSD - Natural Silver",4.7,333.0,True,HP,laptop,New,17-CN3003DX,434.99,False,
6613608,"Samsung - Galaxy Book5 Pro - Copilot+ PC - 16"" 3K AMOLED Touch-Screen Laptop - Intel Core Ultra 7 - 16GB Memory - 1TB SSD - Gray",4.7,90.0,True,Samsung,laptop,New,NP960XHA-KG2US,1299.99,False,
6613609,"Samsung - Galaxy Book5 360 - Copilot+ PC - 15.6"" FHD AMOLED Touch-Screen Laptop - Intel Core Ultra 7 - 16GB Memory - 512GB SSD - Gray",4.4,8.0,False,Samsung,laptop,New,NP750QHA-KA1US,999.99,False,
6613610,"Samsung - Galaxy Book5 Pro - Copilot+ PC - 14"" 3K AMOLED Touch-Screen Laptop - Intel Core Ultra 7 - 16GB Memory - 512GB SSD - Gray",4.7,118.0,True,Samsung,laptop,New,NP940XHA-KG1US,1099.99,False,
6613860,"HP - OmniBook X Flip 2-in-1 - Copilot+ PC - 14"" 2K Touch-Screen Laptop - AMD Ryzen AI 7 - 24GB Memory - 1TB SSD - Meteor Silver",4.6,249.0,True,HP,laptop,New,14-FK0033DX,1049.99,False,
6613861,"HP - OmniBook X Flip 2-in-1 - Copilot+ PC - 14"" 2K Touch-Screen Laptop - AMD Ryzen AI 5 - 16GB Memory - 512GB SSD - Meteor Silver",4.7,289.0,True,HP,laptop,New,14-FK0013DX,849.99,False,
6613862,"HP - OmniBook X Flip 2-in-1 - Copilot+ PC - 16"" 2K Touch-Screen Laptop - AMD Ryzen AI 7 - 24GB Memory - 1TB SSD - Meteor Silver",4.7,296.0,True,HP,laptop,New,16-AR0033DX,1049.99,False,
6613865,"HP - OmniBook X Flip 2-in-1 - Copilot+ PC - 16"" 2K Touch-Screen Laptop - Intel Core Ultra 7 - 16GB Memory - 1TB SSD - Eclipse Gray",4.8,760.0,True,HP,laptop,New,16-AS0023DX,1099.99,False,
6613866,"HP - OmniBook X Flip 2-in-1 - Copilot+ PC - 16"" 2K Touch-Screen Laptop - Intel Core Ultra 7 - 32GB Memory - 2TB SSD - Eclipse Gray",4.8,184.0,True,HP,laptop,New,16-AS0033DX,1349.99,False,
6613867,"HP - OmniBook X Flip 2-in-1 - Copilot+ PC - 14"" 2K Touch-Screen Laptop - Intel Core Ultra 7 - 16GB Memory - 1TB SSD - Atmospheric Blue",4.8,443.0,True,HP,laptop,New,14-FM0023DX,1049.99,False,
6613868,"HP - OmniBook X Flip 2-in-1 - Copilot+ PC - 14"" 2K Touch-Screen Laptop - Intel Core Ultra 5 - 16GB Memory - 512GB SSD - Atmospheric Blue",4.8,398.0,True,HP,laptop,New,14-FM0013DX,849.99,False,
6613869,"HP - OmniBook X Flip 2-in-1 - Copilot+ PC - 16"" 2K Touch-Screen Laptop - AMD Ryzen AI 5 - 16GB Memory - 512GB SSD - Meteor Silver",4.7,579.0,True,HP,laptop,New,16-AR0013DX,849.99,False,
6613870,"HP - OmniBook X Flip 2-in-1 - Copilot+ PC - 16"" 2K Touch-Screen Laptop - Intel Core Ultra 5 - 16GB Memory - 512GB SSD - Eclipse Gray",4.7,358.0,True,HP,laptop,New,16-AS0013DX,579.99,True,10.0
6613871,"HP - OmniBook X Flip 2-in-1 16"" 2K Touch-Screen Laptop - AMD Ryzen 5 - 8GB Memory - 512GB SSD - Meteor Silver",4.7,316.0,True,HP,laptop,New,16-BE0003DX,749.99,False,
6613877,"HP - 14"" Laptop - Intel Processor N150 - 4GB Memory - 128GB UFS - Sky Blue",4.5,749.0,True,HP,laptop,New,14-DQ6012DX,219.99,False,
6613878,"HP - 14"" Laptop - Intel Processor N150 - 4GB Memory - 128GB UFS - Honey Lavender",4.5,749.0,True,HP,laptop,New,14-DQ6014DX,219.99,False,
6613879,"HP - 14"" Laptop - Intel Processor N150 - 4GB Memory - 128GB UFS - Willow Green",4.5,749.0,True,HP,laptop,New,14-DQ6013DX,219.99,False,
6613975,"Samsung - Galaxy Book5 Pro - Copilot+ PC - 16"" 3K AMOLED Touch-Screen Laptop - Intel Core Ultra 7 - 32GB Memory - 1TB SSD - Gray",4.8,44.0,True,Samsung,laptop,New,NP960XHA-KG3US,1399.99,False,
6613976,"Samsung - Galaxy Book5 Pro - Copilot+ PC - 14"" 3K AMOLED Touch-Screen Laptop - Intel Core Ultra 7 - 32GB Memory - 1TB SSD - Gray",4.6,44.0,True,Samsung,laptop,New,NP940XHA-KG3US,1299.99,False,
6614107,"HP - OmniBook 5 Flip 2-in-1 14"" 2K Touch-Screen Laptop - Intel Core 7 - 16GB Memory - 512GB SSD - Glacier Silver",4.8,265.0,True,HP,laptop,New,14-FP0023DX,529.99,True,8.0
6614108,"HP - OmniBook X - Copilot+ PC - 17.3"" Full HD Touch-Screen Laptop - Intel Core Ultra 7 - 16GB Memory - 1TB SSD - Glacier Silver",4.8,447.0,True,HP,laptop,New,17-DD0013DX,1349.99,False,
6614109,"HP - OmniBook 5 Flip 2-in-1 14"" 2K Touch-Screen Laptop - Intel Core 5 - 8GB Memory - 512GB SSD - Glacier Silver",4.8,339.0,True,HP,laptop,New,14-FP0013DX,699.99,False,
6614110,"HP - OmniBook X - Copilot+ PC - 17.3"" Full HD Touch-Screen Laptop - Intel Core Ultra 7 - 32GB Memory - 2TB SSD - Glacier Silver",4.6,106.0,True,HP,laptop,New,17-DD0033DX,1499.99,False,
6614217,"HP - EliteBook Ultra G1q 14"" LCD 2240 x 1400 (2.2K) Touch Screen Laptop - Qualcomm Snapdragon X Elite with 16GB Memory - Blue",,,,HP,laptop,New,A4JE4UT#ABA,1509.99,False,
6614873,"Lenovo - Yoga 7 2-in-1 16"" 2K Touchscreen Laptop - AMD Ryzen 7 8840HS with 16GB Memory - 512GB SSD - Artic Grey",4.7,237.0,True,Lenovo,laptop,New,83DM0006US,949.99,False,
6614950,"Acer - Chromebook 315 - 15.6"" Full HD Laptop - Intel Celeron N4500 - 4GB LPDDR4X - 64GB eMMC - Protective Sleeve – Silver - Sparkly Silver",4.6,262.0,True,Acer,laptop,New,CB315-4H-C0BR,119.0,True,7.0
6615259,"LG - gram 17"" Touch Screen Laptop - Copilot+ PC - Intel Core Ultra 7 Series 2 with 32GB Memory - 1TB SSD - Obsidian Black",4.7,108.0,True,LG,laptop,New,17Z90TL-H.AUB6U3,1699.99,False,
6615260,"LG - gram 17"" Touch Screen Laptop - Copilot+ PC - Intel Core Ultra 9 Series 2 with 32GB Memory - 1TB SSD - Obsidian Black",4.5,34.0,True,LG,laptop,New,17Z90TL-H.AUB8U3,1999.99,False,
6615728,"ASUS - Zenbook A14 14"" FHD+ OLED Laptop - Copilot+ PC - Snapdragon X Plus - 16GB RAM - 512GB SSD - Zabriskie Beige",4.6,232.0,True,ASUS,laptop,New,UX3407QA-X1P512,999.99,False,
6615729,"ASUS - Zenbook 14 14"" FHD+ OLED Touch Screen Laptop - Intel Core Ultra 9 - 32GB RAM - 1TB SSD - Jasper Gray",4.7,368.0,True,ASUS,laptop,New,UX3405CA-U9321TB,1299.99,False,
6615730,"ASUS - Zenbook S 14 14"" 3K OLED Touch Screen Laptop - Copilot+ PC - Intel Core Ultra 7 - 32GB RAM - 1TB SSD - Zumaia Gray",4.7,118.0,True,ASUS,laptop,New,UX5406SA-S14.U732G1T,1599.99,False,
6615731,"ASUS - Zenbook 14 14"" FHD+ OLED Touch Screen Laptop - Intel Core Ultra 7 - 16GB RAM - 512GB SSD - Jasper Gray",4.8,112.0,True,ASUS,laptop,New,UX3405CA-U7512,999.99,False,
6615766,"Lenovo - Yoga 9i 2-in-1 Aura Edition - Copilot+ PC - 14"" 3K 120Hz OLED Touchscreen Laptop - Intel Core Ultra 7 258V - 32GB - 1TB - Cosmic Blue",4.7,164.0,True,Lenovo,laptop,New,83LC0001US,1349.99,False,
6615767,"Lenovo - Yoga 7 2-in-1 - Copilot+ PC - 16"" Full HD LCD Touchscreen Laptop - AMD Ryzen AI 7 350 - 16GB Memory - 1TB SSD - Seashell",4.7,326.0,True,Lenovo,laptop,New,83JU0003US,1049.99,False,
6615768,"Lenovo - Yoga Pro 9i 16"" 2.8K OLED Touchscreen Laptop - Intel Core Ultra 9 Processor - NVIDIA GeForce RTX 5050 - 32GB RAM - 1TB - Luna Grey",4.5,14.0,False,Lenovo,laptop,New,83L00008US,1949.99,False,
6615769,"Lenovo - Yoga 7i 2-in-1 - Copilot+ PC - 16"" 2K Touchscreen Laptop - Intel Core Ultra 5 Processor - 16GB Memory - 512GB SSD - Luna Grey",4.8,180.0,True,Lenovo,laptop,New,83JT0000US,899.99,False,
6615770,"Lenovo - Yoga 7i 2-in-1 - Copilot+ PC - 14"" 2K OLED Touchscreen Laptop - Intel Core Ultra 5 Processor - 16GB Memory - 512GB SSD - Luna Grey",4.7,50.0,True,Lenovo,laptop,New,83JQ000LUS,949.99,False,
6615773,"Lenovo - Yoga 7 2-in-1 - Copilot+ PC - 14"" 2K OLED Touchscreen Laptop - AMD Ryzen AI 7 350 - 16GB Memory - 1TB SSD - Seashell",4.7,181.0,True,Lenovo,laptop,New,83JR0001US,1099.99,False,
6615774,"Lenovo - Yoga 7 2-in-1 - Copilot+ PC - 16"" 2K LCD Touchscreen Laptop - AMD Ryzen AI 5 340 - 16GB Memory - 512GB SSD - Seashell",4.7,289.0,True,Lenovo,laptop,New,83JU0001US,899.99,False,
6615775,"Lenovo - Yoga Book 9i 2-in-1 14"" 2.8K Dual Screen OLED Touchscreen Laptop - Intel Core Ultra 7 Processor - 16GB RAM - 1TB SSD - Tidal Teal",5.0,11.0,False,Lenovo,laptop,New,83KJ0000US,2199.99,False,
6615776,"Lenovo - Yoga 7i 2-in-1 - Copilot+ PC - 16"" 2K Touchscreen Laptop - Intel Core Ultra 7 Processor - 16GB Memory - 1TB SSD - Luna Grey",4.8,475.0,True,Lenovo,laptop,New,83JT0001US,799.99,False,
6615777,"Lenovo - Yoga 7i 2-in-1 - Copilot+ PC - 14"" 2K OLED Touchscreen Laptop - Intel Core Ultra 7 Processor - 16GB Memory - 1TB SSD - Luna Grey",4.8,24.0,True,Lenovo,laptop,New,83JQ000KUS,1099.99,False,
6615841,"Lenovo - Yoga 7 2-in-1 - Copilot+ PC - 14"" 2K OLED Touchscreen Laptop - AMD Ryzen AI 5 340 - 16GB Memory - 512GB SSD - Seashell",4.7,296.0,True,Lenovo,laptop,New,83JR0002US,949.99,False,
6616009,ASUS - ExpertBook B9 OLED Laptop - Intel Core 7 with 32GB Memory - 1TB SSD - Star Black,,,,ASUS,laptop,New,B9403CVA-XVE76,1949.99,False,
6616071,"Dell - Inspiron 14 - 14"" 2K 2-in-1 Touchscreen Laptop - Intel Core 5 120U 2024 - 16GB Memory - 512GB Storage - Ice Blue",4.5,218.0,False,Dell,laptop,New,I7440-5647BLU-PUS,749.99,False,
6616965,"ASUS - Zenbook A14 14"" FHD+ OLED Laptop - Copilot+ PC - Snapdragon X with 32GB RAM - 1TB SSD - Iceland Gray",5.0,2.0,False,ASUS,laptop,New,UX3407QA-PS76,1199.99,False,
6616966,"ASUS - Zenbook 14 14"" OLED Touch Laptop - Intel Core Ultra 9 285H with 32GB Memory - Intel Arc Graphics - 1TB Storage - Foggy Silver",4.6,29.0,True,ASUS,laptop,New,UX3405CA-PS99T,1399.99,False,
6617151,"Lenovo - Yoga Slim 9i - Copilot+ PC - 14"" 4K 120Hz OLED Touchscreen Laptop - Intel Core Ultra 7 Processor - 32GB Memory - 1TB SSD - Tidal Teal",4.8,15.0,True,Lenovo,laptop,New,83CX0005US,1999.99,False,
6617152,"Lenovo - Yoga Pro 9i Aura Edition 16"" 3.2K OLED Laptop - Intel Core Ultra 9 Processor - NVIDIA GeForce RTX 5060 - 32GB RAM - 1TB - Luna Grey",4.7,13.0,False,Lenovo,laptop,New,83L00000US,2199.99,False,
6617160,"Acer - Aspire Go 15 Laptop – 15.3"" WUXGA 1920 x 1200 IPS – Intel i5-1334U – Intel UHD Graphics - 8GB DDR4 – 256GB PCIe Gen4 SSD - Steel Gray",4.6,50.0,True,Acer,laptop,New,AG15-51P-510U,349.99,False,
6617381,"ASUS - Vivobook 16 16"" FHD+ Laptop - Intel Core i7-13620H with 16GB Memory - 512GB SSD - Cool Silver",4.2,9.0,False,ASUS,laptop,New,F1605VA-BS74,699.99,False,
6617819,"Acer - TravelMate P6 14"" Touchscreen Laptop - Intel Core Ultra 7-165H with 32GB Memory - 1TB SSD - Black",,,,Acer,laptop,New,NX.B5QAA.003,1616.99,False,
6618158,"Acer - Chromebook Plus 516 Laptop with Google AI – 16"" WUXGA Display - Intel i3-1315U – 8GB LPDDR5 – 128GB UFS – Wi-Fi 6E - Steel Gray",4.8,33.0,True,Acer,laptop,New,CB516-1H-31UE,299.0,False,
6618657,"Dell - Plus - Copilot+ PC - 14"" 2K 2-in-1 Touchscreen Laptop - Intel Core Ultra 7 256V 2024 - 16GB Memory - 1TB Storage - Ice Blue",4.7,236.0,True,Dell,laptop,New,LDB04250-7137BLU-PUS,1099.99,False,
6619035,"ASUS - Vivobook 16 16"" FHD+ Laptop - Copilot+ PC - Snapdragon X with 16GB Memory - 512GB SSD - Quiet Blue",4.5,4.0,False,ASUS,laptop,New,X1607QA-DS54,799.99,False,
6619036,ASUS - Vivobook 14 Flip Touch FHD+ OLED Laptop - Copilot+ PC - Intel Core Ultra 5 with 16GB Memory - 512 SSD - Matte Gray,4.3,3.0,False,ASUS,laptop,New,TP3407SA-ES54T,999.99,False,
6619037,"ASUS - Zenbook Duo Dual 14"" 3K OLED Touch Laptop - Evo Intel Core Ultra 7 255H with 32GB RAM - Intel Arc Graphics - 1TB SSD - Inkwell Gray",5.0,3.0,False,ASUS,laptop,New,UX8406CA-DS79T,1699.99,False,
6619038,"ASUS - Zenbook Duo Dual 14"" 3K OLED Touch Laptop - Evo Intel Core Ultra 9 285H with 32GB RAM - Intel Arc Graphics - 1TB SSD - Inkwell Gray",4.6,56.0,True,ASUS,laptop,New,UX8406CA-PS99T,1799.99,False,
6619039,"ASUS - Vivobook 14"" FHD+ Laptop - Copilot+ PC - Snapdragon X with 16GB Memory - 512GB SSD - Cool Silver",5.0,1.0,False,ASUS,laptop,New,X1407QA-BS56,749.99,False,
6619040,"ASUS - V16 - 16"" FHD+ 144Hz Gaming Laptop - Intel Core 7 240H with 16GB Memory - NVIDIA GeForce RTX 3050 - 512GB SSD - Matte Black",4.8,6.0,False,ASUS,laptop,New,V3607VJ-DS76,949.99,False,
6619123,"Dell - Plus - Copilot+ PC - 14"" 2K 2-in-1 Touchscreen Laptop - Intel Core Ultra 9 288V 2024 - 32GB Memory - 1TB Storage - Ice Blue",4.8,100.0,True,Dell,laptop,New,LDB04250-9168BLU-PUS,1399.99,False,
6619145,"Lenovo - IdeaPad Slim 3 Chromebook 14"" Full HD Laptop - MediaTek Kompanio 520 - 4GB Memory - 64GB eMMC - Abyss Blue",4.6,117.0,True,Lenovo,laptop,New,82XJ004AUS,319.0,False,
6619147,"Lenovo - IdeaPad Slim 3x - Copilot+ PC - 15.3"" 2k Touchscreen Laptop - Snapdragon X - 16GB Memory - 256GB SSD - Luna Grey",4.9,37.0,True,Lenovo,laptop,New,83N30000US,749.99,False,
6619285,"LG - gram Pro 2in1 16"" OLED Touch Screen Laptop - Intel Core Ultra7 255H with 16GB RAM - 1TB SSD - Obsidian Black",5.0,4.0,False,LG,laptop,New,16T90TP-K.AAB4U1,1799.99,False,
6619286,LG - gram Pro 17” Laptop - Intel Core Ultra7 255H with 32GB RAM - 2TB SSD - Obsidian Black,4.7,3.0,False,LG,laptop,New,17Z90TP-G.ADB7U1,2549.99,False,
6619311,"Dell - Inspiron - Copilot+ PC - 14"" 2K Laptop - Snapdragon X X1-26-100 2025 - 16GB Memory - 512GB Storage - Titan Grey",4.6,109.0,True,Dell,laptop,New,I5441-SX8661GRY-PUS,449.99,False,
6619466,"Acer - TravelMate P4 16"" Laptop - Intel Core Ultra 5-125U with 16GB Memory - 512GB SSD - Slate Blue",,,,Acer,laptop,New,TMP4165359NC,1089.99,False,
6619469,"Acer - TravelMate P4 Spin 2-in-1 14"" Touchscreen Laptop - Intel Core i5-1335U with 16GB Memory - 512GB SSD - Slate Blue",,,,Acer,laptop,New,TMP414RN53555Z,1069.99,False,
6619470,"Acer - TravelMate P4 16"" Laptop - Intel Core Ultra 7-155U with 16GB Memory - 1TB SSD - Slate Blue",,,,Acer,laptop,New,TMP41653795G,1219.99,False,
6619472,"Acer - TravelMate P6 14"" Laptop - Intel Core i5-1335U with 16GB Memory - 1TB SSD - Black",,,,Acer,laptop,New,TMP61453565S,999.9,False,
6619476,"Acer - Swift AI 14.5"" Touchscreen CoPilot+ PC - Snapdragon X-Elite with 16GB Memory - 1TB SSD - Iron",,,,Acer,laptop,New,SF1411TX53K,1489.99,False,
6619478,"Acer - TravelMate P4 14"" Laptop - Intel Core i5-1345U with 16GB Memory - 512GB SSD - Slate Blue",,,,Acer,laptop,New,TMP4145350JC,1159.99,False,
6620390,"Dell - Plus - Copilot+ PC - 16"" 2.5K 2-in-1 Touchscreen Laptop - Intel Core Ultra 9 288V 2024 - 32GB Memory - 1TB Storage - Midnight Blue",4.7,144.0,True,Dell,laptop,New,LDB06250-9182BLU-PUS,1599.99,False,
6620392,"Dell - Plus - Copilot+ PC - 16"" 2K 2-in-1 Touchscreen Laptop - Intel Core Ultra 7 256V 2024 - 16GB Memory - 1TB Storage - Ice Blue",4.7,427.0,True,Dell,laptop,New,LDB06250-7144BLU-PUS,749.99,False,
6620603,"Dell - Plus - Copilot+ PC - 16"" 2K Laptop - Intel Core Ultra 5 226V 2024 - 16GB Memory - 512GB Storage - Ice Blue",4.6,18.0,True,Dell,laptop,New,LDB06250-5175BLU-PUS,949.99,False,
6621274,ASUS - Zenbook S 16 16” 3K OLED Touch-Screen Laptop - Copilot+ PC - AMD Ryzen AI 7 350 - 24GB Memory - 1TB SSD - Zumaia Gray,5.0,1.0,False,ASUS,laptop,New,UM5606KA-PS77T,1499.99,False,
6621604,"MSI - 18"" Gaming Laptop 3840 x 2400 () - Intel Core Ultra 9 285HX with 64GB Memory - GeForce RTX 5090 - 2 TB SSD - Core Black, Black",,,,MSI,laptop,New,RAIDER18HXA2069,4015.99,False,
6621608,"MSI - Stealth A16 AI+ 16"" 240 Hz Gaming Laptop QHD+ - AMD Ryzen AI 9 HX 370 with 32GB Memory - GeForce RTX 5070Ti - 2TB SSD - Core Black, Black",,,,MSI,laptop,New,STEALTHA16A3079,2899.99,False,
6621614,"MSI - Stealth A16 AI+ 16"" 240 Hz Gaming Laptop QHD+ - AMD Ryzen AI 9 HX 370 with 32GB Memory - GeForce RTX 5080 - 2TB SSD - Core Black, Black",,,,MSI,laptop,New,STEALTHA16A3076,3399.99,False,
6621615,"MSI - 18"" Gaming Laptop 3840 x 2400 () - AMD Ryzen 9 9955HX3D with 64GB Memory - GeForce RTX 5090 - 2 TB SSD - Core Black, Black",,,,MSI,laptop,New,RAIDERA18HX052,5099.99,False,
6621616,"MSI - 18"" Gaming Laptop 3840 x 2400 () - Intel Core Ultra 9 285HX with 96GB Memory - GeForce RTX 5090 - 6 TB SSD - Norse Myth Dragon Edition, Other",,,,MSI,laptop,New,TITAN18HXA2440,6199.99,False,
6550205,"Apple - Geek Squad Certified Refurbished MacBook Pro 16"" Laptop - M2 Pro chip - 16GB Memory - 1TB SSD - Silver",2.5,6.0,False,Apple,laptop,Refurbished,GSRF MNWD3LL/A,1499.99,False,
6550206,"Apple - Geek Squad Certified Refurbished MacBook Pro 16"" Laptop - M2 Max chip - 32GB Memory - 1TB SSD - Silver",,,,Apple,laptop,Refurbished,GSRF MNWE3LL/A,1999.99,False,
6550207,"Apple - Geek Squad Certified Refurbished MacBook Pro 14"" Laptop - M2 Pro chip - 16GB Memory - 512GB SSD - Space Gray",4.2,18.0,False,Apple,laptop,Refurbished,GSRF MPHE3LL/A,979.99,False,
6550210,"Geek Squad Certified Refurbished MacBook Pro 13.3"" Laptop - Apple M2 chip - 8GB Memory - 256GB SSD - Space Gray",4.5,45.0,False,Apple,laptop,Refurbished,GSRF MNEH3LL/A,549.99,False,
6550211,"Geek Squad Certified Refurbished MacBook Pro 13.3"" Laptop - Apple M2 chip - 8GB Memory - 512GB SSD - Space Gray",3.9,21.0,False,Apple,laptop,Refurbished,GSRF MNEJ3LL/A,649.99,False,
6550212,"Geek Squad Certified Refurbished MacBook Air 13.6"" Laptop - Apple M2 chip - 8GB Memory - 256GB SSD - Silver",4.6,217.0,True,Apple,laptop,Refurbished,GSRF MLXY3LL/A,529.99,False,
6550215,"Apple - Geek Squad Certified Refurbished MacBook Pro 14"" Laptop - M2 Pro chip - 16GB Memory - 1TB SSD - Space Gray",3.0,2.0,False,Apple,laptop,Refurbished,GSRF MPHF3LL/A,1099.99,False,
6550216,"Apple - Geek Squad Certified Refurbished MacBook Pro 14"" Laptop - M2 Max chip - 32GB Memory - 1TB SSD - Space Gray",1.0,1.0,False,Apple,laptop,Refurbished,GSRF MPHG3LL/A,1499.99,False,
6550217,"Apple - Geek Squad Certified Refurbished MacBook Pro 14"" Laptop - M2 Pro chip - 16GB Memory - 512GB SSD - Silver",4.2,18.0,False,Apple,laptop,Refurbished,GSRF MPHH3LL/A,899.99,False,
6550218,"Geek Squad Certified Refurbished MacBook Air 13.6"" Laptop - Apple M2 chip - 8GB Memory - 512GB SSD - Silver",4.3,40.0,False,Apple,laptop,Refurbished,GSRF MLY03LL/A,599.99,False,
6550219,"Apple - Geek Squad Certified Refurbished MacBook Pro 14"" Laptop - M2 Pro chip - 16GB Memory - 1TB SSD - Silver",3.0,2.0,False,Apple,laptop,Refurbished,GSRF MPHJ3LL/A,1149.99,False,
6550220,"Geek Squad Certified Refurbished MacBook Air 13.6"" Laptop - Apple M2 chip - 8GB Memory - 256GB SSD - Starlight",4.6,217.0,True,Apple,laptop,Refurbished,GSRF MLY13LL/A,579.99,False,
6550221,"Apple - Geek Squad Certified Refurbished MacBook Pro 14"" Laptop - M2 Max chip - 32GB Memory - 1TB SSD - Silver",1.0,1.0,False,Apple,laptop,Refurbished,GSRF MPHK3LL/A,1499.99,False,
6550223,"Geek Squad Certified Refurbished MacBook Air 13.6"" Laptop - Apple M2 chip - 8GB Memory - 256GB SSD - Space Gray",4.6,217.0,True,Apple,laptop,Refurbished,GSRF MLXW3LL/A,539.99,False,
6550224,"Geek Squad Certified Refurbished MacBook Air 13.6"" Laptop - Apple M2 chip - 8GB Memory - 512GB SSD - Space Gray",4.3,40.0,False,Apple,laptop,Refurbished,GSRF MLXX3LL/A,614.99,False,
6550225,"Geek Squad Certified Refurbished MacBook Air 13.6"" Laptop - Apple M2 chip - 8GB Memory - 512GB SSD - Starlight",4.3,40.0,False,Apple,laptop,Refurbished,GSRF MLY23LL/A,619.99,False,
6550226,"Geek Squad Certified Refurbished MacBook Air 13.6"" Laptop - Apple M2 chip - 8GB Memory - 256GB SSD - Midnight",4.6,217.0,True,Apple,laptop,Refurbished,GSRF MLY33LL/A,549.99,False,
6550232,"Geek Squad Certified Refurbished MacBook Air 13.6"" Laptop - Apple M2 chip - 8GB Memory - 512GB SSD - Midnight",4.3,40.0,False,Apple,laptop,Refurbished,GSRF MLY43LL/A,569.99,False,
6550237,"Geek Squad Certified Refurbished MacBook Pro 13.3"" Laptop - Apple M2 chip - 8GB Memory - 256GB SSD - Silver",4.5,45.0,False,Apple,laptop,Refurbished,GSRF MNEP3LL/A,599.99,False,
6550245,"Geek Squad Certified Refurbished MacBook Pro 13.3"" Laptop - Apple M2 chip - 8GB Memory - 512GB SSD - Silver",3.9,21.0,False,Apple,laptop,Refurbished,GSRF MNEQ3LL/A,749.99,False,
6550250,"Geek Squad Certified Refurbished MacBook Pro 13.3"" Laptop - Apple M2 chip - 16GB Memory - 512GB SSD - Space Gray",3.5,4.0,False,Apple,laptop,Refurbished,GSRF Z16S4LL/A,949.99,False,
6550253,"Geek Squad Certified Refurbished MacBook Pro 13.3"" Laptop - Apple M2 chip - 16GB Memory - 1TB SSD - Space Gray",,,,Apple,laptop,Refurbished,GSRF Z16S0LL/A,1199.99,False,
6550736,"Lenovo - Flex 5i Chromebook Plus Laptop with Gemini - 14"" 2K Touch - Intel i3 - 8GB RAM - Intel UHD Graphics - 128GB SSD - Storm Grey",4.3,414.0,False,Lenovo,laptop,New,83EK0000UX,599.0,False,
6551126,"Acer - Swift X 16 – OLED 16"" 3200x2000 120Hz HDR500 Laptop – AMD Ryzen 9 7940HS with 16GB LPDDR5– GeForce RTX 4050 –1TB SSD - Steel Gray",3.0,2.0,False,Acer,laptop,New,SFX16-61G-R4J6,1599.99,False,
6551405,Apple - MacBook Air 15-inch Laptop - Apple M4 chip Built for Apple Intelligence - 16GB Memory - 512GB SSD - Sky Blue,4.9,521.0,True,Apple,laptop,New,MC7C4LL/A,1199.0,False,
6551408,Apple - MacBook Air 15-inch Laptop - Apple M4 chip Built for Apple Intelligence - 24GB Memory - 512GB SSD - Sky Blue,4.9,386.0,True,Apple,laptop,New,MC7D4LL/A,1399.0,False,
6551409,"Apple - MacBook Pro 14"" Laptop - M3 chip Built for Apple Intelligence - 8GB Memory - 10-core GPU - 1TB SSD - Silver",4.8,275.0,True,Apple,laptop,New,MR7K3LL/A,1198.99,False,
6551410,Apple - MacBook Air 13-inch Laptop - Apple M4 chip Built for Apple Intelligence - 16GB Memory - 256GB SSD - Silver,4.9,4103.0,True,Apple,laptop,New,MW0W3LL/A,799.0,False,
6551412,Apple - MacBook Air 13-inch Laptop - Apple M4 chip Built for Apple Intelligence - 16GB Memory - 512GB SSD - Silver,4.9,1005.0,True,Apple,laptop,New,MW0X3LL/A,999.0,False,
6552870,"Apple - MacBook Air 15"" Laptop - M2 chip - 16GB Memory - 1TB SSD - Midnight",4.9,71.0,True,Apple,laptop,New,Z18U0LL/A,1709.99,False,
6553105,"HP - 15.6"" Full HD Chromebook Plus Laptop with Google AI - Intel Core i3 - 8GB Memory - 128GB UFS - Mineral Silver",4.6,461.0,True,HP,laptop,New,15A-NB0033DX/8D616UA#ABA,549.0,False,
6553407,"MSI - Stealth 14"" 165hz Gaming Laptop FHD+ - Intel Core i7 13620H with 16GB RAM-NVIDIA GeForce RTX 4050- 512GB SSD - Star Blue",4.0,7.0,False,MSI,laptop,New,STEALTH 14STUDIO A13VE-202US,1199.99,False,
6556731,"Apple - Geek Squad Certified Refurbished MacBook Pro - 13"" Display with Touch Bar - Intel Core i5 - 8GB Memory - 256GB SSD - Space Gray",4.4,27.0,False,Apple,laptop,Refurbished,GSPR MV962LL/A,2799.99,False,
6556734,"Apple - Geek Squad Certified Refurbished MacBook Air 11.6"" Display 4GB Memory 128GB Flash Storage - Silver",,,,Apple,laptop,Refurbished,TI-GSRF MD224LL/A,949.99,False,
6556904,"Apple - Geek Squad Certified Refurbished Macbook - 12"" Display - Intel Core M3 - 8GB Memory - 256GB Flash Storage - Gold",5.0,1.0,False,Apple,laptop,Refurbished,3PL GSRF MLHE2LL/A,1299.0,False,
6556907,"Apple - Geek Squad Certified Refurbished MacBook Air 13.3"" Display 4GB Memory 256GB Flash Storage - Silver",,,,Apple,laptop,Refurbished,TI-GSRF MD232LL/A,1499.99,False,
6556908,"Apple - Geek Squad Certified Refurbished MacBook - 12"" Display - Intel Core M - 8GB Memory - 512GB Flash Storage - Gold",,,,Apple,laptop,Refurbished,TI-GSRF MK4N2LL/A,1169.99,False,
6556911,"Apple - Geek Squad Certified Refurbished MacBook Air Intel Core i5 Processor 13.3"" Display 4GB Memory 128GB Flash Storage - Silver",,,,Apple,laptop,Refurbished,TI-GSRF MC965LL/A,1999.99,False,
6556912,"Apple - Geek Squad Certified Refurbished MacBook Air Intel Core i5 Processor 11.6"" Display 4GB Memory 128GB Flash Storage - Silver",,,,Apple,laptop,Refurbished,TI-GSRF MC969LL/A,1999.99,False,
6556913,"Apple - Geek Squad Certified Refurbished MacBook Pro 13.3"" 4GB Memory 750GB Hard Drive - Silver",,,,Apple,laptop,Refurbished,GSRF MD314LL/A,1349.99,False,
6556917,"Apple - Geek Squad Certified Refurbished MacBook Pro with Retina Display 13.3"" Display - 8GB Memory 128GB Flash Storage - Silver",,,,Apple,laptop,Refurbished,TI-GSRF MD212LL/A,1699.99,False,
6556924,"Apple - Geek Squad Certified Refurbished MacBook Pro with Retina display 15.4"" Display 8GB Memory 256GB Flash Storage - Silver",,,,Apple,laptop,Refurbished,TI-GSRF ME293LL/A,1799.99,False,
6556928,"Apple - Geek Squad Certified Refurbished MacBook Pro 13.3"" 4 GB Memory 250 GB Hard Drive - Silver",,,,Apple,laptop,Refurbished,GSRF MC374LL/A,1799.99,False,
6556929,"Apple - Geek Squad Certified Refurbished MacBook Air 11.6"" Laptop - Intel Core i5 - 4GB Memory - 128GB Flash Storage - Silver",1.0,1.0,False,Apple,laptop,Refurbished,TI-GSRF MD711LL/B,809.99,False,
6556954,"Apple - Geek Squad Certified Refurbished MacBook - 12"" Display - Intel Core M - 8GB Memory - 256GB Flash Storage - Space Gray",,,,Apple,laptop,Refurbished,TI-GSRF MJY32LL/A,1169.99,False,
6556961,Apple - Geek Squad Certified Refurbished Laptop - 1TB HDD - Aluminum,,,,Apple,laptop,Refurbished,TI-GSRF MC975LL/A,2199.99,False,
6556974,"Apple - Geek Squad Certified Refurbished MacBook Pro-Retina display-13.3"" Display-Intel Core i7-16GB Memory-512GB Flash Storage - Silver",,,,Apple,laptop,Refurbished,3PL GSRF MF843LL/A,1799.99,False,
6556985,"Apple - Geek Squad Certified Refurbished MacBook Pro with Retina display - 15.4"" Display - 16GB Memory - 256GB Flash Storage - Silver",,,,Apple,laptop,Refurbished,TI-GSRF MGXA2LL/A,1799.99,False,
6556990,"Geek Squad Certified Refurbished MacBook Pro 13.3"" Laptop - Apple M1 chip - 8GB Memory - 512GB SSD - Silver",4.0,78.0,False,Apple,laptop,Refurbished,GSRF MYDC2LL/A,1099.99,False,
6557031,"Apple - Geek Squad Certified Refurbished MacBook Air 11.6"" Laptop - Intel Core i5 - 4GB Memory - 128GB Flash Storage - Silver",1.0,1.0,False,Apple,laptop,Refurbished,TI-GSRF MJVM2LL/A,809.99,False,
6557141,"Apple - Geek Squad Certified Refurbished MacBook Air 11.6"" Laptop - Intel Core i5 - 4GB Memory - 256GB Flash Storage - Silver",,,,Apple,laptop,Refurbished,GSRF MJVP2LL/A,989.99,False,
6557143,"Apple - Geek Squad Certified Refurbished MacBook Air - 11.6"" Display - Intel Core i5 - 4GB Memory - 256GB Flash Storage - Silver",,,,Apple,laptop,Refurbished,TI-GSRF MD712LL/B,989.99,False,
6560603,"Refurbished HP EliteBook 840 G7, Core i5-10310U 1.7GHz, 16GB, 512GB M.2-NVMe, 14"" FHD, Win11P64, CAM, A GRADE - Silver",4.7,3.0,False,HP,laptop,Refurbished,ELITEBOOK 840 G7,505.99,False,
6560607,"Refurbished HP 850 G6 Laptop, Core i7-8665U 1.9GHz, 16GB, 512GB SSD, 15.6"" FHD, Win11P64, CAM, A GRADE - Silver",5.0,1.0,False,HP,laptop,Refurbished,ELITEBOOK 850 G6,560.99,False,
6561068,Microsoft - GS Cert Refurb Surface Lptp Studio 14.4” TouchScreen IntelCorei7 32GB Mem NVIDIA GeForceRTX3050Ti 2TB SSD - Platinum,3.5,2.0,False,Microsoft,laptop,Refurbished,TI-GSRF AI2-00001,1499.99,False,
6561395,"Apple - GS Cert Refurb MacBook Pro - 15"" Display with Touch Bar - Intel Core i7 - 16GB Memory - AMD Radeon Pro 560X - 1TB SSD - Silver",,,,Apple,laptop,Refurbished,GSRF MPTX2LL/A,2969.99,False,
6561396,"Apple - GS Cert Refurb MacBook Pro - 13"" Display - Intel Core i7 - 16GB Memory - 1TB SSD - Space Gray",,,,Apple,laptop,Refurbished,GSRF MQ002LL/A,2609.99,False,
6561397,"Apple - Geek Squad Certified Refurbished MacBook Pro - 13"" Display - Intel Core i7 - 16GB Memory - 1TB SSD - Silver",,,,Apple,laptop,Refurbished,GSRF MQ012LL/A,2609.99,False,
6561401,"Apple - GS Cert Refurb MacBook Pro - 15"" Display with Touch Bar - Intel Core i9 - 32GB Memory - AMD Radeon Pro Vega 20 - 1TB SSD - Space Gray",,,,Apple,laptop,Refurbished,GSRF MUQH2LL/A,3361.99,False,
6561407,"Apple - GS Cert Refurb MacBook Pro 15.4"" Display with Touch Bar - Intel Core i9 - 32GB Memory - AMD Radeon Pro Vega 20 - 1TB SSD - Space Gray",,,,Apple,laptop,Refurbished,GSRF MV952LL/A,3149.99,False,
6561433,Microsoft - GS Cert Refurb Surface Lptp Stu 14.4” TouchScreen IntelCorei7 16GB Mem NVIDIA GeForce RTX3050Ti 512GB SSD - Platinum,3.8,6.0,False,Microsoft,laptop,Refurbished,TI-GSRF A1Y-00001,899.99,False,
6561437,Microsoft - GS Cert Refurb Surface Lptp Studio 14.4” TouchScreen IntelCorei7 32GB Mem NVIDIA GeForceRTX3050Ti 1TB SSD - Platinum,,,,Microsoft,laptop,Refurbished,TI-GSRF ABY-00001,1679.99,False,
6561785,"Geek Squad Certified Refurbished MacBook Pro 14"" Laptop - Apple M1 Pro chip - 16GB Memory - 1TB SSD - Space Gray",3.5,46.0,False,Apple,laptop,Refurbished,GSRF MKGQ3LL/A,599.99,False,
6561786,"Geek Squad Certified Refurbished MacBook Pro 16"" Laptop - Apple M1 Max chip - 32GB Memory - 1TB SSD - Space Gray",2.3,3.0,False,Apple,laptop,Refurbished,GSRF MK1A3LL/A,1499.99,False,
6561787,"Geek Squad Certified Refurbished MacBook Pro 16"" Laptop - Apple M1 Pro chip - 16GB Memory - 1TB SSD - Silver",3.8,46.0,False,Apple,laptop,Refurbished,GSRF MK1F3LL/A,899.99,False,
6561790,"Geek Squad Certified Refurbished MacBook Pro 16"" Laptop - Apple M1 Max chip - 32GB Memory - 1TB SSD - Silver",2.3,3.0,False,Apple,laptop,Refurbished,GSRF MK1H3LL/A,1499.99,False,
6561792,"HP - PRO C640 Chromebook 14"" Refurbished ‎1366x768 - Intel 10th Gen Core i5 with 8GB Memory - UHD Graphics - 64GB Flash - Silver",4.2,18.0,False,HP,laptop,Refurbished,PROC640,189.99,False,
6565700,"Apple - MacBook Pro 14"" Certified Refurbished - M1 Pro chip - 8CPU/14GPU with 16GB Memory - 512GB SSD (2021) - Gray",4.3,16.0,False,Apple,laptop,Refurbished,MKGP3LL/A,764.99,False,
6565835,Apple - MacBook Air 13-inch Laptop - M3 chip Built for Apple Intelligence - 8GB Memory - 256GB SSD - Starlight,4.9,2336.0,True,Apple,laptop,New,MRXT3LL/A,721.99,False,
6565837,Apple - MacBook Air 13-inch Laptop - M3 chip Built for Apple Intelligence - 8GB Memory - 256GB SSD - Midnight,4.9,2336.0,True,Apple,laptop,New,MRXV3LL/A,721.99,False,
6565838,Apple - MacBook Air 13-inch Laptop - M3 chip Built for Apple Intelligence - 8GB Memory - 512GB SSD - Midnight,4.9,454.0,True,Apple,laptop,New,MRXW3LL/A,849.99,False,
6565842,Apple - MacBook Air 13-inch Laptop - M3 chip Built for Apple Intelligence - 16GB Memory - 512GB SSD - Midnight,4.9,1404.0,True,Apple,laptop,New,MXCV3LL/A,901.99,False,
6565845,Apple - MacBook Air 15-inch Laptop - M3 chip Built for Apple Intelligence - 8GB Memory - 512GB SSD - Space Gray,4.8,252.0,True,Apple,laptop,New,MRYN3LL/A,899.99,False,
6565846,Apple - MacBook Air 15-inch Laptop - M3 chip Built for Apple Intelligence - 8GB Memory - 256GB SSD - Silver,4.9,935.0,True,Apple,laptop,New,MRYP3LL/A,849.99,False,
6565847,Apple - MacBook Air 15-inch Laptop - M3 chip Built for Apple Intelligence - 8GB Memory - 512GB SSD - Silver,4.8,252.0,True,Apple,laptop,New,MRYQ3LL/A,1019.99,False,
6565850,Apple - MacBook Air 15-inch Laptop - M3 chip Built for Apple Intelligence - 8GB Memory - 512GB SSD - Starlight,4.8,252.0,True,Apple,laptop,New,MRYT3LL/A,1019.99,False,
6565851,Apple - MacBook Air 15-inch Laptop - M3 chip Built for Apple Intelligence - 8GB Memory - 256GB SSD - Midnight,4.9,935.0,True,Apple,laptop,New,MRYU3LL/A,999.0,False,
6565854,Apple - MacBook Air 15-inch Laptop - M3 chip Built for Apple Intelligence - 16GB Memory - 512GB SSD - Space Gray,4.9,962.0,True,Apple,laptop,New,MXD13LL/A,1093.99,False,
6565856,Apple - MacBook Air 15-inch Laptop - M3 chip Built for Apple Intelligence - 16GB Memory - 512GB SSD - Starlight,4.9,962.0,True,Apple,laptop,New,MXD33LL/A,1299.0,False,
6565857,Apple - MacBook Air 15-inch Laptop - M3 chip Built for Apple Intelligence - 16GB Memory - 512GB SSD - Midnight,4.9,962.0,True,Apple,laptop,New,MXD43LL/A,1065.99,False,
6565859,Apple - MacBook Air 13-inch Laptop - Apple M4 chip Built for Apple Intelligence - 16GB Memory - 256GB SSD - Starlight,4.9,4103.0,True,Apple,laptop,New,MW0Y3LL/A,799.0,False,
6565860,Apple - MacBook Air 13-inch Laptop - Apple M4 chip Built for Apple Intelligence - 16GB Memory - 512GB SSD - Starlight,4.9,1005.0,True,Apple,laptop,New,MW103LL/A,999.0,False,
6565862,Apple - MacBook Air 13-inch Laptop - Apple M4 chip Built for Apple Intelligence - 16GB Memory - 256GB SSD - Midnight,4.9,4103.0,True,Apple,laptop,New,MW123LL/A,799.0,True,1.0
6565863,Apple - MacBook Air 13-inch Laptop - Apple M4 chip Built for Apple Intelligence - 16GB Memory - 512GB SSD - Midnight,4.9,1005.0,True,Apple,laptop,New,MW133LL/A,999.0,False,
6565864,Apple - MacBook Air 15-inch Laptop - Apple M4 chip Built for Apple Intelligence - 16GB Memory - 256GB SSD - Silver,4.9,1172.0,True,Apple,laptop,New,MW1G3LL/A,999.0,False,
6565865,Apple - MacBook Air 15-inch Laptop - Apple M4 chip Built for Apple Intelligence - 16GB Memory - 512GB SSD - Silver,4.8,32.0,True,Apple,laptop,New,MW1H3LL/A,1199.0,False,
6565866,Apple - MacBook Air 15-inch Laptop - Apple M4 chip Built for Apple Intelligence - 16GB Memory - 256GB SSD - Starlight,4.9,1172.0,True,Apple,laptop,New,MW1J3LL/A,999.0,False,
6565868,Apple - MacBook Air 15-inch Laptop - Apple M4 chip Built for Apple Intelligence - 16GB Memory - 512GB SSD - Starlight,4.9,521.0,True,Apple,laptop,New,MW1K3LL/A,1199.0,False,
6565869,Apple - MacBook Air 15-inch Laptop - Apple M4 chip Built for Apple Intelligence - 16GB Memory - 256GB SSD - Midnight,4.9,1172.0,True,Apple,laptop,New,MW1L3LL/A,999.0,True,9.0
6565870,Apple - MacBook Air 15-inch Laptop - Apple M4 chip Built for Apple Intelligence - 16GB Memory - 512GB SSD - Midnight,4.9,521.0,True,Apple,laptop,New,MW1M3LL/A,1199.0,False,
6565871,14-inch MacBook Pro - Apple M5 chip with 10-core CPU and 10-core GPU - 16GB Memory - 512GB SSD - Space Black,5.0,2.0,False,Apple,laptop,New,MDE04LL/A,1599.0,False,
6565872,14-inch MacBook Pro - Apple M5 chip with 10-core CPU and 10-core GPU - 16GB Memory - 1TB SSD - Space Black,5.0,1.0,False,Apple,laptop,New,MDE14LL/A,1799.0,False,
6565873,14-inch MacBook Pro - Apple M5 chip with 10-core CPU and 10-core GPU - 24GB Memory - 1TB SSD - Space Black,,,,Apple,laptop,New,MDE34LL/A,1999.0,False,
6565874,14-inch MacBook Pro - Apple M5 chip with 10-core CPU and 10-core GPU - 16GB Memory - 512GB SSD - Silver,,,,Apple,laptop,New,MDE44LL/A,1599.0,False,
6565875,14-inch MacBook Pro - Apple M5 chip with 10-core CPU and 10-core GPU - 16GB Memory - 1TB SSD - Silver,,,,Apple,laptop,New,MDE54LL/A,1799.0,False,
6565877,14-inch MacBook Pro - Apple M5 chip with 10-core CPU and 10-core GPU - 24GB Memory - 1TB SSD - Silver,,,,Apple,laptop,New,MDE64LL/A,1999.0,False,
6566246,"Apple - Geek Squad Certified Refurbished MacBook Air 15"" Laptop - M2 chip - 16GB Memory - 512GB SSD - Midnight",5.0,1.0,False,Apple,laptop,Refurbished,GSRF Z18U2LL/A,879.99,False,
6566248,"Apple - Geek Squad Certified Refurbished MacBook Air 15"" Laptop - M2 chip - 16GB Memory - 1TB SSD - Midnight",2.3,3.0,False,Apple,laptop,Refurbished,GSRF Z18U0LL/A,1349.99,False,
6567144,"MacBook Air 13.3"" Pre-Owned Laptop - Apple M1 chip - 8GB Memory - 128GB SSD (2020) - Silver",5.0,1.0,False,Apple,laptop,Pre-Owned,A2337,449.99,False,
6567669,"Lenovo - IdeaPad 3i Chromebook Laptop - 15.6"" Full HD Touch Screen - Pentium Silver N6000 - 8GB Memory - 128GB eMMC - Arctic Grey",4.6,225.0,True,Lenovo,laptop,New,82N40045US,299.0,False,
6534616,"Apple - MacBook Pro 14"" Laptop - M3 Pro chip Built for Apple Intelligence - 18GB Memory - 14-core GPU - 512GB SSD - Silver",4.9,3304.0,True,Apple,laptop,New,MRX63LL/A,1398.99,False,
6534623,"Apple - MacBook Pro 14"" Laptop - M3 Pro chip Built for Apple Intelligence - 18GB Memory - 18-core GPU - 1TB SSD - Silver",4.9,776.0,True,Apple,laptop,New,MRX73LL/A,1498.99,False,
6534624,"Apple - MacBook Pro 14"" Laptop - M3 Pro chip Built for Apple Intelligence - 18GB Memory - 18-core GPU - 1TB SSD - Space Black",4.9,776.0,True,Apple,laptop,New,MRX43LL/A,1498.99,False,
6534625,"Apple - MacBook Pro 16"" Laptop - M3 Pro chip Built for Apple Intelligence - 36GB Memory - 18-core GPU - 512GB SSD - Space Black",4.8,439.0,True,Apple,laptop,New,MRW23LL/A,2379.99,False,
6534626,"Apple - MacBook Pro 16"" Laptop - M3 Pro chip Built for Apple Intelligence - 36GB Memory - 18-core GPU - 512GB SSD - Silver",4.8,439.0,True,Apple,laptop,New,MRW63LL/A,2001.99,False,
6534637,"Apple - MacBook Pro 16"" Laptop - M3 Max chip Built for Apple Intelligence - 36GB Memory - 30-core GPU - 1TB SSD - Silver",4.8,405.0,True,Apple,laptop,New,MRW73LL/A,2399.99,False,
6534638,Apple - MacBook Air 13-inch Laptop - Apple M4 chip Built for Apple Intelligence - 24GB Memory - 512GB SSD - Midnight,4.9,410.0,True,Apple,laptop,New,MC6C4LL/A,1199.0,False,
6534639,Apple - MacBook Air 15-inch Laptop - Apple M4 chip Built for Apple Intelligence - 24GB Memory - 512GB SSD - Silver,4.9,386.0,True,Apple,laptop,New,MC6J4LL/A,1399.0,False,
6534642,Apple - MacBook Air 15-inch Laptop - Apple M4 chip Built for Apple Intelligence - 24GB Memory - 512GB SSD - Starlight,4.9,386.0,True,Apple,laptop,New,MC6K4LL/A,1399.0,False,
6534643,Apple - MacBook Air 15-inch Laptop - Apple M4 chip Built for Apple Intelligence - 24GB Memory - 512GB SSD - Midnight,4.9,386.0,True,Apple,laptop,New,MC6L4LL/A,1399.0,False,
6534644,Apple - MacBook Air 13-inch Laptop - Apple M4 chip Built for Apple Intelligence - 16GB Memory - 256GB SSD - Sky Blue,4.9,4103.0,True,Apple,laptop,New,MC6T4LL/A,799.0,False,
6534646,Apple - MacBook Air 13-inch Laptop - Apple M4 chip Built for Apple Intelligence - 16GB Memory - 512GB SSD - Sky Blue,4.9,1005.0,True,Apple,laptop,New,MC6U4LL/A,999.0,False,
6534647,Apple - MacBook Air 13-inch Laptop - Apple M4 chip Built for Apple Intelligence - 24GB Memory - 512GB SSD - Sky Blue,4.9,410.0,True,Apple,laptop,New,MC6V4LL/A,1199.0,False,
6534648,Apple - MacBook Air 15-inch Laptop - Apple M4 chip Built for Apple Intelligence - 16GB Memory - 256GB SSD - Sky Blue,4.9,1172.0,True,Apple,laptop,New,MC7A4LL/A,999.0,False,
6534818,"Apple - Geek Squad Certified Refurbished MacBook Pro - 13"" Display - Intel Core i5 - 8 GB Memory - 128GB Flash Storage - Silver",3.5,73.0,False,Apple,laptop,Refurbished,GSRF MPXR2LL/A,1499.99,False,
6534820,"Apple - Geek Squad Certified Refurbished MacBook Air - 13.3"" Display - Intel Core i5 - 8GB Memory - 128GB Flash Storage - Silver",3.8,139.0,False,Apple,laptop,Refurbished,GSRF MQD32LL/A,999.0,False,
6535992,"HP - 15.6"" Chromebook Laptop - Intel Processor N200 - 8GB Memory - 64GB eMMC - Natural Silver",4.5,1507.0,True,HP,laptop,New,15A-NB0013DX/7J267UA#ABA,429.0,False,
6537012,"GIGABYTE - AERO 14"" OLED QHD Creator Laptop - Intel i7-13700H with 16GB LPDDR5 and 1TB SSD - NVIDIA RTX 4050 - Silver",3.0,1.0,False,GIGABYTE,laptop,New,AERO 14 OLED BMF-72USBB4SH,1453.99,False,
6539620,"MSI - Prestige 13 Evo 13.3"" Laptop - Intel Core i7-1360P with 32GB Memory - 1TB SSD - Stellar Gray",,,,MSI,laptop,New,PRE13EVO13050,1499.99,False,
6542092,"ASUS - Vivobook 16 16"" FHD+ Laptop - AMD Ryzen 7 with 16GB Memory - 1TB SSD - Indie Black",4.4,283.0,False,ASUS,laptop,New,M1605YA-ES74,649.99,False,
6543506,"Apple - MacBook Pro 13"" (2020) Refurbished 2560x1600 - Intel 8th Gen Core i5 with 8GB Ram - Intel IrisPlus 645 - 256GB SSD - Space Gray",3.7,3.0,False,Apple,laptop,Refurbished,MXK32LL/A,394.99,False,
6543508,"Apple - MacBook Air 13"" (2020) Refurbished 2560x1600 - Intel 9th Gen Core i5 with 8GB Memory - Intel Iris Plus - 512GB SSD - Space Gray",2.0,2.0,False,Apple,laptop,Refurbished,MVH22LL/A,369.99,False,
6543509,"Apple - MacBook Pro 15"" (2019) Refurbished 2880x1800 - Intel 9th Gen Core i7 with 16GB Memory - AMD Pro 555X - 256GB SSD - Space Gray",3.4,5.0,False,Apple,laptop,Refurbished,MV902LL/A,449.99,False,
6543526,"ASUS - Zenbook 14X 14.5"" 2.8K OLED Touch Laptop - Intel Evo Platform i7-13700H - 16GB Memory - 512GB SSD - Inkwell Gray",4.6,1042.0,True,ASUS,laptop,New,Q420VA-EVO.I7512,949.99,False,
6544230,"Geek Squad Certified Refurbished MacBook Pro 16"" Laptop - Apple M1 Pro chip - 16GB Memory - 512GB SSD - Space Gray",4.1,44.0,False,Apple,laptop,Refurbished,GSRF MK183LL/A,899.99,False,
6544232,"Geek Squad Certified Refurbished MacBook Pro 14"" Laptop - Apple M1 Pro chip - 16GB Memory - 512GB SSD - Space Gray",4.3,130.0,False,Apple,laptop,Refurbished,GSRF MKGP3LL/A,769.99,False,
6544236,"Geek Squad Certified Refurbished MacBook Pro 16"" Laptop - Apple M1 Pro chip - 16GB Memory - 1TB SSD - Space Gray",3.8,46.0,False,Apple,laptop,Refurbished,GSRF MK193LL/A,999.99,False,
6544237,"Geek Squad Certified Refurbished MacBook Pro 14"" Laptop - Apple M1 Pro chip - 16GB Memory - 512GB SSD - Silver",4.3,130.0,False,Apple,laptop,Refurbished,GSRF MKGR3LL/A,649.99,False,
6544247,"Geek Squad Certified Refurbished MacBook Pro 16"" Laptop - Apple M1 Pro chip - 16GB Memory - 512GB SSD - Silver",4.1,44.0,False,Apple,laptop,Refurbished,GSRF MK1E3LL/A,799.99,False,
6544250,"Apple - Geek Squad Certified Refurbished MacBook Pro - 13"" Display with Touch Bar - Intel Core i7 - 16GB Memory - 512GB SSD - Space Gray",,,,Apple,laptop,Refurbished,GSRF 13687677,1199.99,False,
6544251,"Apple - Geek Squad Certified Refurbished Macbook Air With Retina True Tone Display - 13.3"" - CORE i7 - 8 GB RAM - 256 GB SSD - Space Gray",,,,Apple,laptop,Refurbished,GSRF Z0YJ00029,599.99,False,
6544280,"Apple - Geek Squad Certified Refurbished MacBook Pro - 15"" Display with Touch Bar - Intel Core i7 - 16GB Memory - 512GB SSD - Silver",5.0,1.0,False,Apple,laptop,Refurbished,GSRF MR972LL/A,999.99,False,
6544281,"Apple - Geek Squad Certified Refurbished MacBook Pro - 13"" Display with Touch Bar - Intel Core i5 - 8GB Memory - 512GB SSD - Silver",4.1,21.0,False,Apple,laptop,Refurbished,GSRF MR9V2LL/A,379.99,False,
6544287,"Apple - Geek Squad Certified Refurbished MacBook Pro - 13"" Display with Touch Bar - Intel Core i7 - 16GB Memory - 512GB SSD - Silver",,,,Apple,laptop,Refurbished,GSRF 13687690,1199.99,False,
6544376,"Apple - Geek Squad Certified Refurbished MacBook Pro 16"" Display with Touch Bar - Intel Core i9 - 32GB Memory - 1TB SSD - Silver",,,,Apple,laptop,Refurbished,GSRF 13860093,1499.99,False,
6544377,"Apple - Geek Squad Certified Refurbished MacBook Pro 16"" Laptop - Intel Core i7 - 32GB Memory - 512GB SSD - Silver",,,,Apple,laptop,Refurbished,GSRF 13860036,1499.99,False,
6545458,"Lenovo - 15.6"" Refurbished 1920 x 1080 FHD - Intel 8th Gen Core i5-8250U with 16GB RAM - Intel UHD Graphics 620 - 512GB SSD - Black",,,,Lenovo,laptop,Refurbished,T580,636.99,False,
6545466,"Lenovo - 15.6"" Refurbished 1920 x 1080 FHD - Intel 8th Gen Core i7-8665U with 32GB RAM - NVIDIA Quadro P520 - 512GB SSD - Black",,,,Lenovo,laptop,Refurbished,P53S,799.99,False,
6545467,"HP - 15.6"" Refurbished 1920 x 1080 FHD - Intel 8th Gen Core i7-8650U with 32GB RAM - Intel UHD Graphics 620 - 512GB SSD - Silver",3.0,4.0,False,HP,laptop,Refurbished,850 G5,628.99,False,
6545472,"Dell - 5500 15.6"" Refurbished Laptop - Intel 8th Gen Core i5-8265U with 16GB RAM - Intel UHD Graphics 620 - 256GB SSD - Gray",4.4,5.0,False,Dell,laptop,Refurbished,5500,439.99,False,
6545476,"HP - 14"" Refurbished 1920 x 1080 FHD - Intel 11th Gen Core i5-1145G7 with 32GB RAM - Intel Iris Xe Graphics - 1TB SSD - Silver",5.0,2.0,False,HP,laptop,Refurbished,840 G8,666.99,False,
6545479,"Lenovo - 15.6"" Refurbished 1920 x 1080 FHD - Intel 8th Gen Core i7-8650U with 32GB RAM - NVIDIA Quadro P500 - 1TB SSD - Black",5.0,1.0,False,Lenovo,laptop,Refurbished,P52S,888.99,False,
6545480,"Dell - 15.6"" Refurbished 1920 x 1080 FHD - Intel 8th Gen Core i7-8750H with 32GB RAM - NVIDIA Quadro P1000 - 512GB SSD - Black",,,,Dell,laptop,Refurbished,PRECISION 7530,758.99,False,
6545481,"Dell - 15.6"" Refurbished 1920 x 1080 FHD - Intel Xeon E-2176M with 32GB RAM - NVIDIA Quadro P1000 - 512GB SSD - Black",,,,Dell,laptop,Refurbished,PRECISION 7530,670.11,False,
6545484,"HP - 15.6"" Refurbished 1920 x 1080 FHD - Intel 8th Gen Core i7-8850H with 32GB RAM - NVIDIA Quadro P1000 - 1TB SSD - Gray",5.0,2.0,False,HP,laptop,Refurbished,ZBOOK 15 G5,792.99,False,
6545486,"Dell - 15.6"" Refurbished 1920 x 1080 FHD - Intel 9th Gen Core i7-9750H with 32GB RAM - NVIDIA Quadro T1000 - 512GB SSD - Silver",2.8,4.0,False,Dell,laptop,Refurbished,PRECISION 5540,750.57,False,
6547351,"HP - OMEN 16"" 240Hz Gaming Laptop WQXGA Intel Core i7-13700HX With 16GB Memory - NVIDIA GeForce RTX 4070 8GB GDDR6 512GB SSD - Shadow Black",,,,HP,laptop,New,OM16-U0020NR,2049.99,False,
6547626,"MSI - Prestige 13 Evo A12M 13.3"" Laptop - Intel Core i5 with 16GB Memory - 512 GB SSD - Pure White",2.0,1.0,False,MSI,laptop,New,PRE13EVO12070,999.99,False,
6547764,"Dell - Precision 7000 17.3"" Laptop - Intel Core i7 with 32GB Memory - 512 GB SSD - Aluminum Titan Gray",1.0,1.0,False,Dell,laptop,New,26DYG,3309.99,False,
6548704,"Apple - Geek Squad Certified Refurbished MacBook Air - 13.3"" Display - Intel Core i5 - 4GB Memory - 128GB Flash Storage - Silver",5.0,1.0,False,Apple,laptop,Refurbished,GSRF MD760LL/B,179.99,False,
6548705,"Apple - Geek Squad Certified Refurbished MacBook Pro - 13"" Display with Touch Bar - Intel Core i5 - 8GB Memory - 512GB SSD - Silver",4.1,21.0,False,Apple,laptop,Refurbished,GSRF MR9V2LL/A,1999.99,False,
6548707,"Apple - Geek Squad Certified Refurbished MacBook Pro® 15.4"" Laptop - Intel Core i7 with 4GB Memory - 500GB HDD - Silver",,,,Apple,laptop,Refurbished,GSRF MD318LL/A,1619.99,False,
6548709,"Apple - Geek Squad Certified Refurbished MacBook Air - 13.3"" Display - Intel Core i5 - 4GB Memory - 256GB Flash Storage - Silver",1.0,4.0,False,Apple,laptop,Refurbished,3PL GSRF MJVG2LL/A,179.99,False,
6549131,"Apple - Geek Squad Certified Refurbished MacBook Air 13.3"" Laptop - Intel Core i5 with 4GB Memory - 128GB SSD - Silver",,,,Apple,laptop,Refurbished,TI-GSRF MD760LL/A,399.99,False,
6549139,"Apple - Geek Squad Certified Refurbished MacBook Air - 13.3"" Display - Intel Core i5 - 4GB Memory - 128GB Flash Storage - Silver",5.0,1.0,False,Apple,laptop,Refurbished,3PL GSRF MJVE2LL/A,169.99,False,
6549168,"Apple - Geek Squad Certified Refurbished MacBook Pro w/Touch Bar - 13"" Display - Intel Core i5 - 8 GB Memory-512GB Flash Storage - Space Gray",,,,Apple,laptop,Refurbished,3PL GSRF MNQF2LL/A,399.99,False,
6549188,"Apple - Geek Squad Certified Refurbished MacBook Pro - 13"" Display - Intel Core i5 - 8 GB Memory - 512GB Flash Storage - Space Gray",4.1,18.0,False,Apple,laptop,Refurbished,GSRF MPXW2LL/A,1299.99,False,
6549189,"Apple - Geek Squad Certified Refurbished MacBook Pro - Intel Core i5 - 13.3"" Display - 4GB Memory - 500GB Hard Drive - Silver",,,,Apple,laptop,Refurbished,GSRF MD101LL/A,239.99,False,
6549197,"Apple - Refurbished MacBook - 12"" Display - Intel Core M3 - 8GB Memory - 256GB Flash Storage - Space Gray",3.1,7.0,False,Apple,laptop,Refurbished,GSRF MNYF2LL/A,1299.99,False,
6549198,"Apple - Geek Squad Certified Refurbished MacBook Pro with Retina display - 13.3"" Display - 8GB Memory - 128GB Flash Storage - Silver",,,,Apple,laptop,Refurbished,3PL GSRF MF839LL/A,179.99,False,
6549199,"Apple - Geek Squad Certified Refurbished MacBook Air - 13.3"" Display - Intel Core i5 - 8GB Memory - 256GB Flash Storage - Silver",3.0,2.0,False,Apple,laptop,Refurbished,3PL GSRF MMGG2LL/A,119.99,False,
6549200,"Apple - Geek Squad Certified Refurbished MacBook Pro - 13"" Display - Intel Core i5 - 8 GB Memory - 128GB Flash Storage - Silver",3.5,73.0,False,Apple,laptop,Refurbished,GSRF MPXR2LL/A,1499.99,False,
6549202,"Apple - Geek Squad Certified Refurbished MacBook Air 11.6"" Laptop - Intel Core i5 with 4GB Memory - 128GB SSD - Silver",,,,Apple,laptop,Refurbished,GSRF MD711LL/A,719.99,False,
6549207,"Apple - Geek Squad Certified Refurbished MacBook Pro - 15"" Display - Intel Core i7 - 16 GB Memory - 512GB Flash Storage - Space Gray",4.2,22.0,False,Apple,laptop,Refurbished,GSRF MPTT2LL/A,2399.99,False,
6549237,"Apple - Geek Squad Certified Refurbished MacBook Air - 13.3"" Display - Intel Core i5 - 8GB Memory - 128GB Flash Storage - Silver",3.8,139.0,False,Apple,laptop,Refurbished,3PL GSRF MMGF2LL/A,99.99,False,
6549239,"Apple - Geek Squad Certified Refurbished MacBook Pro with Retina display - 13.3"" Display - 8GB Memory - 128GB Flash Storage - Silver",,,,Apple,laptop,Refurbished,GSRF MGX72LL/A,249.99,False,
6549240,"Apple - Geek Squad Certified Refurbished MacBook Air - 13.3"" Display - Intel Core i5 - 8GB Memory - 128GB Flash Storage - Silver",3.8,139.0,False,Apple,laptop,Refurbished,GSRF MQD32LL/A,999.0,False,
6549241,"Apple - Geek Squad Certified Refurbished MacBook Pro - 15"" Display - Intel Core i7 - 16 GB Memory - 256GB Flash Storage - Space Gray",2.3,10.0,False,Apple,laptop,Refurbished,GSRF MPTR2LL/A,2399.99,False,
6549242,"Apple - Geek Squad Certified Refurbished MacBook Pro w/Retina display(Latest Model)-13.3"" Display-8GB Memory-512GB Flash Storage - Silver",,,,Apple,laptop,Refurbished,3PL GSRF MF841LL/A,1619.99,False,
6549243,"Apple - Geek Squad Certified Refurbished MacBook Pro w/Touch Bar - 13"" Display - Intel Core i5 - 8 GB Memory-512GB Flash Storage - Silver",,,,Apple,laptop,Refurbished,3PL GSRF MNQG2LL/A,1199.99,False,
6549246,"Geek Squad Certified Refurbished MacBook Air 13.3"" Laptop - Apple M1 chip - 8GB Memory - 512GB SSD - Silver",4.1,67.0,False,Apple,laptop,Refurbished,GSRF MGNA3LL/A,699.0,False,
6549248,"Geek Squad Certified Refurbished MacBook Pro 13.3"" Laptop - Apple M1 chip - 8GB Memory - 256GB SSD - Space Gray",4.5,167.0,False,Apple,laptop,Refurbished,GSRF MYD82LL/A,1099.99,False,
6549249,"Geek Squad Certified Refurbished MacBook Air 13.3"" Laptop - Apple M1 chip - 8GB Memory - 256GB SSD - Silver",4.4,393.0,False,Apple,laptop,Refurbished,GSRF MGN93LL/A,1099.99,False,
6549251,"Apple - Geek Squad Certified Refurbished MacBook Air - 13.3"" Retina Display - Intel Core i5 - 8GB Memory - 128GB Flash Storage - Space Gray",4.3,99.0,False,Apple,laptop,Refurbished,GSRF MRE82LL/A,1299.99,False,
6549254,"Apple - Geek Squad Certified Refurbished MacBook Pro 13.3"" Laptop - Intel Core i5 with 8GB Memory - 256GB SDD - Silver",,,,Apple,laptop,Refurbished,GSRF ME865LL/A,189.99,False,
6549257,"Apple - Geek Squad Certified Refurbished MacBook Pro with Retina display - 13.3"" Display - 8GB Memory - 256GB Flash Storage - Silver",,,,Apple,laptop,Refurbished,GSRF MGX82LL/A,1349.99,False,
6549281,"Apple - Geek Squad Certified Refurbished MacBook Air 13.3"" Laptop - Intel Core i5 with 4GB Memory - 256GB SSD - Silver",,,,Apple,laptop,Refurbished,TI-GSRF MD761LL/A,399.99,False,
6549285,"Geek Squad Certified Refurbished MacBook Pro 13.3"" Laptop - Apple M1 chip - 8GB Memory - 512GB SSD - Silver",4.0,78.0,False,Apple,laptop,Refurbished,GSRF MYDC2LL/A,1099.99,False,
6549287,"Apple - Geek Squad Certified Refurbished MacBook Pro - 13"" Display - Intel Core i5 - 8 GB Memory - 256GB Flash Storage - Silver",,,,Apple,laptop,Refurbished,3PL GSRF MLUQ2LL/A,1349.99,False,
6549300,"Apple - Geek Squad Certified Refurbished Macbook - 12"" Display - Intel Core M5 - 8GB Memory - 512GB Flash Storage - Space Gray",,,,Apple,laptop,Refurbished,3PL GSRF MLH82LL/A,359.99,False,
6549302,"Apple - Geek Squad Certified Refurbished MacBook Pro with Retina display - 13.3"" Display - 8GB Memory - 256GB Flash Storage - Silver",,,,Apple,laptop,Refurbished,3PL GSRF MF840LL/A,189.99,False,
6549303,"Apple - Geek Squad Certified Refurbished MacBook Pro 15.4"" Laptop - Intel Core 2 Duo with 4GB Memory - 250GB HDD - Aluminium",,,,Apple,laptop,Refurbished,GSRF MC118LL/A,1439.99,False,
6549307,"Apple - Geek Squad Certified Refurbished MacBook Pro 15.4"" Laptop - Intel Core i7 with 4GB Memory - 500GB HDD - Silver",,,,Apple,laptop,Refurbished,GSRF MD103LL/A,129.99,False,
6549310,"Apple - Geek Squad Certified Refurbished MacBook Air 11.6"" Laptop - Intel Core i5 with 4GB Memory - 64GB SSD - Silver",,,,Apple,laptop,Refurbished,GSRF MD223LL/A,809.99,False,
6549342,"Apple - Geek Squad Certified Refurbished MacBook Pro - 13"" Display - Intel Core i5 - 8 GB Memory - 256GB Flash Storage - Space Gray",,,,Apple,laptop,Refurbished,3PL GSRF MLL42LL/A,299.99,False,
6549344,"Apple - Geek Squad Certified Refurbished MacBook Pro 13.3"" Laptop - Intel Core i5 with 8GB Memory - 256GB SDD - Silver",,,,Apple,laptop,Refurbished,GSRF ME662LL/A,1304.99,False,
6549427,"Apple - Geek Squad Certified Refurbished MacBook Pro w/Touch Bar - 13"" Display - Intel Core i5 - 8 GB Memory-256GB Flash Storage - Space Gray",,,,Apple,laptop,Refurbished,3PL GSRF MLH12LL/A,979.99,False,
6549428,"Apple - Geek Squad Certified Refurbished Macbook - 12"" Display - Intel Core M3 - 8GB Memory - 256GB Flash Storage - Rose Gold",5.0,1.0,False,Apple,laptop,Refurbished,3PL GSRF MMGL2LL/A,499.99,False,
6549430,"Apple - Geek Squad Certified Refurbished MacBook Air - 13.3"" Display - Intel Core i5 - 4GB Memory - 256GB Flash Storage - Silver",,,,Apple,laptop,Refurbished,GSRF MD761LL/B,149.99,False,
6549431,"Apple - Geek Squad Certified Refurbished MacBook Pro 13.3"" Laptop - Intel Core i7 with 8GB Memory - 750GB HDD - Silver",,,,Apple,laptop,Refurbished,GSRF MD102LL/A,1349.99,False,
6549432,"Apple - Geek Squad Certified Refurbished MacBook Pro - 13"" Display - Intel Core i5 - 8 GB Memory - 256GB Flash Storage - Silver",4.1,29.0,False,Apple,laptop,Refurbished,GSRF MPXX2LL/A,1799.99,False,
6549433,"Apple - Geek Squad Certified Refurbished MacBook® - 12"" Display - Intel Core M - 8GB Memory - 256GB Flash Storage - Gold",,,,Apple,laptop,Refurbished,3PL GSRF MK4M2LL/A,1169.99,False,
6549435,"Apple - Geek Squad Certified Refurbished MacBook Air 13.3"" Laptop - Intel Core i5 with 4GB Memory - 128GB SSD - Silver",,,,Apple,laptop,Refurbished,GSRF MD231LL/A,899.99,False,
6549717,"Lenovo - ThinkPad E16 Gen 1 16"" Laptop - Intel Core i5 with 16GB Memory - 256GB SSD - Black",4.9,10.0,False,Lenovo,laptop,New,21JN003YUS,709.99,False,
6549720,"Lenovo - ThinkPad E16 Gen 1 16"" Touch-Screen Laptop - Intel Core i5 with 16GB Memory - 512GB SSD - Black",4.3,3.0,False,Lenovo,laptop,New,21JN0040US,799.99,False,
6549730,"Lenovo - ThinkPad E14 Gen 5 14"" Touch-Screen Laptop - Intel Core i7 with 16GB Memory - 512GB SSD - Black",4.8,8.0,False,Lenovo,laptop,New,21JK0053US,939.99,False,
6550200,"Apple - Geek Squad Certified Refurbished MacBook Pro 16"" Laptop - M2 Pro chip - 16GB Memory - 1TB SSD - Space Gray",2.5,6.0,False,Apple,laptop,Refurbished,GSRF MNW93LL/A,1399.99,False,
6550201,"Apple - Geek Squad Certified Refurbished MacBook Pro 16"" Laptop - M2 Max chip - 32GB Memory - 1TB SSD - Space Gray",,,,Apple,laptop,Refurbished,GSRF MNWA3LL/A,1999.99,False,
6550202,"Apple - Geek Squad Certified Refurbished MacBook Pro 16"" Laptop - M2 Pro chip - 16GB Memory - 512GB SSD - Space Gray",5.0,3.0,False,Apple,laptop,Refurbished,GSRF MNW83LL/A,1299.99,False,
6550203,"Apple - Geek Squad Certified Refurbished MacBook Pro 16"" Laptop - M2 Pro chip - 16GB Memory - 512GB SSD - Silver",5.0,3.0,False,Apple,laptop,Refurbished,GSRF MNWC3LL/A,1299.99,False,
6490129,"Apple - Geek Squad Certified Refurbished MacBook Air 13.3"" Laptop - Intel Core i5 - 8GB Memory - 128GB Solid State Drive - Space Gray",4.1,143.0,False,Apple,laptop,Refurbished,GSRF MVFH2LL/A,329.99,False,
6490130,"Apple - Geek Squad Certified Refurbished MacBook Air 13.3"" Laptop - Intel Core i5 - 8GB Memory - 256GB Solid State Drive - Space Gray",4.2,52.0,False,Apple,laptop,Refurbished,GSRF MVFJ2LL/A,379.99,False,
6490131,"Apple - Geek Squad Certified Refurbished MacBook Air 13.3"" Laptop - Intel Core i5 - 8GB Memory - 128GB Solid State Drive - Silver",4.1,143.0,False,Apple,laptop,Refurbished,GSRF MVFK2LL/A,359.99,False,
6490133,"Apple - Geek Squad Certified Refurbished MacBook Air 13.3"" Laptop - Intel Core i5 - 8GB Memory - 256GB Solid State Drive - Silver",4.2,52.0,False,Apple,laptop,Refurbished,GSRF MVFL2LL/A,379.99,False,
6490134,"Apple - Geek Squad Certified Refurbished MacBook Air 13.3"" Laptop - Intel Core i5 - 8GB Memory - 128GB Solid State Drive - Gold",4.1,143.0,False,Apple,laptop,Refurbished,GSRF MVFM2LL/A,354.99,False,
6491010,"HP - EliteBook 14"" Refurbished Laptop - Intel Core i7 - 16GB Memory - 512GB Solid State Drive - Silver",4.7,10.0,False,HP,laptop,Refurbished,840 G5,509.99,False,
6495235,"Samsung - Geek Squad Certified Refurbished Galaxy Book Pro 360 15.6"" Touch-Screen Laptop - Intel Core i7 - 16GB Memory - 1TB SSD - Mystic Navy",3.0,6.0,False,Samsung,laptop,Refurbished,GSRF- NP950QDB-KB,799.99,False,
6499751,"HP - 14"" Laptop - Intel Celeron - 4GB Memory - 64GB eMMC - Indigo Blue",4.1,2324.0,False,HP,laptop,New,685K4UA#ABA,123.99,False,
6499942,"HP - 14"" Laptop - Intel Celeron - 4GB Memory - 64GB eMMC - Rose Gold",4.1,2324.0,False,HP,laptop,New,685K3UA#ABA,119.99,False,
6501347,"Apple - MacBook Pro 14"" Certified Refurbished - M1 Pro chip - 8CPU/14GPU with 16GB Memory - 512GB SSD (2021) - Silver",4.3,16.0,False,Apple,laptop,Refurbished,MKGR3LL/A,764.99,False,
6501348,"Apple - MacBook Air 13.3"" Certified Refurbished - M1 chip - 8GB Memory - 7 GPU - 256GB SSD (2020) - Space Gray",4.0,2.0,False,Apple,laptop,Refurbished,MGN63LL/A,449.99,False,
6501349,"Apple - MacBook Air 13.3"" Certified Refurbished - M1 chip with 8GB Memory - 8 GPU - 512GB SSD (2020) - Gold",1.0,1.0,False,Apple,laptop,Refurbished,MGNE3LL/A,499.99,False,
6501352,"Apple - MacBook Pro 13.3"" Certified Refurbished - Intel Core i5 Touch Bar - 16GB Memory - 1TB SSD (2020) - Silver",5.0,1.0,False,Apple,laptop,Refurbished,MWP82LL/A,569.99,False,
6501353,"Apple - MacBook Pro 13.3"" Certified Refurbished - M1 chip with 8GB Memory - 512GB SSD (2021 Model) - Space Gray",5.0,3.0,False,Apple,laptop,Refurbished,MYD92LL/A,519.99,False,
6501355,"Apple - MacBook Air 13.3"" Certified Refurbished - M1 chip with 8GB Memory - 8 GPU - 512GB SSD (2020) - Silver",1.0,1.0,False,Apple,laptop,Refurbished,MGNA3LL/A,499.99,False,
6501356,"Apple - MacBook Pro 13.3"" Certified Refurbished - Intel Core i5 Touch Bar - 16GB Memory - 512GB SSD (2020) - Silver",3.6,11.0,False,Apple,laptop,Refurbished,MWP72LL/A,489.99,False,
6501357,"Apple - MacBook Pro 16"" Certified Refurbished - Intel Core i9 - 16GB Memory - AMD Radeon Pro 5500M - 1TB SSD (2019) - Silver",3.8,60.0,False,Apple,laptop,Refurbished,MVVM2LL/A,674.99,False,
6501359,"Apple - MacBook Pro 16"" Certified Refurbished - Intel Core i9 - 16GB Memory - AMD Radeon Pro 5500M - 1TB SSD (2019) - Space Gray",3.8,60.0,False,Apple,laptop,Refurbished,MVVK2LL/A,674.99,False,
6501360,"Apple - MacBook Air 13.3"" Certified Refurbished - M1 chip - 8GB Memory - 8 GPU - 512GB SSD (2020) - Space Gray",4.0,1.0,False,Apple,laptop,Refurbished,MGN73LL/A,499.99,False,
6501361,"Apple - MacBook Air 13.3"" Certified Refurbished - M1 chip with 8GB Memory - 7 GPU - 256GB SSD (2020) - Silver",5.0,1.0,False,Apple,laptop,Refurbished,MGN93LL/A,449.99,False,
6503862,"ASUS - CX5601 16"" FHD+ 2-in-1 Touch Screen Chromebook Plus Laptop with Google AI - Intel Core i3 - 8GB Memory - 128GB SSD - Gray",4.4,310.0,False,ASUS,laptop,New,CX5601FBA-I3128,479.99,False,
6503871,"HP - EliteBook 14"" Refurbished Laptop - Intel Core i5 - 16GB Memory - 256GB Solid State Drive - Gray",4.7,10.0,False,HP,laptop,Refurbished,840 G5,394.25,False,
6505696,"Apple - Geek Squad Certified Refurbished MacBook Pro 15"" Display Touch Bar Intel Core i9 32GB Memory AMD Radeon Pro 560X 1TB SSD - Space Gray",,,,Apple,laptop,Refurbished,GSRF MR952LL/A,1739.99,False,
6508351,"Samsung - Geek Squad Certi Refurbished Galaxy Book Go - 14.0"" LED Screen - Qualcomm 7C Gen 2 Processor - 4GB Memory - 128GB eMMC - Silver",2.8,5.0,False,Samsung,laptop,Refurbished,GSRF NP340XLA-KA1US,349.99,False,
6508352,"Samsung - Geek Squad Certi Refurbis Galaxy Book Flex2 Alpha 13.3"" QLED Touch-Scrn Laptop - Intel Core i7 - 16GB Memory - 512GB SSD - Mystic Black",2.5,8.0,False,Samsung,laptop,Refurbished,GSRF NP730QDA-KA1US,898.99,False,
6509644,"Apple - MacBook Air 13.6"" Laptop - M2 chip Built for Apple Intelligence - 8GB Memory - 256GB SSD - Space Gray",4.9,13065.0,True,Apple,laptop,New,MLXW3LL/A,636.99,False,
6509646,"Apple - MacBook Air 13.6"" Laptop - M2 chip Built for Apple Intelligence - 8GB Memory - 256GB SSD - Silver",4.9,13065.0,True,Apple,laptop,New,MLXY3LL/A,630.99,False,
6509651,"Apple - MacBook Air 13.6"" Laptop - M2 chip Built for Apple Intelligence - 8GB Memory - 512GB SSD - Midnight",4.8,2276.0,True,Apple,laptop,New,MLY43LL/A,764.99,False,
6509654,"Apple - MacBook Pro 13.3"" Laptop - M2 chip - 8GB Memory - 256GB SSD - Silver",4.9,3298.0,True,Apple,laptop,New,MNEP3LL/A,1039.99,False,
6509660,"Apple - MacBook Pro 13.3"" Laptop - M2 chip - 8GB Memory - 256GB SSD - Space Gray",4.7,3.0,False,Apple,laptop,New,3L201LL/A,1104.99,False,
6513217,"HP - 14"" Chromebook Laptop - Intel Celeron - 4GB Memory - 64GB eMMC - Modern Gray",4.5,2855.0,True,HP,laptop,New,14A-NE0013DX,209.99,False,
6515403,"Apple - Geek Squad Certified Refurbished MacBook Pro-15"" with Touch Bar-Intel Core i7-16GB Memory-AMD Radeon Pro 560X-512GB SSD - Space Gray",3.9,27.0,False,Apple,laptop,Refurbished,GSRF MR942LL/A,519.99,False,
6515448,"Apple - Geek Squad Certified Refurbished MacBook Pro - 13"" Display with Touch Bar - Intel Core i5 - 8GB Memory - 256GB SSD - Space Gray",4.2,59.0,False,Apple,laptop,Refurbished,GSRF MR9Q2LL/A,439.99,False,
6515449,"Apple - Geek Squad Certified Refurbished MacBook Pro - 13"" Display with Touch Bar - Intel Core i5 - 8GB Memory - 512GB SSD - Space Gray",4.1,21.0,False,Apple,laptop,Refurbished,GSRF MR9R2LL/A,279.99,False,
6515450,"Apple - Geek Squad Certified Refurbished MacBook Air - 13.3"" Retina Display - Intel Core i5 - 8GB Memory - 128GB Flash Storage - Gold",4.3,99.0,False,Apple,laptop,Refurbished,GSRF MREE2LL/A,419.99,False,
6515452,"Apple - Geek Squad Certified Refurbished MacBook Air - 13.3"" Retina Display - Intel Core i5 - 8GB Memory - 256GB Flash Storage - Gold",4.1,44.0,False,Apple,laptop,Refurbished,GSRF MREF2LL/A,419.99,False,
6515453,"Apple - Refurbished MacBook Pro - 15"" Display with Touch Bar - Intel Core i7 - 16GB Memory - AMD Radeon Pro 555X - 256GB SSD - Silver",3.8,31.0,False,Apple,laptop,Refurbished,GSRF MR962LL/A,649.99,False,
6515454,"Apple - Geek Squad Certified Refurbished MacBook Pro-15"" with Touch Bar-Intel Core i7-16GB Memory-AMD Radeon Pro 560X 1TB SSD - Space Gray",,,,Apple,laptop,Refurbished,GSRF MPTW2LL/A,959.99,False,
6515456,"Apple - Geek Squad Certified Refurbished MacBook Pro - 13"" Display with Touch Bar - Intel Core i5 - 8GB Memory - 256GB SSD - Silver",4.2,59.0,False,Apple,laptop,Refurbished,GSRF MR9U2LL/A,499.99,False,
6515457,"Apple - Refurbished MacBook Pro - 15"" Display with Touch Bar - Intel Core i7 - 16GB Memory - AMD Radeon Pro 555X - 256GB SSD - Space Gray",3.8,31.0,False,Apple,laptop,Refurbished,GSRF MR932LL/A,549.99,False,
6515458,"Apple - Geek Squad Certified Refurbished MacBook Pro - 13"" Display with Touch Bar - Intel Core i5 - 8GB Memory - 512GB SSD - Silver",4.0,31.0,False,Apple,laptop,Refurbished,GSRF MXK72LL/A,479.99,False,
6515459,"Geek Squad Certified Refurbished MacBook Pro 13.3"" Laptop - Apple M1 chip - 8GB Memory - 512GB SSD - Silver",4.0,78.0,False,Apple,laptop,Refurbished,GSRF MYDC2LL/A,504.99,False,
6515460,"Apple - Geek Squad Certified Refurbished MacBook Air - 13.3"" Retina Display - Intel Core i5 - 8GB Memory - 128GB Flash Storage - Space Gray",4.3,99.0,False,Apple,laptop,Refurbished,GSRF MRE82LL/A,389.99,False,
6515461,"Geek Squad Certified Refurbished MacBook Pro 14"" Laptop - Apple M1 Pro chip - 16GB Memory - 1TB SSD - Silver",3.5,46.0,False,Apple,laptop,Refurbished,GSRF MKGT3LL/A,749.99,False,
6515462,"Apple - Geek Squad Certified Refurbished MacBook Air - 13.3"" Retina Display - Intel Core i5 - 8GB Memory - 256GB Flash Storage - Space Gray",4.1,44.0,False,Apple,laptop,Refurbished,GSRF MRE92LL/A,399.99,False,
6515463,"Apple - Geek Squad Certified Refurbished MacBook Air - 13.3"" Retina Display - Intel Core i5 - 8GB Memory - 128GB Flash Storage - Silver",4.3,99.0,False,Apple,laptop,Refurbished,GSRF MREA2LL/A,349.99,False,
6515466,"Apple - Geek Squad Certified Refurbished MacBook Air - 13.3"" Retina Display - Intel Core i5 - 8GB Memory - 256GB Flash Storage - Silver",4.1,44.0,False,Apple,laptop,Refurbished,GSRF MREC2LL/A,399.99,False,
6517827,"Apple - MacBook Pro 16"" Certified Refurbished - M1 Pro chip - 10 CPU/16 GPU with 16GB Memory - 512GB SSD (2021) - Silver",4.2,5.0,False,Apple,laptop,Refurbished,MK1E3LL/A,879.99,False,
6520616,"Acer - Swift 3 -14"" OLED WQXGA Laptop- -12th Gen Intel Core i7 12700H-Iris Xe Graphics-16GB LPDDR5-1TB Gen 4 SSD - Gray",4.7,3.0,False,Acer,laptop,New,SF314-71-75MW,1199.99,False,
6527463,Thomson - NEOZ3 Laptop - Qualcomm Snapdragon - 4GB Memory - 64GB SDD - Silver,3.0,2.0,False,Thomson,laptop,New,WWZ313Q8504T64,199.99,False,
6530194,"Apple - Geek Squad Certified Refurbished MacBook Air - 13.3"" Display - Intel Core i5 - 8GB Memory - 128GB Flash Storage - Silver",3.8,139.0,False,Apple,laptop,Refurbished,GSRF MQD32LL/A,79.99,False,
6530197,"Apple - Geek Squad Certified Refurbished MacBook Pro - 13"" Display - Intel Core i5 - 8 GB Memory - 128GB Flash Storage - Space Gray",3.5,73.0,False,Apple,laptop,Refurbished,GSRF MPXQ2LL/A,239.99,False,
6530198,"Apple - Geek Squad Certified Refurbished MacBook Air - 13.3"" Display - Intel Core i5 - 8GB Memory - 256GB Flash Storage - Silver",3.9,42.0,False,Apple,laptop,Refurbished,GSRF MQD42LL/A,269.99,False,
6530199,"Apple - Geek Squad Certified Refurbished MacBook Pro - 13"" Display - Intel Core i5 - 8 GB Memory - 256GB Flash Storage - Space Gray",4.1,29.0,False,Apple,laptop,Refurbished,GSRF MPXV2LL/A,409.99,False,
6530200,"Apple - Geek Squad Certified Refurbished MacBook Pro - 13"" Display - Intel Core i5 - 8 GB Memory - 256GB Flash Storage - Space Gray",3.4,80.0,False,Apple,laptop,Refurbished,TI-GSRF-3PL MPXT2LL/A,279.99,False,
6530202,"Apple - Geek Squad Certified Refurbished MacBook Pro - 13"" Display - Intel Core i5 - 8 GB Memory - 128GB Flash Storage - Silver",3.5,73.0,False,Apple,laptop,Refurbished,GSRF MPXR2LL/A,129.99,False,
6530203,"Apple - Geek Squad Certified Refurbished MacBook Pro - 13"" Display - Intel Core i5 - 8 GB Memory - 256GB Flash Storage - Silver",3.4,80.0,False,Apple,laptop,Refurbished,GSRF MPXU2LL/A,369.99,False,
6530205,"Apple - Geek Squad Certified Refurbished MacBook Air - 13.3"" Display - Intel Core i7 - 8GB Memory - 512GB Solid State Drive - Silver",3.7,9.0,False,Apple,laptop,Refurbished,GSRF Z0UU1LL/A,349.99,False,
6530207,"Apple - Geek Squad Certified Refurbished MacBook - 12"" Display - Intel Core M3 - 8GB Memory - 256GB Flash Storage - Space Gray",3.1,7.0,False,Apple,laptop,Refurbished,GSRF MNYF2LL/A,299.99,False,
6530208,"Apple - Geek Squad Certified Refurbished MacBook Pro - 15"" Display - Intel Core i7 - 16 GB Memory - 512GB Flash Storage - Space Gray",4.2,22.0,False,Apple,laptop,Refurbished,GSRF MPTT2LL/A,399.99,False,
6530209,"Apple - Geek Squad Certified Refurbished MacBook Pro - 13"" Display - Intel Core i5 - 8 GB Memory - 256GB Flash Storage - Silver",4.1,29.0,False,Apple,laptop,Refurbished,GSRF MPXX2LL/A,299.99,False,
6530210,"Apple - Geek Squad Certified Refurbished MacBook Pro - 15"" Display - Intel Core i7 - 16 GB Memory - 256GB Flash Storage - Silver",2.3,10.0,False,Apple,laptop,Refurbished,GSRF MPTU2LL/A,579.99,False,
6530211,"Apple - Geek Squad Certified Refurbished MacBook Pro - 15"" Display - Intel Core i7 - 16 GB Memory - 512GB Flash Storage - Silver",4.2,22.0,False,Apple,laptop,Refurbished,GSRF MPTV2LL/A,899.99,False,
6530212,"Apple - Geek Squad Certified Refurbished Macbook - 12"" Display - Intel Core M3 - 8GB Memory - 256GB Flash Storage - Rose Gold",3.1,9.0,False,Apple,laptop,Refurbished,GSRF MNYM2LL/A,399.99,False,
6530213,"Apple - Geek Squad Certified Refurbished MacBook Pro - 13.3"" Display - Intel Core i7 - 16GB Memory - 512GB Solid State Drive - Space Gray",1.0,1.0,False,Apple,laptop,Refurbished,GSRF Z0UK9LL/A,499.99,False,
6530214,"Apple - Geek Squad Certified Refurbished MacBook Pro - 13"" Display - Intel Core i5 - 8 GB Memory - 512GB Flash Storage - Space Gray",4.1,18.0,False,Apple,laptop,Refurbished,GSRF MPXW2LL/A,409.99,False,
6530215,"Apple - Geek Squad Certified Refurbished MacBook Pro® - 13"" Display - Intel Core i5 - 8 GB Memory - 512GB Flash Storage",4.1,18.0,False,Apple,laptop,Refurbished,GSRF MPXY2LL/A,549.99,False,
6530216,"Apple - Geek Squad Certified Refurbished MacBook - 12"" Display - Intel Core M3 - 8GB Memory - 256GB Flash Storage - Silver",,,,Apple,laptop,Refurbished,GSRF MNYH2LL/A,329.99,False,
6530217,"Apple - Geek Squad Certified Refurbished MacBook Pro - 15.4"" Display - Intel Core i7 - 16 GB Memory - 1TB Solid State Drive - Space Gray",,,,Apple,laptop,Refurbished,TI-GSRF Z0UC4LL/A,999.99,False,
6530218,"Apple - Geek Squad Certified Refurbished Macbook - 12"" Display - Intel Core M3 - 8GB Memory - 256GB Flash Storage - Gold",3.1,9.0,False,Apple,laptop,Refurbished,TI-GSRF-3PL MNYK2LL/A,349.99,False,
6530219,"Apple - Geek Squad Certified Refurbished MacBook - 12"" Display - Intel Core i5 - 8GB Memory - 512GB Flash Storage - Space Gray",5.0,2.0,False,Apple,laptop,Refurbished,GSRF MNYG2LL/A,499.99,False,
6530223,"Apple - Geek Squad Certified Refurbished Macbook - 12"" Display - Intel Core i5 - 8GB Memory - 512GB Flash Storage - Rose Gold",5.0,2.0,False,Apple,laptop,Refurbished,GSRF MNYN2LL/A,499.99,False,
6530224,"Apple - GS Cert Refurb MacBook - 12"" Display - Intel Core i5 - 8GB Memory - 512GB Flash Storage - Silver",5.0,2.0,False,Apple,laptop,Refurbished,GSRF MNYJ2LL/A,499.99,False,
6530235,"Acer - Aspire 3 Thin & Light Laptop - 15.6"" Full HD IPS Touch Display - AMD Ryzen 5 7520U - 8GB LPDDR5 - 512GB SSD - Wi-Fi 6 - Steam Blue",4.5,1144.0,False,Acer,laptop,New,A315-24PT-R90Z,479.99,False,
6530623,"Apple - MacBook Pro 16"" Laptop - M2 Pro chip - 16GB Memory - 512GB SSD - Space Gray",5.0,2.0,False,Apple,laptop,New,3L550LL/A,2099.0,False,
6530629,"Apple - MacBook Pro 14"" Laptop - M2 Pro chip - 16GB Memory - 512GB SSD - Space Gray",4.5,2.0,False,Apple,laptop,New,3L552LL/A,1599.0,False,
6530630,"Apple - MacBook Pro 14"" Laptop - M2 Pro chip - 16GB Memory - 512GB SSD - Silver",4.5,2.0,False,Apple,laptop,New,3L553LL/A,1699.0,False,
6531208,"Dell - 14"" Refurbished 1920x1080 FHD - Intel 11th Gen Core i7-1185G7 - Intel Iris Xe Graphics with 32GB and 1TB - SSD - Black",1.0,1.0,False,Dell,laptop,Refurbished,7420,758.99,False,
6531211,"HP - 830 G7 13.3"" Refurbished 1920x1080 FHD - Intel 10th Gen Core i7-10610U - Intel UHD Graphics 620 with 32GB and 1TB - SSD - Silver",4.5,123.0,True,HP,laptop,Refurbished,830 G7,499.99,False,
6531216,"HP - 840 G6 14"" Refurbished 1920x1080 FHD - Intel 8th Gen Core i7-8665U - Intel UHD Graphics 620 with 16GB and 512GB - SSD - Silver",,,,HP,laptop,Refurbished,840 G6,583.99,False,
6531217,"HP - 830 G6 13.3"" Refurbished 1920x1080 FHD - Intel 8th Gen Core i7-8665U - Intel UHD Graphics 620 with 16GB and 512GB - SSD - Silver",4.9,14.0,False,HP,laptop,Refurbished,830 G6,484.99,False,
6531227,"Dell - 14"" Refurbished 1920x1080 FHD - Intel 11th Gen Core i7-1185G7 - Intel Iris Xe Graphics with 32GB and 2TB - SSD - Black",4.1,12.0,False,Dell,laptop,Refurbished,7420,809.99,False,
6531233,"HP - 830 G6 13.3"" Refurbished Laptop - Intel 8th Gen Core i7 with 32GB Memory - Intel UHD Graphics 620 - 1TB SSD - Silver",4.2,21.0,False,HP,laptop,Refurbished,830 G6,547.99,False,
6531236,"HP - 840 G6 14"" Refurbished 1920x1080 FHD - Intel 8th Gen Core i7-8665U - Intel UHD Graphics 620 with 32GB and 1TB - SSD - Silver",3.7,3.0,False,HP,laptop,Refurbished,840 G6,651.99,False,
6531242,"HP - 840 G6 14"" Refurbished Laptop - Intel 8th Gen Core i5 with 32GB Memory - Intel UHD Graphics 620 - 1TB SSD - Silver",4.2,6.0,False,HP,laptop,Refurbished,840 G6,509.19,False,
6531248,"HP - 840 G6 14"" Refurbished Laptop - Intel 8th Gen Core i5 with 16GB Memory - Intel UHD Graphics 620 - 512GB SSD - Silver",,,,HP,laptop,Refurbished,840 G6,428.73,False,
6531741,"Lenovo - IdeaPad Flex 3i Chromebook Laptop - 12.2"" 2K Touchscreen - Intel N100 with 4GB Memory - 64GB eMMC - Abyss Blue",4.6,426.0,True,Lenovo,laptop,New,82XH0001US,429.0,False,
6531742,"Lenovo - IdeaPad Slim 3 Chromebook Laptop - 14"" Full HD Touchscreen Laptop - MediaTek Kompanio 520 - 4GB Memory - 64GB eMMC - Abyss Blue",4.6,2061.0,True,Lenovo,laptop,New,82XJ0000US,159.0,False,
6534434,Apple - MacBook Air 13-inch Laptop - Apple M4 chip Built for Apple Intelligence - 24GB Memory - 512GB SSD - Silver,4.9,410.0,True,Apple,laptop,New,MC654LL/A,1199.0,False,
6534438,Apple - MacBook Air 13-inch Laptop - Apple M4 chip Built for Apple Intelligence - 24GB Memory - 512GB SSD - Starlight,4.9,410.0,True,Apple,laptop,New,MC6A4LL/A,1199.0,False,
6534483,"Apple - MacBook Air 15"" Laptop - M2 chip Built for Apple Intelligence - 8GB Memory - 256GB SSD - Starlight",5.0,2.0,False,Apple,laptop,New,3L621LL/A,1069.0,False,
6534485,"Apple - MacBook Pro 14"" Laptop - M3 chip Built for Apple Intelligence - 8GB Memory - 10-core GPU - 512GB SSD - Silver",,,,Apple,laptop,New,3M132LL/A,1189.0,False,
6534486,"Apple - MacBook Pro 14"" Laptop - M3 chip Built for Apple Intelligence - 8GB Memory - 10-core GPU - 512GB SSD - Space Gray",,,,Apple,laptop,New,3M406LL/A,1189.0,False,
6534488,"Apple - MacBook Pro 14"" Laptop - M3 Pro chip Built for Apple Intelligence - 18GB Memory - 14-core GPU - 512GB SSD - Space Black",3.3,4.0,False,Apple,laptop,New,3M524LL/A,1599.0,False,
6534490,"Apple - MacBook Pro 16"" Laptop - M3 Pro chip Built for Apple Intelligence - 18GB Memory - 18-core GPU - 512GB SSD - Space Black",1.0,1.0,False,Apple,laptop,New,3M526LL/A,2039.0,False,
6534601,"Apple - MacBook Air 15"" Laptop - M2 chip Built for Apple Intelligence - 8GB Memory - 512GB SSD - Space Gray",4.9,1800.0,True,Apple,laptop,New,MQKQ3LL/A,1424.99,False,
6534603,"Apple - MacBook Air 15"" Laptop - M2 chip Built for Apple Intelligence - 8GB Memory - 256GB SSD - Silver",4.9,4681.0,True,Apple,laptop,New,MQKR3LL/A,1039.99,False,
6534612,"Apple - MacBook Pro 16"" Laptop - M3 Max chip Built for Apple Intelligence - 48GB Memory - 40-core GPU - 1TB SSD - Space Black",4.9,281.0,True,Apple,laptop,New,MUW63LL/A,2698.99,False,
6534614,"Apple - MacBook Pro 16"" Laptop - M3 Max chip Built for Apple Intelligence - 48GB Memory - 40-core GPU - 1TB SSD - Silver",4.9,281.0,True,Apple,laptop,New,MUW73LL/A,2698.99,False,
6534615,"Apple - MacBook Pro 14"" Laptop - M3 Pro chip Built for Apple Intelligence - 18GB Memory - 14-core GPU - 512GB SSD - Space Black",4.9,3304.0,True,Apple,laptop,New,MRX33LL/A,1614.99,False,
