itemNumber,class,name,customerReviewAverage,customerReviewCount,customerTopRated,modelNumber,salePrice,manufacturer,isRefurbished
83-360-831,desktop,ABS Cyclone Aqua Gaming PC - Windows 11 - Intel Core i5-14400F - GeForce RTX 5060 - DLSS 4 - AI-Powered Performance - 32GB DDR4 3200MHz - 1TB M.2 NVMe SSD - CA14400F5060,4.6,275,True,CA14400F5060,799.99,ABS,False
83-360-849,desktop,ABS Eurus Aqua Gaming PC - Windows 11 - Intel Core i9-14900KF - GeForce RTX 5070 Ti -  DLSS 4 - AI-Powered Performance - 32GB DDR5 6400 - 2TB M.2 NVMe SSD - EA14900KF5070TI2,4.4,161,False,EA14900KF5070TI2,1849.99,ABS,False
9SIC01CKMH7710,desktop,"AOACE Gaming PC Desktop AMD Ryzen 7 5700X,RTX 5060 8G  32GB RAM and 1TB NVMe M.2 SSD, WiFi6E, ARGB Fan, Game Design Office console,Sea View Room Windows 11",4.7,892,True,R7 5700X-RTX568-D432G-1T,889.0,AOACE,False
83-360-857,desktop,ABS Cyclone Aqua Gaming PC - Windows 11 - Intel Core i7-14700F - GeForce RTX 5060 -  DLSS 4 - AI-Powered Performance - 32GB DDR5 6400 - 1TB M.2 NVMe SSD - CA14700F50602,4.1,70,False,CA14700F50602,999.99,ABS,False
83-151-690,desktop,MSI Gaming Desktop PC Codex R2 B14NVL5-449US Intel Core i5-14400F 32GB DDR5 2TB SSD GeForce RTX 5060 Windows 11 Home,4.4,45,False,Codex R2 B14NVL5-449US,899.0,MSI,False
83-420-027,desktop,STORMCRAFT Gaming PC SIRIUS Intel Core i7-14700F NVIDIA GeForce RTX 5060 Ti 16GB – AI Powered 32GB 6000MHz RGB 2TB NVMe SSD 650W PSU Windows 11 Home - SI1470FCC-56VN1,4.7,60,True,SI1470FCC-56VN1,1289.99,STORMCRAFT,False
9SIBWW1KCK3454,desktop,"YAWYORE Gaming PC Desktop Computer,AMD Ryzen 5 5600GT,16GB RAM and 1TB M.2 NVMe PCle4.0,ARGB FAN,Wi-Fi+BT,Game Design Office console,Sea View Room,Prebuilt Gaming PC",4.8,442,True,MX240-R5 5600GT-16G-1TB,419.99,YAWYORE,False
83-360-917,desktop,ABS Flux II Aqua Gaming PC - Windows 11 - Intel Core 5 120F - GeForce RTX 5060 - DLSS 4 - AI-Powered Performance - 32GB DDR4 3200MHz - 1TB M.2 NVMe SSD - FA120F5060,5.0,6,False,FA120F5060,749.99,ABS,False
9SIBX22KD56353,desktop,"Suevery Gaming Desktop PC, AMD Ryzen 5 5600, Radeon RX 6500, 16GB, DDR4, 1TB NVMe SSD, WiFi 6, B450 Motherboard, WiFi 6",0.0,0,False,SUT1W3,549.99,suevery,False
9SIBNXWK4P7450,desktop,"MLOONG Gaming PC,AMD Ryzen 5 5500 4.2 GHz, AMD Radeon RX 6600 8GB Desktop Computer, 1TB NVMe SSD, 16GB DDR4 3200MHz, Air Cooled Prebuilt,650W PSU, Windows 11 Home,Tower Prebuilt  PC",4.8,173,True,601MLT0LFR5161A,659.0,MLOONG,False
9SIC10UKG85926,desktop,"YLZKIX Gaming PC,AMD Ryzen 5 5600 3.5GHz(up to 4.4GHz), Radeon RX 6600 8GB Desktop Computer, 1TB NVMe SSD, 16GB DDR4 3200MHz, ,550W PSU,USB WIFI6&Bluetooth Windows 11 Home & AI Powered Gamer PC",4.9,12,False,R5 56X-RX6600-16G-1T,659.99,YLZKIX,False
9SIB0GJKHN3879,desktop,"HP OMEN 16L i7 Gaming Tower Desktop, Intel Core i7-14700F, NVIDIA GeForce RTX 4060, 16GB DDR5 RAM, 1TB SSD, DP, RJ-45, Wi-Fi 6, Windows 11 Home, Black",0.0,0,False,OMEN4104-A_CTO_N1,1199.0,HP,False
9SIBWYXKFS9345,desktop,"HZG Gaming Desktop Computer PC,Intel Core i5-13400F GeForce RTX 5060 8G 32GB RAM and 1TB NVMe M.2 SSD, WiFi6E, ARGB Fan, Prebuilt Gaming PC Tower Windows 11",4.7,133,True,ZJDS134050601TB,875.0,HZG,False
3D5-0007-00J68,desktop,"iBUYPOWER Element Gaming PC Desktop - AMD Ryzen 7 8700F, NVIDIA GeForce RTX 5060 8GB, 32GB DDR5 RGB RAM, 1TB NVMe SSD",4.7,6,False,EBA7N5602,949.99,iBUYPOWER,False
9SIB0GJKJ71664,desktop,"HP OMEN 16L i7 RTX 5060 Ti Gaming Desktop, Intel Core i7-14700F, NVIDIA GeForce RTX 5060 Ti, 64GB DDR5 RAM, 4TB SSD, DP, RJ-45, Wi-Fi 6, Windows 11 Home, Black",0.0,0,False,OMEN4106-F_CTO_N1,1749.0,HP,False
83-420-012,desktop,STORMCRAFT Gaming PC SKYHAWK PRO Intel Core i9-14900KF NVIDIA GeForce RTX 5070 Ti – AI Powered 32GB DDR5 6000MHz RGB 2TB NVMe SSD 360mm AIO  850W PSU Windows 11 Home - SP149KFCC-57TN1,4.8,71,True,SP149KFCC-57TN1,1899.99,STORMCRAFT,False
9SIC0PSKFZ9827,desktop,"Ningmei Gaming PC Desktop, AMD Ryzen 5 5500 4.2GHz , GeForce GTX 1660 Super PC, 6RGB Fans, 16GB DDR4 3200MHz , 1TB SSD NVMe , 650W PSU, 11AC Wi-Fi,  Windows 11 Home 64-bit, gaming pc",4.9,217,True,601NM1660SP161A,599.0,NINGMEI,False
9SIBNXWK4P7450,desktop,"MLOONG Gaming PC,AMD Ryzen 5 5500 4.2 GHz, AMD Radeon RX 6600 8GB Desktop Computer, 1TB NVMe SSD, 16GB DDR4 3200MHz, Air Cooled Prebuilt,650W PSU, Windows 11 Home,Tower Prebuilt  PC",4.8,173,True,601MLT0LFR5161A,659.0,MLOONG,False
3D5-002N-00085,desktop,"AVGPC Max Gaming PC, AMD Ryzen 5 5600G 6-Core 4.4 GHz Max Boost, AMD Radeon Vega 7 (GPU upgrade ready up to RTX 5070), 16GB 3200MHz DDR4, 1TB M.2 NVMe SSD, Hyper 212 RGB Cooler, Windows 11, Wi-Fi/AC",4.4,131,False,AV-MAX-5600G,529.99,AVGPC,False
3D5-0007-00J37,desktop,iBUYPOWER Element 9 White Gaming PC Desktop - AMD Ryzen 7 7800X3D - NVIDIA GeForce RTX 5070Ti 16GB - 32GB DDR5 RGB - 1TB NVMe SSD - EWA7N57T01,4.7,16,True,EWA7N57T01,1799.99,iBUYPOWER,False
9SIBWCHKG46715,desktop,Andromeda Insights V3 Ultra 50 - RTX 5080 16GB GDDR7 | Ryzen 7 9800X3D 4.7 GHz (5.2 GHz Turbo Boost) | 32GB DDR5 6000MHz | 2TB Gen4 SSD | 850W Gold PSU | ARGB Fans | Wi-Fi + BT | Win 11,5.0,1,False,V3-RTX5080-9800X3D-2TB-32GB-850W-BLK,2399.99,Andromeda Insights,False
9SIBWYXKE12297,desktop,"HZG Gaming Desktop Computer PC,AMD Ryzen 7 5700G, AMD Radeon Vega 8,core 3.8GHz (up to 4.6GHz) 16GB RAM and 1TB NVMe M.2 SSD, WiFi6 ARGB Fan, Windows 11 Prebuilt Gaming PC Tower Windows 11",4.7,69,True,ZJDS5700GVEGA8,485.0,HZG,False
83-360-858,desktop,ABS Cyclone Aqua Gaming PC Powered by Asus - Windows 11 - Intel Core i5-14400F - GeForce RTX 5060 -  DLSS 4 - AI-Powered Performance - 32GB DDR4 3200 - 1TB M.2 NVMe SSD - CA14400F50602,4.6,275,True,CA14400F50602,829.99,ABS,False
9SIA1HJKG05005,desktop,"Skytech Shadow Gaming PC Desktop, Ryzen 7 7700 3.8 GHz (5.3GHz Turbo), AMD RX 9060 XT 16GB, 1TB Gen4 NVMe SSD, 32GB DDR5 RAM 6000 RGB, 650W GOLD PSU, Wi-Fi, Win 11",0.0,0,False,ST-SHADOW4-1981-B-AL,1149.99,Skytech,False
83-360-931,desktop,ABS Stratos Ruby Gaming PC - Windows 11 - AMD Ryzen 7 9800X3D - GeForce RTX 5080 - DLSS 4 - AI-Powered Performance - 32GB DDR5 6400 - 2TB M.2 NVMe SSD - SR9800X3D50802,4.5,48,False,SR9800X3D50802,2299.99,ABS,False
83-101-919,desktop,"Acer Aspire Desktop Computer Intel Core i5-14400, Intel UHD Graphics 730, 8GB DDR5, 512 GB PCIe SSD, Windows 11 Home 64-bit - TC-1775-UR11",4.6,42,True,DT.BLRAA.001,499.99,Acer America,False
9SIBVKAKFU6785,desktop,YEAH MAGIC Gaming PC AMD Ryzen 7 9700X Zen5 NVIDIA GeForce RTX 5060Ti 16GB 32GB 6000MHz DDR5 1TB NVME M.2 SSD 360MM AIO Liquid Cooling WiFi/AC Windows 11 Home Full Clear-Side Desktop PC,0.0,0,False,YM97X5060T,1439.0,yeah magic,False
9SIA1HJKF14178,desktop,"Skytech Azure Gaming PC Desktop, Ryzen 7 7700 3.8 GHz (5.3GHz Turbo), NVIDIA RTX 5060 Ti 16GB GDDR7, 1TB Gen4 NVMe SSD, 32GB DDR5 RAM 6000 RGB, 650W GOLD PSU, Wi-Fi, Win 11,Montech XR",4.6,23,True,ST-AZURE3-1886-B-AL,1199.99,Skytech,False
83-420-006,desktop,STORMCRAFT Gaming PC SIRIUS Intel Core i5-14400F NVIDIA GeForce RTX 5060 TI 8GB - AI Powered 32GB (16Gx2) DDR5 RGB 6000MHz 1TB NVMe SSD 650W PSU Windows 11 Home - SI1440FCB-56TN1,4.8,71,True,SI1440FCB-56TN1,999.99,STORMCRAFT,False
83-380-021,desktop,"Xidax X-6 Series AMD Ryzen 7 7800X3D 4.2Mhz (Max: 5.0Mhz), NVIDIA GeForce RTX 5060 8GB, 2TB NVMe M.2 SSD, 32GB (2x16GB) RAM, Window 11 Home Onami White Gaming Desktop - Assembled & Serviced in U.S.",0.0,0,False,16786,1456.99,XIDAX,False
9SIC0MFKKC3020,desktop,"ALCPOK Gaming PC Desktop, AMD Ryzen 5 9600X 3.9GHz(5.4GHz Turbo), RTX5060ti 8GB GDDR7 DLSS4, 32GB DDR5 RAM 6000MHz, 1TB NVME SSD, ARGB Water Cooling, WiFi Prebuilt Gaming Computer Windows 11",4.9,263,True,ZJDS9600X5060T81TB,1291.99,ALCPOK,False
83-253-005,desktop,"GIGABYTE AORUS SUPREME 5 Gaming Desktop PC, AMD Ryzen 7 9800X3D, GIGABYTE RTX 5080, 64GB DDR5 RAM, 2TB Gen5 NVMe SSD, Windows 11 Home, Black",3.6,18,False,AS5A7N8-5001,2699.99,GIGABYTE,False
83-151-689,desktop,MSI Gaming Desktop PC Codex Z2 B7NVL-448US AMD Ryzen 7 7700 32GB DDR5 2TB SSD GeForce RTX 5060 Windows 11 Home,4.4,45,False,Codex Z2 B7NVL-448US,1049.0,MSI,False
83-360-915,desktop,ABS Stratos Aqua Gaming PC - Windows 11 - Intel Core Ultra 7 265KF - GeForce RTX 5070 - DLSS 4 - AI-Powered Performance - 32GB DDR5 6400MHz - 2TB M.2 NVMe SSD - SA265KF50703,4.4,161,False,NPH#302,1499.99,ABS,False
83-360-914,desktop,ABS Flux II Aqua Gaming PC - Windows 11 - Intel Core i5-14400F - GeForce RTX 5060 - DLSS 4 - AI-Powered Performance - 32GB DDR4 3200MHz - 1TB M.2 NVMe SSD - FIIA14400F5060,4.6,275,True,FIIA14400F5060,799.99,ABS,False
3D5-000D-00261,desktop,"Cobratype Venom Gaming PC - Ryzen 7 9800X3D, RTX 5080, 360mm AIO Liquid Cooler, 32 GB DDR5 RAM, 2 TB NVMe, Windows 11",4.2,29,False,Venom98X58,2449.99,Cobratype,False
3D5-0007-00J36,desktop,iBUYPOWER Slate 9 Black Gaming PC Desktop - AMD Ryzen 7 7800X3D - AMD Radeon RX 9070XT 16GB - 32GB DDR5 RGB - 1TB NVMe SSD - SBA7R97XT01,3.5,17,False,SBA7R97XT01,1799.99,iBUYPOWER,False
83-420-037,desktop,STORMCRAFT Gaming PC WIZARD Intel Core i9-14900KF NVIDIA GeForce RTX 5070 Ti – AI Powered 32GB DDR5 6000MHz RGB 2TB NVMe SSD 360mm AIO 850W PSU Windows 11 Home - WI149KFCC-57TN1,4.8,71,True,WI149KFCC-57TN1,1899.99,STORMCRAFT,False
3D5-000Z-002F0,desktop,"Skytech Gaming Prism 4 Desktop PC, Ryzen 7 9800X3D 4.7 GHz (5.2 GHz Turbo), AMD RX 9070 XT 16GB, X670 Board, 2TB Gen4 NVMe SSD, 32GB DDR5 RAM 6000, 850W GOLD ATX 3 PSU, 360mm ARGB AIO , Wi-Fi, Win 11",4.5,30,False,ST-PRISM4-1796-B-AL,2099.99,Skytech,False
83-360-909,desktop,ABS Stratos Ruby Gaming PC Powered by Asus - Windows 11 - AMD Ryzen 7 9800X3D - GeForce RTX 5070 - DLSS 4 - AI-Powered Performance - 32GB DDR5 6000 - 2TB M.2 NVMe SSD - SR9800X3D50702,4.2,44,False,SR9800X3D50702,1699.99,ABS,False
83-420-005,desktop,STORMCRAFT Gaming PC Intel SIRIUS Core i7-14700F NVIDIA GeForce RTX 5060- AI Powered 32GB (16Gx2) DDR5 RGB 6000MHz 2TB NVMe SSD 650W PSU Windows 11 Home - SI1470FCC-560N1,4.8,71,True,SI1470FCC-560N1,1099.99,STORMCRAFT,False
83-151-622,desktop,MSI Gaming Desktop PC Aegis Z2 A8NVP-1447US AMD Ryzen 7 8700F 32GB DDR5 1TB NVMe SSD GeForce RTX 5070 Windows 11 Home Advance,4.4,45,False,Aegis Z2 A8NVP-1447US,1449.0,MSI,False
9SIAZBDK9U1163,desktop,"MXZ Gaming PC ,AMD Ryzen 7 7700 , GeForce RTX 4070 SUPER ,32GB(16GB*2)DDR5 6000MHz, NVME M2 1 T, 6RGB Fans,Windows 11 Pro Ready to use, Gamer Desktop Computer(R7 7700| RTX 4070 SUPER)",4.9,32,True,R7 7700| RTX 4070S,1329.0,MXZ,False
9SIA1HJKFK9659,desktop,"Skytech Gaming Azure 3 Plus Gaming PC, AMD Ryzen 7 9800X3D 4.7GHz, NVIDIA RTX 5070 Ti 16GB, 2TB Gen4 NVMe SSD, 32GB DDR5 RAM 6000, 850W GOLD ATX 3 PSU, 360 ARGB AIO , Wi-Fi, Win 11, Desktop",4.7,11,False,ST-AZURE3PLUS-1902-W-AL,1999.99,Skytech,False
83-360-882,desktop,ABS Favonius Aqua Gaming PC - Windows 11 - Intel Core i7-14700F - GeForce RTX 5060 - DLSS 4 - AI-Powered Performance - 32GB DDR4 3200MHz - 1TB M.2 NVMe SSD - FA14700F5060,4.1,70,False,FA14700F5060,959.99,ABS,False
9SIC1CNKJT1106,desktop,"LXZ Gaming PC Desktop,AMD Ryzen 5 5600GT,16GB DDR4 3200MHz,1TB NVMe SSD,Supports WiFi 6, RGB Fans,Seaview-style PC case,Prebuilt Gaming PC Tower Black",4.6,446,True,LXZ_R5go-5600GT-B,396.99,LXZ,False
83-360-910,desktop,ABS Cyclone Aqua Gaming PC - Windows 11 - Intel Core i5-14400F - GeForce RTX 5060 - DLSS 4 - AI-Powered Performance - 32GB DDR4 3200MHz - 1TB M.2 NVMe SSD - CA14400F50604,4.6,275,True,CA14400F50604,799.99,ABS,False
83-151-613,desktop,MSI Vision RS Series Gaming Desktop PC Intel Core Ultra 9 285K 64GB DDR5 2 TB SSD GeForce RTX 5070 Ti Windows 11 Pro (Vision RS AI 2NVR9-1292US),4.5,60,False,Vision RS AI 2NVR9-1292US,2349.0,MSI,False
83-360-913,desktop,ABS Cyclone Aqua Gaming PC Powered by Asus - Windows 11 - Intel Core i7-14700F - GeForce RTX 5060 - DLSS 4 - AI-Powered Performance - 32GB DDR5 6400MHz - 1TB M.2 NVMe SSD - CA14700F50603,4.1,70,False,CA14700F50603,999.99,ABS,False
3D5-000D-00246,desktop,"Cobratype Venom Gaming PC - Ryzen 9 9900X, RTX 5080, 360mm AIO Liquid Cooler, 32 GB DDR5 RAM, 2 TB NVMe, Windows 11",4.2,29,False,Venom958,2349.99,Cobratype,False
3D5-000Z-002K1,desktop,"Skytech Azure Gaming PC Desktop, Ryzen 7 7800X3D 4.2 GHz (5GHz Turbo), AMD RX 9070 XT 16GB, 2TB Gen4 NVMe SSD, 32GB DDR5 RAM 6000 RGB, 850W GOLD ATX 3 PSU, 360mm ARGB AIO , Wi-Fi, Win 11,Montech XR",4.5,30,False,ST-AZURE3-1918-B-AL,1829.99,Skytech,False
83-360-855,desktop,ABS Cyclone Ruby Gaming PC - Windows 11 - AMD Ryzen 7 9700X - GeForce RTX 5060 - 32GB DDR5 6400 - 1TB M.2 NVMe SSD - CR9700X50602,4.6,123,True,CR9700X50602,1149.99,ABS,False
83-420-035,desktop,STORMCRAFT Gaming PC PHANTOM INTEL Core Ultra 7 265F NVIDIA RTX 5080 - AI Powered 32GB DDR5 6000MHz RGB 2TB NVMe SSD 360mm AIO 850W PSU Windows 11 Home-PH265F0CC-580N1,4.8,71,True,PH265F0CC-580N1,1999.99,STORMCRAFT,False
83-253-006,desktop,"GIGABYTE AORUS SUPREME 5 ICE Gaming Desktop PC, AMD Ryzen 7 9800X3D, AORUS RTX 5090, 64GB DDR5 RAM, 2TB Gen5 NVMe SSD, Windows 11 Home, White",3.4,15,False,AS5IA7N9-5002,3899.99,GIGABYTE,False
3D5-0007-00J35,desktop,iBUYPOWER Element 9 Pro Black Gaming PC Desktop - Intel Core Ultra 7 265KF - NVIDIA GeForce RTX 5070Ti 16GB - 32GB DDR5 RGB - 2TB NVMe SSD - EPBI7N57T01,4.7,16,True,EPBI7N57T01,1999.99,iBUYPOWER,False
83-360-938,desktop,ABS Flux II Aqua Gaming PC Powered by Asus - Windows 11 - Intel Core i5-14400F - RTX 5060 8GB - DLSS 4 - AI-Powered Performance - 32GB DDR4 3200 - 1TB M.2 NVMe SSD - FIIA14400F50602,4.6,275,True,FIIA14400F50602,799.99,ABS,False
83-151-665,desktop,MSI Gaming Desktop PC Codex Z2 B7NVM-442US AMD Ryzen 7 7700 32GB DDR5 2TB SSD GeForce RTX 5060 Ti Windows 11 Home,4.5,60,False,Codex Z2 B7NVM-442US,1249.0,MSI,False
83-420-026,desktop,STORMCRAFT Gaming PC SIRIUS Intel Core i5-14400F NVIDIA GeForce RTX 5060  – AI Powered 32GB DDR5 6000MHz RGB 2TB NVMe SSD 650W PSU Windows 11 Home - SI1440FCC-560N1,4.7,60,True,SI1440FCC-560N1,979.99,STORMCRAFT,False
9SIAZEBGV98270,desktop,IPASON - Gaming desktop - AMD Ryzen 5 5600GT 6 core  up to 4.6GHz - 16GB DDR4 3200MHz - 1TB M.2 NVMe - 550W PSU - Windows 11 home - WIFI - Gaming PC,4.2,566,False,egg5600g500g16g,468.0,IPASON,False
9SIAZBDK1P2523,desktop,"MXZ Gaming PC Desktop Computer, AMD Ryzen 5 5600 3.7GHz, GeForce RTX 4060 , 16GB DDR4, NVME 1T SSD, 6RGB Fans, Win 11 Pro Ready, Gamer Desktop Computer(R5 5600| RTX 4060)",4.6,101,True,R5 5600| RTX 4060,799.0,MXZ,False
83-101-909,desktop,"Acer Nitro 50 Gaming Desktop PC, Intel Core i5-14400F, GeForce RTX 3050, 16GB DDR5, 1 TB PCIe SSD, Windows 11 Home, N50-656-UR12",4.3,84,False,DG.E3VAA.001,699.99,Acer America,False
9SIBX22KD56467,desktop,"Suevery Gaming PC, AMD Ryzen 5 5600GT, Vega 7 Graphics, 16GB RAM, 512GB SSD, Wi-Fi 6, Windows 11 Home, Compact Desktop-White",5.0,1,False,SUT1W5,399.99,suevery,False
9SIB11NK424085,desktop,Hoengager Gaming PC -AMD Ryzen 7 5700X 3.4 GHz-RTX 5060 8GB-32GB DDR4 RAM-1TB M.2 SSD-240 Liquid Cooler -WIFI &Bluetooth -RGB Fans-Windows 11 Pro Desktop Computer-White,4.3,63,False,CBDTHEFKW5700XLQ32G1T4068GW11P,979.99,Hoengager,False
9SIC0PSKGE6977,desktop,"Ningmei Gaming Desktop Computer PC, AMD Ryzen 7 5700X, RTX 5060 Ti 8G, 32GB DDR4 RAM, 1TB NVME SSD, 240 Liquid Cooler, 650W PSU, Wi-Fi, ARGB Fans , Game Design Office, Windows 11 Home , Gaming PC",4.9,95,True,601GS240BR7321B,1069.0,NINGMEI,False
9SIAHT3KD95103,desktop,"Cobratype Ghost Gaming PC - Ryzen 9 9900X, RTX 5080, 360mm AIO Liquid Cooler, 32 GB DDR5 RAM, 2 TB NVMe, Windows 11",4.3,21,False,Ghost58,2549.99,Cobratype,False
9SIBMARK005257,desktop,"VTG white Gaming Desktop PC , Ryzen5 9600X, Radeon RX 9060XT 16G,32GB DDR5 1TB NVMe SSD, 650W GOLD PSU, Wi-Fi,360 Liquid Cooler,ARGB Fans,Windows 11 Home 64-bit ,Prebuilt Gaming Pc New computer",4.1,82,False,VTG5700X-4060,1149.0,VTG,False
9SIA1HJKEB5307,desktop,"Skytech Azure Gaming PC Desktop, Ryzen 7 9800X3D 4.7 GHz (5.2 GHz Turbo Boost), AMD RX 9070 XT 16GB GDDR6, 2TB Gen4 NVME SSD, 32GB DDR5 RAM 6000 RGB, 1000W GOLD PSU, Wi-Fi, Win 11",4.5,30,False,ST-AZURE3-1747-W-AL,1899.99,Skytech,False
9SIAZBDJ462161,desktop,"MXZ Gaming PC Computer AMD Ryzen 5 5500 3.6GHz, RTX 3060 12GB, B450M,16GB(8G*2) DDR4 3200,NVME 1T SSD, 6RGB Fans, WIFI & Win 11 Pro Ready, Gamer Desktop Computer (R5 5500/RTX 3060)",4.6,108,True,R5 5500|RTX3060,749.0,MXZ,False
83-420-025,desktop,STORMCRAFT Gaming PC SIRIUS Intel Core i5-14400F NVIDIA GeForce RTX 5060  – AI Powered 16GB DDR5 6000MHz RGB 1TB NVMe SSD 650W PSU Windows 11 Home - SI1440FBB-560N1,4.7,60,True,SI1440FBB-560N1,869.99,STORMCRAFT,False
9SIC2PHKKT5768,desktop,"ZYNEEX Gaming PC Desktop, AMD Ryzen 5 5500 (4.2GHz Turbo), RX6600 8GB GDDR6, 16GB DDR4 RAM 3200MHz, 1TB NVME SSD, Air Cooling, WiFi Prebuilt Gaming Computer Windows 11",5.0,186,True,R5 5500-RX6600-D416G-1T,629.0,ZYNEEX,False
83-420-032,desktop,STORMCRAFT Gaming PC SIRIUS Intel Core i5-14400F NVIDIA GeForce RTX 5060 – AI Powered 32GB DDR5 6000MHz RGB 1TB NVMe SSD 650W PSU Windows 11 Home - SI1440FCB-560N1,4.7,60,True,SI1440FCB-560N1,899.99,STORMCRAFT,False
83-151-694,desktop,MSI Gaming Desktop PC Aegis Z2 A8NVR-1611US AMD Ryzen 7 8700F 32GB DDR5 2TB NVMe SSD GeForce RTX 5070 Ti Windows 11 Home,4.4,45,False,Aegis Z2 A8NVR-1611US,1699.99,MSI,False
83-360-834,desktop,ABS Cyclone Ruby Gaming PC - Windows 11 - AMD Ryzen 7 9700X - GeForce RTX 5060 - DLSS 4 - AI-Powered Performance - 32GB DDR5 6000MHz - 1TB M.2 NVMe SSD - CR9700X5060,4.6,123,True,CR9700X5060,1149.99,ABS,False
9SIBWCHKG46715,desktop,Andromeda Insights V3 Ultra 50 - RTX 5080 16GB GDDR7 | Ryzen 7 9800X3D 4.7 GHz (5.2 GHz Turbo Boost) | 32GB DDR5 6000MHz | 2TB Gen4 SSD | 850W Gold PSU | ARGB Fans | Wi-Fi + BT | Win 11,5.0,1,False,V3-RTX5080-9800X3D-2TB-32GB-850W-BLK,2399.99,Andromeda Insights,False
83-630-094,desktop,YEYIAN Gaming Desktop PC TANTO INTEL Core i7-14700F GeForce RTX5060 8GB 32GB DDR5 1TB SSD 650W Gold PSU Windows 11 Home,4.1,344,False,YPI-TA47F0C-5601N,979.99,YEYIAN,False
3D5-000Z-002R9,desktop,"Skytech Gaming Azure 3 Desktop PC, Ryzen 7 7700 3.8 GHz (5.3GHz Turbo), AMD RX 9060 XT 16GB, 1TB Gen4 NVMe SSD, 32GB DDR5 RAM 6000 RGB, 650W GOLD PSU, Wi-Fi, Win 11",4.5,2,False,ST-AZURE3-1982-W-AL,1189.99,Skytech,False
9SIBNXWKJE4077,desktop,"Mloong Gaming PC Desktop, AMD Ryzen 7 8700F 4.1 GHz (5.0Ghz Turbo), NVIDIA RTX 5060 Ti 8GB GDDR7, 1TB Gen4 NVMe SSD, 32GB 6000Mhz DDR5 RAM, 650W PSU, Wi-Fi, Win 11 Home Prebuilt PC, Black",5.0,51,True,601MLT8700F321B,1179.0,MLOONG,False
3D5-002N-000G8,desktop,"AVGPC Mini-X Gaming PC - Ryzen 7 5700X, AMD Radeon RX 9060 XT 16GB VRAM, 32GB 3200MHz DDR4 RAM, 1TB NVME M.2 SSD, Hyper 212 Cooler, Wifi/AC, black Case, Windows 11",4.4,131,False,AV-Mini-X-9060-16G-B,979.99,AVGPC,False
9SIA1HJKF14254,desktop,"Skytech Azure Gaming PC Desktop, Ryzen 7 9700X 3.8 GHz (5.5GHz Turbo), NVIDIA RTX 5060 Ti 16GB GDDR7, 2TB Gen4 NVMe SSD, 32GB DDR5 RAM 6000 RGB, 850W GOLD ATX 3 PSU, 360mm ARGB AIO , Wi-Fi, Win 11",4.6,23,True,ST-AZURE3-1899-B-AL,1499.99,Skytech,False
9SIC14VKN01176,desktop,"IPASON Xelra Gaming Desktop PC,AMD Ryzen5 9600X,Geforce RTX 5060 8G,32GB DDR5,1TB NVMe SSD,Wi-Fi,Windows 11 Home,Black Prebuilt Pc Computer",4.7,97,True,EGG96X+5060,1049.99,IPASON,False
9SIAHZNKH16818,desktop,"Dell OptiPlex 3050 Tiny Desktop PC, Intel Quad Core i7-6700T 6th Gen. Processor up to 3.60 GHz, 32GB DDR4 Ram, 1TB SSD,24 Inch Monitor, Keyboard & Mouse, Built-in Wi-Fi, Windows 11 Professional",0.0,0,False,ZNi7632124-02,370.0,DELL,False
83-992-023,desktop,Cooler Master TD5 Pro - Intel Core Ultra 7-265KF - GeForce RTX 5070 Ti - 32GB DDR5 6000MHz - 2TB M.2 NVMe SSD - Windows 11 - 360mm AIO - Gaming PC,4.0,24,False,AYG-M6C7-N6CGIA32-N1,1799.99,Cooler Master,False
83-101-932,desktop,"Acer Nitro 60 N60-640-UR26 Desktop, Intel Core i7-14700F 20-Core Processor (Up to 5.4 GHz), NVIDIA GeForce RTX 5060 Ti Graphics(791 AI TOPS), 32 GB DDR5 Memory, 2 TB PCIe 4.0 NVMe SSD, Windows 11 Home",0.0,0,False,N60-640-UR26,1349.99,Acer America,False
83-630-096,desktop,YEYIAN Gaming Desktop PC YUMI INTEL Core i5-14400F GeForce RTX5060 8GB 32GB DDR5 1TB SSD 650W Gold PSU Windows 11 Home,4.1,344,False,YPI-YU44F0C-5601N,859.99,YEYIAN,False
3D5-000D-00207,desktop,"Cobratype Canebrake Pro Gaming PC - AMD Ryzen 5 5500, RTX 3050 6 GB, 16 GB DDR4 RAM, 512 GB NVMe, Windows 11 Home - Gaming Desktop",3.6,17,False,CanebrakePro,599.99,Cobratype,False
9SIBWCHKG64964,desktop,Andromeda Insights Advanced AMD Vector - RX 9070XT 16GB | Ryzen 5 9600X (5.4 GHz Turbo Boost) | 32GB DDR5 6000MHz | 1TB Gen4 SSD | 850W Gold PSU | ARGB Fans | Wi-Fi + BT | Win 11 Home,5.0,1,False,V100-RX9070XT-9600X-1TB-32GB-850W-BLK,1549.99,Andromeda Insights,False
83-360-874,desktop,ABS Cyclone Ruby Gaming PC - Windows 11 - AMD Ryzen 5 9600X - Radeon RX 9060 XT -  32GB DDR5 6000 - 1TB M.2 NVMe SSD - CR9600X9060XT8GB,4.6,22,True,CR9600X9060XT8GB,1099.99,ABS,False
83-101-935,desktop,"Acer Nitro 60 N60-640-UR21 Desktop, Intel Core i5-14400F 10-Core Processor (Up to 4.7 GHz), NVIDIA GeForce RTX 5060 Graphics (614 AI TOPS), 16 GB DDR5 Memory, 1 TB PCIe 4.0 NVMe SSD, Windows 11 Home",5.0,1,False,UD.P02AA.069,799.99,Acer America,False
9SIAK3JKPH3518,desktop,"HP 800 G3 Tower Desktop Computer PC, Intel Quad Core i7-6700 upto 4.00GHz, 32GB DDR4 Ram,1TB SSD, Built-in Wi-Fi & Bluetooth, Wireless Keyboard & Mouse, Windows 11 Professional (Refurbished)",0.0,0,False,ZNi76321-009,299.99,HP,True
83-100-141,desktop,"Thermaltake LCGS NE i1460-V170B Gaming Desktop (Intel Core i5-14600K, ToughRam 16GB DDR5 6000MT/s RGB Memory, NVIDIA GeForce RTX 5060, 1TB NVMe M.2, WiFi, Windows 11) N17B-B760-560-LCS",0.0,0,False,N17B-B760-560-LCS,849.99,Thermaltake,False
83-151-615,desktop,MSI Aegis RS2 Series Gaming Desktop PC Intel Core Ultra 7 265K 32GB DDR5 2 TB SSD GeForce RTX 5070 Ti Windows 11 Home (Aegis RS2 AI C2NVR7-1296US),4.5,60,False,Aegis RS2 AI C2NVR7-1296US,1949.0,MSI,False
9SIA1HJKFX5807,desktop,"Skytech Shadow Gaming PC Desktop, Ryzen 5 9600X 3.9 Ghz (5.4GHz Turbo), AMD RX 9060 XT 8GB, 1TB Gen4 NVMe SSD, 32GB DDR5 RAM 6000 RGB, 650W GOLD PSU, Wi-Fi, Win 11",0.0,0,False,ST-SHADOW4-2042-B-AL,1199.99,Skytech,False
9SIAK3JK6F5285,desktop,DELL Business Desktop OptiPlex 3060-SFF Intel Core i5-8500 16GB DDR4 500 GB M.2 NVMe SSD Windows 11 Pro 64-bit,4.8,4,False,NE1-22208,294.99,DELL,True
83-230-895,desktop,CyberpowerPC Gaming Desktop PC GM70929 AMD Ryzen 7 9800X3D 32GB DDR5 2TB NVMe SSD AMD Radeon RX 9070 XT Windows 11 Home 64-bit,0.0,0,False,GM70929,1674.99,CyberpowerPC,False
9SIAZBDJ6Y7607,desktop,"MXZ Gaming PC Desktop Computer, AMD Ryzen 5 5600GT 3.6GHz, AMD Radeon RX Vega 7 Graphics,16GB DDR4, NVME 1TB SSD, 6RGB Fans, Win 11 Pro Ready, Gamer Desktop Computer (R5 5600GT)",4.5,62,False,R5 5600G,509.0,MXZ,False
9SIAHZNKH31915,desktop,"HP 800 G2 Tower Desktop Computer PC, Intel Quad Core i5-6500 upto 3.60GHz, 32GB DDR4 Ram, 1TB SSD, NVIDIA GeForce GTX 1050Ti, Wi-Fi & Bluetooth, RGB Keyboard & Mouse, Windows 11 Professional",5.0,2,False,ZNi563211050-003,397.78,HP,False
83-360-937,desktop,ABS Stratos Aqua Gaming PC Powered by Asus - Windows 11 - Intel Core i9-14900KF - RTX 5070 Ti 16GB - DLSS 4 - AI-Powered Performance - 32GB DDR5 6400 - 2TB M.2 NVMe SSD - SA14900KF5070TI2,4.4,161,False,SA14900KF5070TI2,1849.99,ABS,False
3D5-002N-000D2,desktop,"AVGPC Whirlwind Gaming PC AMD Ryzen 7 9700X Zen5, Radeon RX 9070 XT, 32GB 6000MHz DDR5, 1TB NVME M.2 SSD, 360MM AIO Liquid Cooling, WiFi/AC, Tempered Glass Case, Windows 11 Home Black",4.3,52,False,AV-WW-R7-9070XT-B,1799.99,AVGPC,False
83-360-933,desktop,ABS Aquilon Aqua Gaming PC - Windows 11 - Intel Core i7-14700F - GeForce RTX 5060 Ti - DLSS 4 - AI-Powered Performance - 32GB DDR5 6400 - 1TB M.2 NVMe SSD - AA14700F5060TI2,4.9,21,True,AA14700F5060TI2,1199.99,ABS,False
9SIBRYRK309841,desktop,"AOC All-in-One PC Business Desktop 23.8"" FHD Screen AMD R3 3250U 512 GB SSD Processor up to 3.5GHz 16GB RAM  Windows 11 Home Wi-Fi 6 USB Dual Speakers Keyboard&Mouse Office Work Business",3.7,9,False,A24922-1D5012350,389.0,AOC Monitors,False
9SIA1HJKG06226,desktop,"Skytech Gaming Shadow Desktop PC, Ryzen 7 7700 3.8 GHz (5.3GHz Turbo), NVIDIA RTX 5070 12GB, 1TB NVMe SSD, 32GB DDR5 RAM 6000 RGB, 850W GOLD PSU, Wi-Fi, Win 11",4.0,3,False,ST-SHADOW4-2095-B-AL,1499.99,Skytech,False
83-151-718,desktop,MSI Gaming Desktop PC Codex Z2 A8NVP-486US AMD Ryzen 7 8700F 32GB DDR5 2TB NVMe SSD GeForce RTX 5070 Windows 11 Home,0.0,0,False,Codex Z2 A8NVP-486US,1349.0,MSI,False
9SIAK3JKC77630,desktop,Dell OptiPlex 5060 - Windows 11 Desktop Computer | Intel Core i5-8500 Six Core (4.3GHz Turbo) | 16GB DDR4 RAM | 500GB SSD Solid State + 1TB HDD | WiFi + Bluetooth | Home or Office PC,3.0,3,False,698869889951,339.99,DELL,False
83-420-031,desktop,STORMCRAFT Gaming PC SIRIUS AMD Ryzen 7 7700 AMD Radeon RX 9060 XT 16GB - AI Powered 32GB (16Gx2) DDR5 RGB 6000MHz 2TB NVMe SSD 650W PSU Windows 11 Home – SI77000CC-96BN1,4.8,4,False,SI77000CC-96BN1,1199.99,STORMCRAFT,False
83-992-020,desktop,Cooler Master TD5 Pro - Intel Core Ultra 7-265KF - Radeon RX 7800 XT - 32GB DDR5 6000MHz - 2TB M.2 NVMe SSD - Windows 11 - 360mm AIO – Gaming PC,4.3,15,False,AYG-M6C7-AAIGIA32-N1,1442.64,Cooler Master,False
83-360-912,desktop,ABS Cyclone Aqua Gaming PC - Windows 11 - Intel Core Ultra 7 265KF - GeForce RTX 5070 - DLSS 4 - AI-Powered Performance - 32GB DDR5 6400MHz - 1TB M.2 NVMe SSD - CA265KF50702,4.4,161,False,CA265KF50702,1449.99,ABS,False
3D5-000D-00262,desktop,"Cobratype Venom Gaming PC - Ryzen 7 9800X3D, RTX 5070 Ti, 360mm AIO Liquid Cooler, 32 GB DDR5 RAM, 2 TB NVMe, Windows 11",4.2,29,False,Venom98X57T,2205.26,Cobratype,False
83-221-820,desktop,"ASUS TUF T500 (2025) Gaming Desktop PC, Intel Core i7-13620H Processor, NVIDIA GeForce RTX 5060Ti, 1TB M.2 NVMe PCIe 4 SSD, 32GB DDR5 RAM, Windows 11 Home, T500MV-NS766Ti",5.0,1,False,T500MV-NS766Ti,1249.99,ASUS,False
9SIA1HJKFV0473,desktop,"Skytech Azure 3 Gaming PC Desktop, Ryzen 7 9800X3D 4.7 GHz (5.2 GHz Turbo), NVIDIA RTX 5070 12GB, 2TB Gen4 NVMe SSD, 32GB DDR5 6000 RGB, 850W GOLD PSU, 360mm ARGB AIO , Wi-Fi, Win 11,Montech XR",3.5,2,False,ST-AZURE3-2049-W-AL,1749.99,Skytech,False
83-420-009,desktop,STORMCRAFT Gaming PC SKYHAWK PRO Intel Core i7-14700F NVIDIA GeForce RTX 5070 – AI Powered 32GB DDR5 6000MHz RGB 2TB NVMe SSD 850W PSU Windows 11 Home - SP1470FCC-570N1,4.8,71,True,SP1470FCC-570N1,1459.99,STORMCRAFT,False
3D5-000D-00288,desktop,"Cobratype Canebrake Elite Gaming PC - AMD Ryzen 5 5600X, RX 9060 XT 8GB, 32 GB DDR4 RAM, 1 TB NVMe, Windows 11 Home - Gaming Desktop",3.3,4,False,CanebrakeElite,849.99,Cobratype,False
83-104-978,desktop,Apple Desktop Mac Mini 8GB 512GB SSD macOS,3.8,5,False,MGNR3LL/A-512GB,249.99,Apple,True
9SIADG3KKB4963,desktop,"Lenovo ThinkCentre M70q Gen 5 Tiny Business Desktop (Intel 10-Core i5-14400T (>i7-13700T), 16GB DDR5, 512GB SSD, UHD Graphics 730) MFF, Mini PC, DisplayPort, Ethernet, HDMI, 3-Yr WRT, Win 11 Pro, 2025",0.0,0,False,Lenovo ThinkCentre M70q i5 16 512,649.99,Lenovo,False
3D5-002N-000B4,desktop,"AVGPC Max Gaming PC - Intel® Core i3 10105F, GeForce RTX 3050 GPU, 16GB DDR4 RAM, 1TB M.2 NVMe SSD, Windows 11, WiFi/AC  i3-10105F / RTX 3050",4.4,131,False,AV-MAX-3050-105F,622.99,AVGPC,False
83-630-100,desktop,YEYIAN Gaming Desktop PC Vault Intel Core i7-14700F 32GB DDR5 1TB PCIe SSD GeForce RTX 5060 Windows 11 Home -  YPI-VA47F0C-5601N,4.1,344,False,YPI-VA47F0C-5601N,979.99,YEYIAN,False
83-151-621,desktop,MSI Gaming Desktop PC Aegis RS2 AI C2NVP7-1444US Intel Core Ultra 7 265K 32GB DDR5 2TB NVMe SSD GeForce RTX 5070 Windows 11 Home Advance,4.5,60,False,Aegis RS2 AI C2NVP7-1444US,1799.0,MSI,False
3D5-002N-000G7,desktop,AVGPC Hellfire Gaming PC AMD Ryzen 5 9600X; GeForce RTX 5070 12GB; 32GB DDR RAM; 1 TB NVME M.2 SSD; 360mm AIO Liquid Cooler; ARGB Fans; WiFi/AC ; Dual Chamber Case; Windows 11 Home,4.5,6,False,AV-Hellfire-96X-5070,1329.0,AVGPC,False
9SIAE4NKNU1082,desktop,"Lenovo ThinkCentre Neo 50Q Tiny Business Mini Desktop (Intel i5-13420H, Intel UHD, 16GB DDR4, 512GB PCIe SSD, WiFi 6, Bluetooth 5.2, 65W PSU, RJ-45, 1 Display Port, 1 x HDMI 2.1, Win 11 Pro)",0.0,0,False,ME-243502229951,569.99,Lenovo,False
9SIA1HJKEJ2483,desktop,"Skytech Chronos Gaming PC Desktop, Ryzen 9 9900X 4.4 GHz (5.6GHz Turbo), NVIDIA RTX 5070 12GB, 2TB Gen4 NVMe SSD, 32GB DDR5 RAM 6000 RGB, 850W GOLD PSU, 360mm ARGB AIO , Wi-Fi, Win 11",5.0,1,False,ST-CHRONOS3-1737-B-AL,1799.99,Skytech,False
83-420-007,desktop,STORMCRAFT Gaming PC SIRIUS Intel Core i7-14700F NVIDIA GeForce RTX 5060 TI 8GB- AI Powered 32GB (16Gx2) DDR5 RGB 6000MHz 2TB NVMe SSD 650W PSU Windows 11 Home - SI1470FCC-56TN1,4.8,71,True,SI1470FCC-56TN1,1249.99,STORMCRAFT,False
83-360-831C,desktop,ABS Cyclone Aqua Gaming PC - Windows 11 - Intel Core i5-14400F - GeForce RTX 5060 - DLSS 4 - AI-Powered Performance - 32GB DDR4 3200MHz - 1TB M.2 NVMe SSD - CA14400F5060,0.0,0,False,CA14400F5060,799.99,ABS,True
83-451-908,desktop,HP EliteDesk 800 G5 Desktop Intel Core i5-9500T 2.20 GHz 16GB Memory 256GB SSD Windows 11 Pro,0.0,0,False,DTR-HP-800G5MINII59500T/X,214.99,HP,True
83-221-821,desktop,ASUS Gaming Desktop PC GM700TZ-NS776 AMD Ryzen 7 9800X3D 32GB DDR5 1TB NVMe SSD AMD Radeon RX 9070 XT Windows 11 Home,5.0,1,False,GM700TZ-NS776,1729.99,ASUS,False
83-420-002,desktop,STORMCRAFT Gaming PC SIRIUS Intel Core i5-14400F Intel Arc B580 12GB OC ASROCK – AI Powered 32GB (16Gx2) DDR5 RGB 6000MHz 1TB NVMe SSD 650W PSU Windows 11 Home - SI1440FCB-B58N1,4.7,60,True,SI1440FCB-B58N1,899.99,STORMCRAFT,False
9SIBWCHKG42761,desktop,Andromeda Insights Elite AMD Vector - RX 9070 XT 16GB | Ryzen 7 9800X3D 4.7 GHz (5.2 GHz Turbo Boost) | 32GB DDR5 6000MHz | 2TB Gen4 SSD | 850W Gold PSU | ARGB Fans | Wi-Fi + BT | Win 11 Home,4.2,5,False,V100-RX9070XT-9800X3D-2TB-32GB-850W-BLK,1899.99,Andromeda Insights,False
83-151-612,desktop,MSI AEGIS ZS2 Gaming Desktop AMD Ryzen R9 7900X NVIDIA GeForce RTX 4070 SUPER 32GB RAM 2 TB NVMe SSD Windows 11 Home AEGIS ZS2 B7NUE-854US,5.0,2,False,B7NUE-854US,1399.99,MSI,True
83-151-306,desktop,MSI Desktop Computer PRO DP21 13M-655US Intel Core i5-13400 16GB DDR4 1TB PCIe SSD Windows 11 Pro 64-bit,4.7,13,False,PRO DP21 13M-655US,604.0,MSI,False
9SIADFMJRT2049,desktop,"Dell OptiPlex 5060 SFF Desktop PC, Intel 6-Core i5-8500 3.0GHz, 16GB DDR4 RAM, 512GB NVMe M.2 SSD, DVD-RW, Windows 11 Pro Grade A",4.8,4,False,782248425941,236.94,DELL,True
9SIA4P0KG18145,desktop,iBUYPOWER Y40 PRO Black Gaming PC Desktop - AMD Ryzen 7 7800X3D - NVIDIA GeForce RTX 5070Ti 16GB - 32GB DDR5 RGB - 2TB NVMe SSD - Y40BA7N57T01,4.1,62,False,Y40BA7N57T01,1999.99,iBUYPOWER,False
9SIB5FPKEG9822,desktop,"AVGPC Whirlwind Gaming PC AMD Ryzen 7 9700X Zen5, NVIDIA GeForce RTX 5070 Ti, 32GB 6000MHz DDR5, 2TB NVME M.2 SSD, 360MM AIO Liquid Cooling, WiFi/AC, Tempered Glass Case White, Windows 11 Home",4.3,52,False,AV-WW-R7-5070Ti-W,1849.0,AVGPC,False
83-420-008,desktop,STORMCRAFT Gaming PC SIRIUS Intel Core i5-14400F NVIDIA GeForce RTX 5070- AI Powered 32GB (16Gx2) DDR5 RGB 6000MHz 2TB NVMe SSD 650W PSU Windows 11 Home - SI1440FCC-570N1,4.8,71,True,SI1440FCC-570N1,1399.99,STORMCRAFT,False
9SIAHZNKHF3319,desktop,"HP EliteDesk 800 G2 Tiny Desktop Computer PC, Intel Quad Core i5-6500T upto 3.10GHz, 32GB DDR4 Ram, 500GB HDD, Keyboard & Mouse, Windows 11 Professional (Refurbished)",5.0,1,False,ZNi5632500-0080,233.99,HP,True
83-630-095,desktop,YEYIAN Gaming Desktop PC YUMI INTEL Core i5-14400F GeForce RTX5060 8GB 16GB DDR5 1TB SSD 650W Gold PSU Windows 11 Home,4.1,344,False,YPI-YU44F0B-5601N,829.99,YEYIAN,False
9SIB11NKED2737,desktop,"Hoengager RTX 5070 12GB Gaming PC Desktop - AMD Ryzen 7 5700X 3.4 GHz, 32GB DDR4 RAM, 1TB PCIe SSD, WiFi + BT, Windows 11 Pro -RGB Prebuilt Computer",4.7,27,True,CBDTHEFKB5700XLQ32G1T50712GW11P,1289.99,Hoengager,False
3D5-002N-000E1,desktop,"AVGPC Blizzard Gaming PC - Intel Core i9 11900KF NVIDIA GeForce RTX 5060 Ti, 32GB DDR4, 1TB NVME M.2 SSD, 360mm Liquid Cooler, ARGB Fans, Wifi/AC, TD500 Mesh White Case, Windows 11 Home i9 5060 Ti",4.4,131,False,AV-Blizzard-I9-5060Ti,1379.99,AVGPC,False
9SIA8VGK8Y6150,desktop,Dell OptiPlex 5060 - Windows 11 Desktop Computer | Intel Core i5-8500 Six Core (4.3GHz Turbo) | 16GB DDR4 RAM | 500GB SSD Solid State + 1TB HDD | WiFi + Bluetooth | RGB Mouse + Keyboard,2.3,3,False,698869677961,315.0,DELL,False
9SIBPBAJZ24480,desktop,"HIGOLEPC Mini PC Windows 11 Pro Intel Celeron N4000 4GB/64GB,Micro Computer Stick PC USB PD3.0 and HDMI 4K Gigabit Ethernet,WiFi 5.0,BT 4.2, Mini Computer on Business Office Media Home",3.9,10,False,PCSTICK-4064-0001,99.0,Higole,False
9SIBUU5KDJ8121,desktop,"ACEMAGIC Mini Gaming PC ,AMD Ryzen 5 7430U 8T/16C 16GB DDR4 512GB NVME SSD Mini Desktop Computer,Windows 11 Pro Mini PC Gaming WiFi6/BT5.2,4K UHD/RGB Lights/3 Adjustable Mode,Display for Business",5.0,1,False,7430u16,249.76,ACEMAGIC,False
83-151-629,desktop,MSI CODEX R2 Gaming Desktop Intel Core i7-14700F GeForce RTX 4060 32GB DDR5 2 TB NVMe SSD Windows 11 Home B14NUC7-240US,4.0,4,False,CODEX R2 B14NUC7-240US,919.99,MSI,True
9SIAR0TKKG0219,desktop,"OMEN Desktop Intel Core Ultra 7, 32 GB;1 TB SSD  Windows 11 Home",0.0,0,False,B73MMAA#ABA,1489.99,HP,False
9SIAZBDKDH7582,desktop,"MXZ Gaming PC Computer Intel Core i5 12400F , GeForce RTX 4060, 8GB*2(16GB) DDR4, NVME M2 500G, 5RGB Fans,Windows 11 Pro Ready to use, Gamer Desktop Computer(I5 12400F| RTX4060)",4.8,18,True,I5 12400F| RTX 4060,809.0,MXZ,False
83-360-859,desktop,ABS Aeolian Ruby Gaming PC - Windows 11 - AMD Ryzen 7 7800X3D - GeForce RTX 5070 Ti -  DLSS 4 - AI-Powered Performance - 32GB DDR5 6000 - 2TB M.2 NVMe SSD - AR7800X3D5070TI3,4.2,44,False,AR7800X3D5070TI3,1999.99,ABS,False
83-380-007,desktop,"Xidax X-6 Series AMD Ryzen 7 9800X3D (4.7GHz, up to 5.2GHz) , GeForce RTX 5070Ti 16GB, 2TB NVMe M.2 SSD, 32GB (2x16GB) RAM, Window 11 Home Onami White Gaming Desktop - Assembled & Serviced in Utah",5.0,3,False,16576,2299.99,XIDAX,False
9SIAK3JKK61011,desktop,"Dell OptiPlex 3040 Tiny Desktop PC, Intel Quad Core i5-6500 6th Gen. Processor up to 3.10 GHz, 16GB DDR4 Ram, 512GB SSD , Keyboard & Mouse, Built-in Wi-Fi, Windows 11 Professional (Renewed)",5.0,1,False,6/13/25-12-13,159.99,DELL,True
83-360-932,desktop,ABS Stratos Aqua Gaming PC - Windows 11 - Intel Core Ultra 9 285K - GeForce RTX 5080 - DLSS 4 - AI-Powered Performance - 32GB DDR5 6400 - 2TB M.2 NVMe SSD - SA285K5080,4.3,9,False,SA285K5080,2349.99,ABS,False
9SIBPMFKCK6682,desktop,"Lenovo IdeaCentre,14th Gen Intel Core i5-14400 10-Core Processor,16GB DDR4,1TB SSD,Intel UHD Graphics,Wifi-AX,Dual Monitor Capable,Windows 11 Pro",0.0,0,False,LENIDC3i161TBSDPROZ,669.0,Lenovo,False
83-230-803,desktop,"CyberPowerPC Gaming PC Gamer Xtreme GXL70130, Intel Core Ultra 9 285, RTX 5070 Ti 16GB, 32GB DDR5 6400 RGB, 2TB PCIe 4.0 SSD, Windows 11 Home",4.0,30,False,GXL70130,1949.99,CyberpowerPC,False
9SIA8VGKBG6216,desktop,Dell OptiPlex 3070 - Windows 11 Pro Desktop Computer | Intel Core i5-9500 Six Core (4.4GHz Turbo) | 16GB DDR4 RAM | 500GB SSD Solid State + 1TB HDD | WiFi + Bluetooth | Home or Office PC,4.3,4,False,698869927127,310.0,DELL,True
3D5-002N-000F3,desktop,"AVGPC Max Gaming PC - AMD RYZEN 7 5700X 8-Core, Nvidia GeForce RTX 5060, 32GB RAM, 1TB M.2 NVMe SSD, Heat-pipe Cooler, Windows 11 Black",4.6,28,True,AV-MAX-57X-5060-32-B,999.99,AVGPC,False
9SIB74MJYT1924,desktop,"KAMRUI 4K Mini PC 16GB DDR4 RAM 512GB SSD ROM, Intel 12th Alder Lake-N95 4 Core Processor,windows 11 home, WiFI/BT,Office mini PC",5.0,3,False,GK3Pro(N5105+16+512),210.99,Kamrui,False
83-221-819,desktop,"ASUS ROG GM700 (2025) Gaming Desktop PC, AMD Ryzen 7 8700F Processor, AMD Radeon RX 9060 XT PRIME OC, 1TB M.2 NVMe PCIe 4 SSD, 32GB DDR5 RAM, Windows 11 Home, GM700TZ-NB766",5.0,1,False,GM700TZ-NB766,1199.99,ASUS,False
9SIAK3JJUN8734,desktop,Dell OptiPlex 5060 3060 7060 SFF Desktop - 8th Gen Intel Hexa-Core(6 Cores) i5-8500 up to 4.10 GHz 32 GB DDR4 512 GB SSD DVD-R WiFi/BT Windows 11 Pro,4.0,7,False,Dell.5060.i5_12,339.99,DELL,True
83-420-039,desktop,STORMCRAFT Gaming PC VIPER Intel Core i7 14700F NVIDIA GeForce RTX 5070 - AI Powered 32GB DDR5 6000MHz RGB 2TB NVMe SSD 850W PSU Windows 11 Home,4.8,71,True,VI1470FCC-570N1,1399.99,STORMCRAFT,False
9SIBUU5K6X7590,desktop,"ACEMAGIC Mini Gaming PC ,AMD Ryzen 7 5825U 8T/16C 16GB DDR4 512GB NVME SSD Mini Desktop Computer,Windows 11 Pro Mini PC Gaming WiFi6/BT5.2,4K UHD/RGB Lights/3 Adjustable Mode,Display for Business",4.6,5,False,AMR5-5700U,279.0,ACEMAGIC,False
3D5-002N-000D4,desktop,"AVGPC Whirlwind Gaming PC AMD Ryzen 7 9700X Zen5, NVIDIA GeForce RTX 5070 Ti, 32GB 6000MHz DDR5, 2TB NVME M.2 SSD, 360MM AIO Liquid Cooling, WiFi/AC, Tempered Glass Case Black, Windows 11 Home",4.3,52,False,AV-WW-R7-5070Ti-B,1849.99,AVGPC,False
9SIC01CKHK6047,desktop,"AOACE Gaming PC Desktop INTEL Core i5 14400F, NVIDIA RTX 5050 8G DLSS 4, 32GB DDR4 RAM 3200MHz,1TB NVMe PCIe4.0, Wi-Fi6E, Game Design Office console,Sea View Room Windows 11",4.7,892,True,15 144F-RTX558-D432G-1T,795.99,AOACE,False
83-360-832C,desktop,ABS Cyclone Aqua Gaming PC - Windows 11 - Intel Core i7-14700F - GeForce RTX 5060 - DLSS 4 - AI-Powered Performance - 32GB DDR4 3200MHz - 1TB M.2 NVMe SSD - CA14700F5060,5.0,2,False,CA14700F5060,949.99,ABS,True
9SIA1HJKEV3145,desktop,"Skytech Azure Gaming PC Desktop, Intel i7 14700F 2.1 GHz (5.3GHz Turbo), NVIDIA RTX 5070 12GB GDDR7, 2TB Gen4 NVMe SSD, 32GB DDR5 RAM 6000 RGB, 750W GOLD PSU, 360mm ARGB AIO , Wi-Fi, Win 11",4.4,28,False,ST-AZURE2-1817-W-AL,1599.99,Skytech,False
9SIAZBDKCZ6953,desktop,"MXZ Gaming PC Computer AMD Ryzen 5 3600, GeForce RTX 4060, 8GB*2(16GB) DDR4, NVME M2 500GB, 5 RGB Fans, Windows 11 Pro Ready to Use, Gamer Desktop Computer (R5 3600| RTX 4060)",4.7,60,True,R5 3600|RTX 4060,779.0,MXZ,False
83-630-101,desktop,Yeyian Gaming Desktop PC YPI-ED44F0B-5601N Intel Core i5-14400F 16GB DDR5 1TB NVMe SSD GeForce RTX 5060 Windows 11 Home,0.0,0,False,YPI-ED44F0B-5601N,799.99,YEYIAN,False
9SIBJ6VKCZ5147,desktop,"MINISFORUM UM760 Slim Mini PC AMD Ryzen 5 7640HS 6C/12T Desktop Computer, DDR5 16G RAM+1TB SSD, HDMI/DP/USB4 8K@60Hz Output, 1X 2.5G RJ45 Port, 4X USB Port, Dual Band WiFi, AMD Radeon 760M Graphics",4.8,6,False,UM760Slim16US,407.0,minisforum,False
83-151-614,desktop,MSI Aegis RS2 Series Gaming Desktop PC Intel Core Ultra 9 285K 32GB DDR5 2 TB SSD GeForce RTX 5070 Ti Windows 11 Home (Aegis RS2 AI C2NVR9-1295US),4.5,60,False,Aegis RS2 AI C2NVR9-1295US,2199.0,MSI,False
9SIA4P0KGE1930,desktop,iBUYPOWER Y40 PRO Black Gaming PC Desktop - AMD Ryzen 7 9800X3D - AMD Radeon RX 9070XT 16GB - 32GB DDR5 RGB - 2TB NVMe SSD - Y40BA7R97XT01,3.5,17,False,Y40BA7R97XT01,1899.99,iBUYPOWER,False
9SIC01CKJE4418,desktop,"AOACE Gaming PC Desktop INTEL Core i5 14400F, NVIDIA RTX 5060 8G DLSS 4, 32GB DDR4 RAM 3200MHz,1TB NVMe PCIe4.0, Wi-Fi6E, Game Design Office console,Sea View Room Windows 11",4.7,892,True,I5 144F-RTX568-D432G-1T,829.0,AOACE,False
9SIADGYKN71416,desktop,HP Business Desktop EliteDesk 800 G5-MINI Intel Core i5-9500T 16GB DDR4 256GB SSD Windows 11 Pro 64-bit,0.0,0,False,NE1-22258,255.99,HP,True
1VK-001E-4U447,desktop,HP Desktop Computer Intel Core i5-13400 12GB Memory 512GB SSD Windows 11 Home M01-F300,0.0,0,False,HP9B4Q3AAR,339.99,HP,True
3D5-000D-00227,desktop,"Cobratype Venom Gaming PC - Ryzen 9 9900X, AMD RX 9070 XT, 360mm AIO Liquid Cooler, 32 GB DDR5 RAM, 2 TB NVMe, Windows 11",4.2,29,False,VenomElite,1949.99,Cobratype,False
9SIB5FPKDR2962,desktop,"AVGPC Max Series Gaming PC - AMD Ryzen 5  5600X 4.6 GHz, AMD RX 6600 GPU , 32GB RAM, 1TB M.2 NVMe SSD, 240mm Liquid CPU Cooler, ARGB Fans, Wifi/AC, MAX ATX Case, Windows 11 White",4.7,7,False,AV-MAX-R5-6600-32,859.0,AVGPC,False
3D5-000Z-001W0,desktop,"Skytech Gaming Shiva Desktop PC, Intel i5 14400F 2.5 GHz (4.7GHz Turbo), NVIDIA RTX 4070 Super 12GB, 2TB NVMe SSD, 32GB DDR5 RAM RGB, 650W GOLD PSU, 240mm ARGB AIO, Wi-Fi, Win 11",3.7,3,False,ST-SHIVA2-1509-W-AL,1399.99,Skytech,False
83-451-911,desktop,HP EliteDesk 800 G5 Mini Desktop Intel Core i7-9700 16GB RAM 256GB SSD Windows 11 Pro,0.0,0,False,DTR-HP-800G5MINII79700/X,269.99,HP,True
9SIAZBDKCS4720,desktop,"MXZ Gaming PC Computer Intel Core i5 9400F,GeForce RTX 2060, 8G DDR4, NVME M2 500GB, 5 RGB Fans, Windows 11 Pro Ready to Use, Gamer Desktop Computer (I5 9400F| RTX 2060)",4.1,33,False,I5 9400F|RTX 2060,549.0,MXZ,False
9SIAK3JKPH3566,desktop,Dell OptiPlex 3050 5050 7050 SFF Desktop Intel Quad Core i5-6500 3.20GHz 16 GB DDR4 256 GB SSD DVD WiFi/BT Windows 11 Pro,3.7,3,False,Dell.7040.i5_8,149.99,DELL,True
9SIA1HJKG52406,desktop,"Skytech Prism 4 Gaming PC Desktop, Ryzen 7 7800X3D 4.2 GHz (5GHz Turbo), NVIDIA RTX 5070 Ti 16GB, 2TB Gen4 NVMe SSD, 32GB DDR5 6000, 850W GOLD ATX 3, 360mm AIO , Wi-Fi, Win 11,Antec C8 Curved Wood",4.7,3,False,ST-PRISM4-2124-B-AL,1899.99,Skytech,False
9SIC2PHKKE7911,desktop,"ZYNEEX Gaming PC Desktop, AMD Ryzen 5 5500  (4.2GHz Turbo), RX6600LE 8GB GDDR6, 32GB DDR4 RAM 3200MHz, 1TB NVME SSD, Air Cooling, WiFi Prebuilt Gaming Computer Windows 11",5.0,105,True,R5 5500-RX6600LE-D432G-1T,699.99,ZYNEEX,False
9SIBTVHKEF2368,desktop,"MiniHyper N9 Mini PC Windows 11 Pro, Intel 12th N95 (up to 3.4GHz) Mini PC, 16GB RAM 512GB M.2 SSD, USB3.2,Mini PC N95 Support 4K UHD Dual HDMI BT5.1, Dual Band WIFI| VESA Mount | Home Office Business",3.0,2,False,24250268,145.99,MINIHYPER,False
9SIAE4NKF33081,desktop,MSI Desktop Computer Cubi NUC 1MG-008US Intel Core 5 120U 16GB DDR5 1TB PCIe SSD Windows 11 Pro 64-bit,5.0,1,False,Cubi NUC 1MG-008US,649.99,MSI,False
9SIC0E9KHP7460,desktop,MSI Gaming Desktop PC Aegis RS2 AI A2NVP7-1480US Intel Core Ultra 7 265K 32GB DDR5 2TB NVMe SSD GeForce RTX 5070 Windows 11 Home,4.4,45,False,Aegis RS2 AI A2NVP7-1480US,1939.0,MSI,False
83-992-024,desktop,Cooler Master HAF5 Pro - Intel Core Ultra 7-265F - GeForce RTX 5070 - 32GB DDR5 6000MHz - 2TB M.2 NVMe SSD - Windows 11 - Gaming PC,4.6,48,True,AYG-H5C7-N67GIA32-N1,1549.99,Cooler Master,False
9SIAK3JKGD8347,desktop,Dell OptiPlex 3070 - Windows 11 Pro Desktop Computer | Intel Core i7-9700 Eight core (4.70GHz Turbo) | 16GB DDR4 RAM | 512GB SSD Solid State + 1TB HDD | WiFi + Bluetooth | Home or Office PC,0.0,0,False,D3070SI7970016G512S+1T11P -E,587.49,DELL,False
3D5-002N-000C9,desktop,"AVGPC Max Series Gaming PC - AMD Ryzen 5  5600X 4.6 GHz, AMD RX 6600 GPU, 16GB RAM, 1TB M.2 NVMe SSD, 240mm Liquid CPU Cooler, ARGB Fans, Wifi/AC, MAX ATX Case, Windows 11 White",4.4,131,False,AV-MAX-R5-6600-16,834.99,AVGPC,False
83-253-008,desktop,"GIGABYTE AORUS PRIME 5 Gaming Desktop PC, AMD Ryzen 7 9700X, GIGABYTE RTX 5070 Ti, 32GB DDR5, 2TB SSD, Windows 11, Black",0.0,0,False,AP5A7N7T-5000,1799.99,GIGABYTE,False
9SIAK3JK8D6340,desktop,HP ProDesk 600 G4 SFF Windows 11 Pro High-Performance Business Desktop PC - Intel Core I5-8500 Processor Up to 4.10 GHz | 16GB DDR4 RAM 256GB SSD | WiFi | Wireless Keyboard Mouse | Bluetooth,5.0,2,False,H600G4SI5850016G256S,269.99,HP,True
83-360-824C,desktop,ABS Aeolian Ruby Gaming PC - Windows 11 - AMD Ryzen 7 7800X3D - Radeon RX 9070 XT - 32GB DDR5 6000MHz - 2TB M.2 NVMe SSD - AR7800X3D9070XT,1.0,1,False,AR7800X3D9070XT,1649.99,ABS,True
9SIADGYKN45569,desktop,Lenovo Computer ThinkCentre M920q Mini/Tiny Desktop PC/ Windows 11 Pro / Intel Hexa-Core i5-8400T Processor up to 3.30 GHz/ 512GB NVMe SSD/ 16GB DDR4 RAM/ Wireless Keyboard Mouse/ HDMI,5.0,1,False,LM920QTYI58400T16G512NVMe11P,264.99,Lenovo,True
83-420-011,desktop,STORMCRAFT Gaming PC SKYHAWK PRO AMD Ryzen 7 7800X3D NVIDIA GeForce RTX 5070 – AI Powered 32GB DDR5 6000MHz RGB 2TB NVMe SSD 360mm AIO 850W PSU Windows 11 Home - SP780XDCC-570N1,4.8,71,True,SP780XDCC-570N1,1699.99,STORMCRAFT,False
9SIAA0SK5K6793,desktop,"Lenovo ThinkCentre M625 Desktop PC, AMD A4-9120C Upto 2.4GHz, 16GB RAM, 512GB SSD, Windows 11 Pro",1.0,1,False,M625qA4-16512nEP,248.99,Lenovo,False
9SIA4R8KD69236,desktop,DELL Business Desktop OptiPlex 5060-SFF Intel Core i7-8700 32GB DDR4 1TB PCIe SSD Windows 11 Pro 64-bit,0.0,0,False,J1-5060SA08,414.0,DELL,True
83-420-033,desktop,STORMCRAFT Gaming PC SKYHAWK PRO AMD Ryzen 7 7800X3D Radeon RX 9070 XT 16GB – AI Powered 32GB DDR5 6000MHz RGB 2TB NVMe SSD 360mm AIO 850W Gold PSU Windows 11 Home - SP780XDCC-97BN1,5.0,2,False,SP780XDCC-97BN1,1799.99,STORMCRAFT,False
9SIB11NK147852,desktop,Hoengager Gaming PC -AMD Ryzen 5 9600X 6-Core 3.9 GHz-RTX 5060 8GB-32GB DDR5 RAM-1TB PCIe SSD-360 Liquid Cooler -WIFI &Bluetooth-850W PSU -ARGB Fans-Windows 11 Pro prebuilt Gaming Desktop PC-White,3.9,8,False,CBDTHEOPW5700XLQ32G1T4068GW11P,1239.99,Hoengager,False
9SIBMWWK6E6309,desktop,"GenMachine Mini PC AMD Ryzen  7 5800H,32GB RAM 1TB M.2 NVMe SSD,Radeon Vega8,USB3.0*2,USB2.0*2,Type-C (DP/DATA)*1,HDMI*2 Network Port X1,Wifi6,Bluetooth5.2,Windows 11 Desktop Computer",5.0,3,False,6976313831201,328.0,GenMachine,False
9SIABX7KG67181,desktop,"Dell OptiPlex 5060 - Windows 11 Desktop Computer | Intel i5-8500 Six Core (4.3GHz Turbo) | 16GB DDR4 RAM | 500GB SSD + 1TB HDD | WiFi + Bluetooth | RGB Mouse + Keyboard | 24"" 1080p Monitor",3.3,3,False,698869503062,417.99,DELL,False
83-360-857C,desktop,ABS Cyclone Aqua Gaming PC - Windows 11 - Intel Core i7-14700F - GeForce RTX 5060 -  DLSS 4 - AI-Powered Performance - 32GB DDR5 6400 - 1TB M.2 NVMe SSD - CA14700F50602,4.0,1,False,CA14700F50602,999.99,ABS,True
9SIA1HJKFY9002,desktop,"Skytech Shadow Gaming PC Desktop, Ryzen 5 9600X 3.9 Ghz (5.4GHz Turbo), AMD RX 9060 XT 8GB, 1TB Gen4 NVMe SSD, 16GB DDR5 RAM 6000, 650W GOLD PSU, Wi-Fi, Win 11",4.5,2,False,ST-SHADOW4-2001-B-AL,1099.99,Skytech,False
9SIB0GJKH00861,desktop,"Lenovo ThinkCentre M70s Business SFF Desktop, Intel Core i5-14400, 32GB DDR5 RAM, 1TB SSD, Wi-Fi 6, Windows 11 Pro, Black",0.0,0,False,ThinkCentre1960-C_CTO_N1,839.0,Lenovo,False
83-304-067,desktop,CORSAIR VENGEANCE i7500 Series Gaming PC - Liquid Cooled Intel Core i7-14700KF CPU - NVIDIA GeForce RTX 5070Ti Graphics - 32GB CORSAIR VENGEANCE RGB DDR5 Memory,0.0,0,False,CS-9050130-NA,2071.01,Corsair,False
9SIBX22KD56353,desktop,"Suevery Gaming Desktop PC, AMD Ryzen 5 5600, Radeon RX 6500, 16GB, DDR4, 1TB NVMe SSD, WiFi 6, B450 Motherboard, WiFi 6",0.0,0,False,SUT1W3,549.99,suevery,False
9SIADFMJ3Y7160,desktop,DELL Business Desktop OptiPlex 7060-SFF Intel Core i5-8500 16GB DDR4 256GB SSD Windows 11 Pro 64-bit,0.0,0,False,NE1-22220,224.99,DELL,True
9SIBVKAKF46593,desktop,"YEAH MAGIC Gaming PC Desktop AMD Ryzen 5 5600GT,16GB DDR4 3200MHz,1TB M.2 NVMe PCle4.0 Gen4,650W 80PLUS PSU,WiFi,Game Design Office console,Sea View Room,Windows 11 Tower Prebuilt PC computer",0.0,0,False,YM56GT,454.99,yeah magic,False
9SIAK3JK6F5321,desktop,HP ProDesk 600G4 Desktop Computer | Hexa Core Intel i5-8500 | 32GB DDR4 RAM | 512GB SSD Solid State | Windows 11 Professional  | Home or Office PC,5.0,2,False,H600G4SI5850032G512S -E,317.99,HP,True
9SIBPGTK362434,desktop,"Periphio Reaper Prebuilt Gaming PC Bundle - Ryzen 5 5600G | AMD Vega 7 iGPU| 1TB SSD | 16GB DDR4 RGB RAM | Windows 11 | 24 inch Monitor + RGB Gaming Keyboard, Mouse, Headset, Speakers, Mousepad",4.5,2,False,PER-0000267-BTTLSTTN,804.99,Periphio,False
9SIAZBDKFW3389,desktop,"MXZ Gaming Desktop PC, Intel Core i7 14700KF, GeForce RTX 4070 Super,B760 ,16GB*2 DDR5,1TB NVME, 5 RGB Fans, Windows 11 Pro Ready to(I7 14700KF| RTX 4070 Super)",4.7,18,True,I7 14700KF| RTX 4070 SUPER,1469.0,MXZ,False
9SIB11NKB22011,desktop,"Hoengager Gaming PC -AMD Ryzen 7 7800X3D 8-Core 4.2 GHz, RTX 5060 8G ,32GB DDR5 RAM 6000MHz,1TB PCIe SSD, WIFI&Bluetooth ,850W PSU,240 AIO Liquid cooler, Win11 Pro -Prebuilt PC White",4.8,21,True,CBDTHEOTW7800X3DLQ32G1T4068GW11P,1319.99,Hoengager,False
9SIC145KJF8605,desktop,"Kroteaup Desktop Computer Tower PC , Intel Core i7-4770-3.4GHz, 16GB DDR3 RAM, 512GB M.2 SSD Hard Drive, RGB Fan x 3, Wi-Fi 6.0, USB 3.0, HDMI, Windows 11 Home or Office",0.0,0,False,AOV4770,349.99,Kroteaup,False
9SIADG3KJC8413,desktop,"HP Elite SFF 805 G9 Business Desktop PC (16GB DDR5 RAM, 512GB SSD, AMD Ryzen 5 8500G (> Intel i7-1255U)), Small Form Factor for IT, Engineer, Designer, Wi-Fi, Ethernet, HDMI, Display Port, Win 11 Pro",0.0,0,False,HP Elite SFF 805 G9 R5 16 512,699.99,HP,False
9SIBPMFKKX3559,desktop,"Dell ECT 1250 Tower  Intel Core Ultra 5225,16GB DDR5,512GB SSD,Wifi-6, Dual Monitor Support,Windows 11 Pro",0.0,0,False,ECT1250516512SD11,658.0,DELL,False
9SIAVWRK987401,desktop,"MLLSE G3 Mini PC Mini Desktop Computer with Intel Alder Lake N100 Quad Core Processor, 8GB RAM 256GB SSD Mini Computer, DDR4 2666 MT/S, WiFi 5 BT4.2/VESA/ 4K HD/USB 3.2",4.3,6,False,MLLSE G3,118.0,Mllse,False
83-101-934,desktop,"Acer Nitro 60 N60-640-UR24 Desktop, Intel Core i7-14700F 20-Core Processor (Up to 5.4 GHz), NVIDIA GeForce RTX 5070 Graphics (988 AI TOPS), 32 GB DDR5 Memory, 2 TB PCIe 4.0 NVMe SSD, Windows 11 Home",5.0,1,False,N60-640-UR24,1479.99,Acer America,False
9SIB5FPKGE6240,desktop,"AVGPC Mini-X SFF Gaming PC - AMD Ryzen 7 5700X CPU, AMD Radeon RX 9060 XT 8GB GPU, 16GB RAM, 1TB NVME M.2 SSD, Heat-Pipe Cooler, ARGB Fans, Wifi/AC, mini Case, Windows 11 Black",5.0,1,False,Mini-X-57X-9060XT-B,899.0,AVGPC,False
9SIAHZNKGZ7073,desktop,"Dell OptiPlex 7040 Desktop MT Mini Tower Computer PC Intel Quad Core i7-6700 up to 4.00GHz, 32GB DDR4 Ram,1TB SSD, Wi-Fi, Keyboard & Mouse, Windows 11 Pro (Renewed)",0.0,0,False,ZNDTI763211,330.0,DELL,True
9SIAHZNKH34583,desktop,"Lenovo ThinkCentre SFF Desktop Computer PC, Intel Quad Core i5-6500 upto 3.60GHz, 16GB DDR4 Ram, 256GB SSD, Wi-Fi & Bluetooth, Wireless Keyboard & Mouse, Windows 11 Professional (Refurbished)",5.0,1,False,ZNi5616256T-0001,168.99,Lenovo,True
9SIADFMK849243,desktop,DELL Grade A Business Desktop OptiPlex 3060 Intel Core i5 8th Gen 8500T (2.10GHz) 16GB DDR4 256 GB SSD Windows 11 Pro 64-bit Micro Form Factor (MFF),0.0,0,False,OP3060516256MAR,208.78,DELL,True
9SIAHZNKK30164,desktop,"Dell OptiPlex 7040 Desktop Tower Computer PC Intel Quad Core i5-6500 up to 3.60GHz, 32GB DDR4 Ram,1TB SSD, Wi-Fi, Keyboard & Mouse, Windows 11 Pro (Renewed)",0.0,0,False,ZN820202521,282.22,DELL,True
83-218-104,desktop,"ZOTAC MEK AI-Enhanced Gaming PC Desktop Computer - NVIDIA GeForce RTX 5050, AMD Ryzen 5 5500 4.2GHz, 16GB DDR4 RGB, 1TB NVME M.2 SSD, 650W 80+ GOLD PSU, WiFi 6E, Windows 11 Home",4.0,64,False,MEK5050A5500BG1N,719.99,ZOTAC,False
83-151-535,desktop,MSI AEGIS Z2 Gaming Desktop AMD Ryzen 7 7700 GeForce RTX 4070 SUPER 16GB RAM 1 TB NVMe SSD Windows 11 Home A7NUE-821US,4.6,9,False,A7NUE-821US,1249.99,MSI,True
83-630-085,desktop,Yeyian Gaming Desktop Phoenix Tempered Glass Intel Core i9-14900KF GeForce RTX 5070 – Ai Powered 32GB DDR5 6000MHz RGB 2 TB NVMe SSD 240mm AIO Windows 11 Home - YPI-PG49KFC-5701N,5.0,1,False,YPI-PG49KFC-5701N,1659.99,YEYIAN,False
83-151-595,desktop,"MSI Aegis ZS2 (Tower) Gaming Desktop, AMD R7-9800X3D, GeForce RTX 5080, DDR5 6000 64GB Memory (32GB X 2) , 2TB NVMe SSD, Liquid CPU Cooling, USB Type-C, VR-Ready, Windows 11 Home",3.9,11,False,Aegis ZS2 C9NVV-1276US,3199.0,MSI,False
9SIC11UKKY0161,desktop,Hasee P75K Gaming PC - Intel i5-14600KF(beat AMD Ryzen 7 7800X3D)- NVIDIA GeForce RTX 5070 12GB GDDR7 - DLSS 4 AI-Powered Performance-32GB DDR5 - 1TB SSD-Sea View Room-WiFi6E BT5.3 Win11,0.0,0,False,ZHANSHEN-P75K-2,1329.99,Hasee,False
9SIBJ6VK9W8537,desktop,"MINISFORUM Venus Series NAB9 Mini PC, 12th Gen Core i9-12900HK Small Computer 32GB RAM 1TB SSD, 2X HDMI+2X USB-C Output, 2X 2.5G RJ45 Port, 4X USB3.2 Small Form Factor",4.3,3,False,NAB931US,511.0,minisforum,False
83-101-933,desktop,"Acer Nitro 60 N60-181-UR24 Desktop, AMD Ryzen 7 7700 Octa-Core Processor, NVIDIA GeForce RTX 5070 Graphics (988 AI TOPS), 32 GB DDR5 Memory, 2 TB PCIe 4.0 NVMe SSD, Windows 11 Home",0.0,0,False,N60-181-UR24,1499.99,Acer America,False
9SIADUMJVP6590,desktop,"HP EliteDesk 800 G5 Desktop Mini PC, Intel Six Core i5 9500T 2.2Ghz, 16GB DDR4 RAM, 256GB NVMe M.2 SSD, USB Type C, Wifi, Windows 11 Pro",0.0,0,False,DPC-20685,314.99,HP,True
9SIAE4NKB15319,desktop,Acer Aspire Desktop|14th Gen Intel Core i5-14400 Processor|16GB DDR5|512GB SSD|Wi-Fi 6|Bluetooth|Intel UHD Graphics|2 x HDMI|Dual Monitor Capable| Windows 11 Pro,0.0,0,False,ACERTC14i516512SDUR11,699.99,Acer America,False
9SIAHZNKJH9111,desktop,"HP EliteDesk 800 G3 Tower Desktop Computer PC, Intel Quad Core i5-6500 upto 3.60GHz, 16GB DDR4 Ram,512GB SSD, NVIDIA GT1030, Wi-Fi, RGB Keyboard & Mouse, Windows 11 Professional",0.0,0,False,ZN-800g3-7/25/2025/4001,279.99,HP,False
83-420-030,desktop,STORMCRAFT Gaming PC SIRIUS AMD Ryzen 5 8400F AMD Radeon RX 9060 XT 16GB - AI Powered 32GB (16Gx2) DDR5 RGB 6000MHz 1TB NVMe SSD 650W PSU Windows 11 Home – SI8400FCB-96BN1,4.8,4,False,SI8400FCB-96BN1,1079.99,STORMCRAFT,False
9SIA1HJKK12568,desktop,"Skytech Gaming Shadow Desktop PC, Ryzen 7 7700 3.8 GHz (5.3GHz), NVIDIA RTX 5060, 1TB Gen4 NVMe SSD, 32GB DDR5 RAM 6000 RGB, 650W GOLD PSU, Wi-Fi, Win 11",0.0,0,False,ST-SHADOW4-2341-B-AL,1079.99,Skytech,False
9SIC1BEKJD4461,desktop,HP EliteDesk 800 G4 SFF Desktop - 8th Gen Intel Hexa-Core(6 Cores) i5-8500 up to 4.10 GHz 32 GB DDR4 1TB SSD DVD-R WiFi/BT Windows 11 Pro,5.0,3,False,HP.800G4.i5_15,324.99,HP,True
9SIA6ABJHJ5476,desktop,Lenovo ThinkCentre M720s SFF Desktop - 8th Gen Intel Hexa-Core (6 Cores) i7-8700 up to 4.60 GHz 32 GB DDR4 1TB SSD DVD-R WiFi/BT Windows 11 Pro,5.0,1,False,Lenovo.M720s.i7_15,524.95,Lenovo,True
9SIAHZNKD85178,desktop,HP Business Desktop PC ProDesk 600 G4 SFF High-Performance Windows 11 Pro Computer - Hexa Core I5 8500 Processor | 32GB DDR4 RAM | 1TB SSD (Fast boot) | WIFI Bluetooth | Wireless Keyboard Mouse,0.0,0,False,H600G4SI5850032G1S,343.99,HP,True
9SIC1BEKJE7552,desktop,"Lenovo ThinkCentre M920 Desktop Computer PC, Intel Hexa Core i5-8500 upto 4.10GHz, 32GB DDR4 Ram, 1TB SSD, Built-in Wi-Fi , BTO Keyboard & Mouse, Windows 11 Professional  (Renewed)",0.0,0,False,WB-LE-i58-321SW11-4,374.99,Lenovo,True
9SIA1HJKFE6457,desktop,"Skytech Azure Gaming PC Desktop, Intel i5 14400F 2.5 GHz (4.7GHz Turbo), NVIDIA RTX 5060 8GB, 1TB NVMe SSD, 16GB DDR5 RAM 6000, 650W GOLD PSU, Wi-Fi, Win 11",0.0,0,False,ST-AZURE3-1930-B-AL,999.99,Skytech,False
3D5-003F-00019,desktop,"ZOTAC MEK AI-Enhanced Gaming PC Desktop Computer - NVIDIA GeForce RTX 5070 , AMD Ryzen 5 7600X up to 5.3GHz, 32GB RGB DDR5, 2TB NVME M.2 SSD, 850W 80+ GOLD PSU, WiFi 5,BT 5.2, Windows 11 Home 64-bit",4.0,64,False,MEK5070A7600XBG5,1479.99,ZOTAC,False
9SIC21HKK53668,desktop,"AODU Gaming PC-Windows 11AMD Ryzen 5 5500 3.6GHz,GeForce RTX3050 6G-DDR4 16GB 3200MHz,NVME M.2 1TB SSD, 500W PSU-Desktop Air coole Prebuilt Gaming Desktop",0.0,0,False,6976592030522,649.99,AODU,False
9SIA1CZKKM8811,desktop,iBUYPOWER Slate 8 MESH Gaming PC Desktop - AMD Ryzen 7 8700F - NVIDIA GeForce RTX 5070 12GB - 32GB DDR5 RGB - 1TB NVMe SSD - SMA7N5701,4.4,24,False,SMA7N5701,1269.99,iBUYPOWER,False
83-151-754,desktop,MSI Gaming Desktop PC Codex Z2 B8NVK-606US AMD Ryzen 5 8400F 16GB DDR5 1TB NVMe SSD GeForce RTX 5050 Windows 11 Home,0.0,0,False,Codex Z2 B8NVK-606US,749.0,MSI,False
3D5-002N-000G5,desktop,"AVGPC Max Gaming PC - Intel I5 11400F, Nvidia GeForce RTX 5060, 16GB RAM, 1TB M.2 NVMe SSD, Windows 11 Home Black",4.6,28,True,AV-MAX-I5-5060-B,779.99,AVGPC,False
83-420-029,desktop,STORMCRAFT Gaming PC SIRIUS AMD Ryzen 5 8400F AMD Radeon RX 9060 XT 8GB - AI Powered 32GB (16Gx2) DDR5 RGB 6000MHz 1TB NVMe SSD 650W PSU Windows 11 Home - SI8400FCB-96AN1,4.8,4,False,SI8400FCB-96AN1,949.99,STORMCRAFT,False
9SIBMWWJW81115,desktop,"GenMachine Mini PC AMD Ryzen 7 5700U,32GB RAM 1TB M.2 NVMe SSD,AMD Radeon Graphics,2 x 4K Output, 2 x HDMI Ports,2 x USB 3.0,1 x Type-C,Wifi6,Bluetooth5.2,Windows 11 Pro Desktop Computer",0.0,0,False,6976313830341,338.99,GenMachine,False
3D5-0065-00033,desktop,Xidax X6 ONAMI BLACK Gaming PC INTEL CORE i9 14900KF 24C (Up to 6.0GHz) - NVIDIA GeForce RTX 5080 16G- 32GB DDR5 5600MHz - 2TB M.2 NVMe - Genuine Windows 11 Home - WIFI - Assembled & Serviced In Utah,0.0,0,False,16454,2599.99,XIDAX,False
9SIC01CKFU6435,desktop,"AOACE Gaming PC Desktop INTEL Core i5 14400F, NVIDIA RTX 4060 8G DLSS 3, 32GB DDR4 RAM 3200MHz,1TB NVMe PCIe4.0, Wi-Fi6E, Game Design Office console,Sea View Room Windows 11",4.7,892,True,I5 14400F-RTX4060-32G-1T,829.99,AOACE,False
83-630-103,desktop,Yeyian Gaming Desktop PC YPI-ED44F0C-5601N Intel Core i5-14400F 32GB DDR5 1TB NVMe SSD GeForce RTX 5060 Windows 11 Home,0.0,0,False,YPI-ED44F0C-5601N,829.99,YEYIAN,False
9SIAHT3KF35374,desktop,"Cobratype Ghost Gaming PC - Ryzen 7 9800X3D, RTX 5080, 360mm AIO Liquid Cooler, 32 GB DDR5 RAM, 2 TB NVMe, Windows 11",0.0,0,False,Ghost98X58,2599.99,Cobratype,False
9SIAE4NKD31328,desktop,MSI Desktop Computer Cubi 5 12M-202US Intel Core i5-1235U 16GB DDR4 500GB PCIe SSD Windows 11 Pro 64-bit,5.0,1,False,Cubi 5 12M-202US,499.99,MSI,False
83-360-935,desktop,ABS Stratos Ruby Gaming PC - Windows 11 - AMD Ryzen 7 7800X3D - Radeon RX 9070 XT 16GB - 32GB DDR5 6400 - 1TB M.2 NVMe SSD - SR7800X3D9070XT,4.6,22,True,SR7800X3D9070XT,1749.99,ABS,False
9SIAKDCK9C3854,desktop,HP ProDesk 600G4 Desktop Computer | Hexa Core Intel i5 (3.2) | 32GB DDR4 RAM | 500GB SSD Solid State | Windows 11 Professional  | Home or Office PC,5.0,3,False,698869784362,246.67,HP,True
83-451-915,desktop,HP Desktop PC OmniDesk M02-0127c AMD Ryzen 7 8700G 32GB RAM 1TB PCIe SSD AMD Radeon 780M Windows 11 Home,0.0,0,False,NBR-HP-M02-0217C/X,579.99,HP,True
9SIAHZNK814352,desktop,"HP G4 Desktop Tower Computer PC Intel Hexa Core i5-8500 upto 4.10GHz 64GB Ram 1TB SSD 1TB HDD Built-in Wi-Fi, Bto Keyboard & Mouse, Windows 11 Professional (Renewed)",5.0,2,False,WB-HPG4Ti5-5,498.99,HP,True
9SIBGVAKGK9726,desktop,"SEJISHI Gaming PC AMD Ryzen 5 5500 3.6GHz to 4.2GHz,NVIDIA GeForce RTX3050,16GB(8G*2)DDR4 3200MHz,NVME M.2 1TB SSD, 500W,Win 11 Ready, Gaming Desktop Computer (R5 5500|RTX 3050)",3.7,3,False,6976592030522,599.0,SEJISHI,False
83-360-849C,desktop,ABS Eurus Aqua Gaming PC - Windows 11 - Intel Core i9-14900KF - GeForce RTX 5070 Ti -  DLSS 4 - AI-Powered Performance - 32GB DDR5 6400 - 2TB M.2 NVMe SSD - EA14900KF5070TI2,0.0,0,False,EA14900KF5070TI2,1829.99,ABS,True
9SIC0PSKG69687,desktop,"Ningmei Gaming Desktop Computer PC, AMD Ryzen 7 5700X, RTX 5060 Ti 8G, 32GB DDR4 RAM, 1TB NVME SSD, 240 Liquid Cooler, 650W PSU, Wi-Fi, ARGB Fans , Game Design Office, Windows 11 Home , Gaming PC",5.0,39,True,601NMGS240B5700,1069.0,NINGMEI,False
9SIA4R8KFK7055,desktop,"Intel NUC NUC7i5BNK Mini PC/HTPC, Intel Core i5-7260U Upto 3.4GHz, 8GB DDR4, 256GB SSD, Windows 10 Pro, Wifi, Bluetooth, 4k Support, Dual Monitor Capable, Thunderbolt 3",4.0,1,False,NUC7i5BNK 8/256,199.98,Intel,False
83-630-102,desktop,Yeyian Gaming Desktop PC YPI-PM47F0C-5701N Intel Core i7-14700F 32GB DDR5 1TB NVMe SSD GeForce RTX 5070 Windows 11 Home,0.0,0,False,YPI-PM47F0C-5701N,1299.99,YEYIAN,False
9SIB5FPKFG4578,desktop,"AVGPC Blizzard Series Gaming PC - Intel i7 12700KF 3.6GHz, NVIDIA GeForce RTX 5060, 32GB DDR4 RAM, 1TB NVME M.2 SSD, 360mm Liquid Cooler, ARGB Fans, Wifi/AC, TD500 Mesh White Case, Windows 11",4.4,42,False,AV-Blizzard-5060,1099.0,AVGPC,False
3D5-0007-00J64,desktop,"iBUYPOWER Element Gaming PC Desktop - Intel Core i9 14900F, NVIDIA GeForce RTX 5070 12GB, 32GB DDR5 RGB RAM, 1TB NVMe SSD",4.7,16,True,EBI9N5702,1699.99,iBUYPOWER,False
9SIAHT3KF35373,desktop,"Cobratype Ghost Gaming PC - Ryzen 7 9800X3D, RTX 5070 Ti, 360mm AIO Liquid Cooler, 32 GB DDR5 RAM, 2 TB NVMe, Windows 11",0.0,0,False,Ghost98X57T,2249.99,Cobratype,False
9SIBTVHKNG2822,desktop,"MiniHyper N9 Mini PC Windows 11 Pro, Intel 12th N95 (up to 3.4GHz) Mini PC, 16GB RAM 512GB M.2 SSD, USB3.2,Mini PC N95 Support 4K UHD Dual HDMI BT5.1, Dual Band WIFI| VESA Mount | Home Office Business",0.0,0,False,562323,159.99,MINIHYPER,False
9SIAHZNKH08468,desktop,"HP EliteDesk 800 G6 Tiny Desktop Mini PC Intel Hexa Core i5-10500T 10th Gen. Processor up to 3.80 GHz, 32GB DDR4 Ram, 1TB SSD,24 Inch Monitor, Wireless Keyboard & Mouse, Built-in Wi-Fi, Windows 11 Pro",0.0,0,False,ZNi5103212401,554.99,HP,False
9SIADG3KHH0455,desktop,"Lenovo ThinkStation P3 Tiny Workstation Desktop (Intel 14-Core i5-14500 vPro (> i7-13700), 16GB DDR5 RAM, 512GB SSD), Mini Business PC, Keyboard, Mouse, Ethernet, Wi-Fi, HDMI, Display Port, Win 11 Pro",0.0,0,False,Lenovo ThinkStation P3 i5 16GB 512GB,799.99,Lenovo,False
9SIB5FPKG35765,desktop,"AVGPC Max Gaming PC - AMD RYZEN 5 5600X 6-Core, Radeon RX 9060 XT 8G, 16GB RAM, 1TB M.2 NVMe SSD, AIO CPU Liquid Cooler Windows 11 Black",4.6,28,True,AV-MAX-56X-9060XT-16-B,879.0,AVGPC,False
3D5-000D-00252,desktop,"Cobratype Venom Gaming PC - Ryzen 9 9900X, RTX 5070 Ti, 360mm AIO Liquid Cooler, 32 GB DDR5 RAM, 2 TB NVMe, Windows 11",4.0,4,False,Venom957T,2119.99,Cobratype,False
83-218-099,desktop,"ZOTAC MEK AI-Enhanced Gaming PC Desktop Computer - NVIDIA GeForce RTX 3050, AMD Ryzen 5 5500 4.2GHz, 16GB DDR4, 500GB NVME M.2 SSD, 650W 80+ GOLD PSU, WiFi 6E, Windows 11 Home 64-bit",4.0,64,False,MEK3050A5500BG0,649.99,ZOTAC,False
9SIAKDCHZX6198,desktop,DELL Desktop Computer OptiPlex 7050-T Intel Core i7-7700 16 GB 512GB SSD Windows 10 Pro 64-bit,5.0,1,False,NE1-21734,227.81,DELL,True
9SIA4P0KG18144,desktop,iBUYPOWER Y40 PRO Black Gaming PC Desktop - AMD Ryzen 9 9900X - AMD Radeon RX 9070XT 16GB - 32GB DDR5 RGB - 2TB NVMe SSD - Y40BA9R97XT01,3.5,17,False,Y40BA9R97XT01,1949.99,iBUYPOWER,False
83-451-907,desktop,HP EliteDesk 805 G6 SFF Desktop AMD Ryzen 5 PRO 4650G 16GB RAM 256GB SSD Windows 11 Pro,0.0,0,False,DTR-HP-805G6R5_16256/X,329.99,HP,True
9SIAZEBGZS3841,desktop,"IPASON Gaming Desktop PC , Ryzen7 9700X, Geforce RTX 5060 8G ,MSI B650M 32GB DDR5 1TB NVMe SSD, 650W GOLD PSU, Wi-Fi,Liquid Cooler,ARGB Fans , Windows 11  ,Prebuilt Gaming Pc New compute",4.0,124,False,egg5800X3070TI32GB,1249.0,IPASON,False
9SIA1HJKG05005,desktop,"Skytech Shadow Gaming PC Desktop, Ryzen 7 7700 3.8 GHz (5.3GHz Turbo), AMD RX 9060 XT 16GB, 1TB Gen4 NVMe SSD, 32GB DDR5 RAM 6000 RGB, 650W GOLD PSU, Wi-Fi, Win 11",0.0,0,False,ST-SHADOW4-1981-B-AL,1149.99,Skytech,False
9SIBM02KKJ2036,desktop,Dell OptiPlex 3010 DT Desktop Computer 16GB Ram 240GB SSD Wi-Fi Windows 11 Pro,0.0,0,False,00764046446054,149.0,DELL,True
9SIC0PSKG06136,desktop,"NINGMEI Gaming PC Desktop, Ryzen 7 7800X3D 4.2 GHz (5GHz Turbo Boost), AMD RX 9070 XT 16GB GDDR6, 2TB Gen4 NVMe SSD, 32GB DDR5 RAM 6000 ,240mm ARGB AIO, 850W GOLD PSU, Wi-Fi, Win 11 Home,Black",5.0,83,True,601NM9070XT321WC,1899.0,NINGMEI,False
9SIAKF7K123843,desktop,"ViprTech Avalanche 2.0 Gaming PC Computer Desktop - AMD Ryzen 7 (4.1Ghz Turbo), AMD Radeon RX 580 8GB, 16GB DDR4 RAM, 1TB NVMe SSD, RGB, WiFi BT, White",3.4,18,False,R7-580-32G-1T,589.99,ViprTech,False
83-380-006,desktop,"Xidax X-6 Series Intel Core i9 14900KF (up to 6.0GHz) , RTX 5090 32GB, 2TB NVMe M.2 SSD, 64GB (2x32GB) RAM, Liquid cooling, Window 11 Home Onami Black Gaming Desktop - Assembled & Serviced in Utah",0.0,0,False,16552,4749.99,XIDAX,False
9SIAKDCK946597,desktop,DELL Business Desktop OptiPlex 5070-SFF Intel Core i7-9700 16GB DDR4 500GB PCIe SSD Windows 11 Pro 64-bit,0.0,0,False,J1-5070SA04,347.07,DELL,True
83-360-934,desktop,ABS Tempest 4000D Aqua Gaming PC - Windows 11 - Intel i9-14900KF - RTX 5070 Ti 16GB - DLSS 4 - AI-Powered Performance - 32GB DDR5 6400MHz - 2TB M.2 NVMe SSD - TA14900KF5070Ti,4.4,161,False,TA14900KF5070Ti,1849.99,ABS,False
9SIA4P0KFJ8687,desktop,iBUYPOWER Y40 PRO Black Gaming PC Desktop - AMD Ryzen 7 7800X3D - NVIDIA GeForce RTX 5070 12GB - 32GB DDR5 RGB - 2TB NVMe SSD - Y40BA7N5702,4.5,121,False,Y40BA7N5702,1751.59,iBUYPOWER,False
9SIAKWUKDJ0176,desktop,DELL Business Desktop OptiPlex 7060-MICRO Intel Core i7-8700T 32GB DDR4 1TB PCIe SSD Windows 11 Pro 64-bit,0.0,0,False,J1-7060MA08,399.99,DELL,True
9SIADFMK739174,desktop,HP Business Desktop EliteDesk 800 G5-MINI Intel Core i5-9500T 16GB DDR4 500 GB M.2 NVMe SSD Windows 11 Pro 64-bit,3.0,1,False,NE1-22259,227.99,HP,True
83-988-059,desktop,Dell Pro Micro QCM1250 Desktop - Intel Core Ultra 5 235T - 16GB - 256GB SSD - Micro PC - Intel Chip - Windows 11 Pro - IEEE 802.11ax - 90W  V6TNK,0.0,0,False,V6TNK,699.99,DELL,False
9SIA1HJKFE6352,desktop,"Skytech Azure Gaming PC Desktop, Intel i5 14400F 2.5 GHz (4.7GHz Turbo), NVIDIA RTX 5060 8GB, 1TB NVMe SSD, 16GB DDR5 RAM 6000, 650W GOLD PSU, Wi-Fi, Win 11,Montech XR",5.0,1,False,ST-AZURE3-1929-W-AL,899.99,Skytech,False
9SIAKWUKCU5383,desktop,Dell Optiplex 5060 Desktop Computer | Hexa Core Intel i7 (3.4) | 32GB DDR4 RAM | 1TB SSD Solid State | Windows 11 Professional  | Home or Office PC,2.0,2,False,698869784768,410.99,DELL,True
9SIC14VKM22330,desktop,"IPASON Xelra Gaming Desktop PC,AMD Ryzen5 9600X,Geforce RTX 5060 8G,16GB DDR5,1TB NVMe SSD,Wi-Fi,Windows 11 Home,Black Prebuilt Pc Computer",4.9,251,True,X-96X+5060-G2,999.0,IPASON,False
9SIAHZNKHF3161,desktop,"HP EliteDesk 800 G2 Tiny Desktop Computer PC, Intel Quad Core i5-6500T upto 3.10GHz, 8GB DDR4 Ram, 500GB HDD, Keyboard & Mouse, Windows 11 Professional (Refurbished)",0.0,0,False,ZNi568500-090,154.99,HP,True
83-630-098,desktop,Yeyian Gaming Desktop PC WARRIORS PHOENIX MESH AMD Ryzen 7 7800X3D 32GB DDR5 1TB NVMe SSD GeForce RTX 5070 Windows 11 Home,0.0,0,False,YPA-PM780DC-5701N,1599.99,YEYIAN,False
9SIBWCHKP49652,desktop,Andromeda Insights AMD Ultimate Budget Gaming PC - RX 9070 XT 16GB | Ryzen 5 9600X 3.9 GHz (5.4 GHz Turbo Boost) | 32GB DDR5 6000MHz | 1TB Gen4 SSD | 850W Gold | ARGB | Wi-Fi + BT | Win 11,0.0,0,False,UBG-97XT16GB-9600X-1TB-32GB-850W-AIR-BLK,1449.99,Andromeda Insights,False
9SIA1HJKEH4015,desktop,"Skytech Prism 4 Gaming PC Desktop, Ryzen 7 9800X3D 4.7 GHz, X670 Motherboard, NVIDIA RTX 5070 Ti 16GB, 2TB Gen4 NVMe SSD, 32GB DDR5 6000 RGB, 850W GOLD ATX 3, 360mm AIO, Wi-Fi, Win 11, Antec C8 Curved",4.8,6,False,ST-PRISM4-1795-B-AL,2199.99,Skytech,False
83-151-620,desktop,MSI Gaming Desktop PC Aegis Z2 C7NVP-1449US AMD Ryzen 7 7700 32GB DDR5 1TB NVMe SSD GeForce RTX 5070 Windows 11 Home Advance,4.4,45,False,Aegis Z2 C7NVP-1449US,1579.0,MSI,False
83-151-664,desktop,MSI Gaming Desktop PC Codex R2 B14NVM7-438US Intel Core i7-14700F 32GB DDR5 2TB SSD GeForce RTX 5060 Ti Windows 11 Home,5.0,2,False,Codex R2 B14NVM7-438US,1399.0,MSI,False
83-420-034,desktop,STORMCRAFT Gaming PC SKYHAWK PRO Intel Core i7-14700F NVIDIA GeForce RTX 5070 Ti – AI Powered 32GB DDR5 6000MHz RGB 2TB NVMe SSD 360mm AIO 850W PSU Windows 11 Home - SP147KFCC-57TN1,4.8,71,True,SP1470FCC-57TN1,1799.99,STORMCRAFT,False
9SIB0GJKED1300,desktop,"MSI PRO DP21 Tiny Business Desktop, Intel Core i3-13100 Processor, 16GB RAM, 512GB SSD, USB A&C, HDMI, DP, Support 2-Monitor 4K, RJ-45, Wi-Fi, Wired Keyboard & Mouse, Windows 11 Pro, Black",0.0,0,False,DP211714-A_CTO_N1,419.0,MSI,False
9SIA6AB5JB8066,desktop,Dell OptiPlex 3010 Desktop Intel QUAD Core i5 3rd Gen 8 GB RAM 320 GB HD DVD-RW Windows 10 Professional 64-Bit With HDMI,0.0,0,False,Dell3010Win10_4,89.9,DELL,True
9SIA1HJKDD2330,desktop,"Skytech King 95 Gaming PC Desktop, Ryzen 7 9800X3D 4.7 GHz (5.2 GHz Turbo Boost), NVIDIA RTX 5070 12GB GDDR7, 1TB Gen4 SSD, 32GB DDR5 RAM 6000 RGB, 850W GOLD PSU, 360mm ARGB AIO , Wi-Fi, Win 11 Home",5.0,10,False,ST-KING95-1594-B-AL,1849.99,Skytech,False
9SIAHZNKGZ0172,desktop,HP Business Desktop EliteDesk 800 G4-MINI Intel Core i5-8500T 16GB DDR4 256GB SSD Windows 11 Pro 64-bit,4.0,2,False,NE1-22249,255.99,HP,True
83-992-017,desktop,Cooler Master TD5 Pro - Intel Core Ultra 9-285K - GeForce RTX 5080 - 32GB DDR5 6000MHz - 2TB M.2 NVMe SSD - Windows 11 - 360mm AIO - Gaming PC (AYG-M6C9-N68GIA32-N1),4.5,33,False,AYG-M6C9-N68GIA32-N1,3249.99,Cooler Master,False
9SIA1HJKG05011,desktop,"Skytech Blaze4 Mini Gaming PC Desktop, Ryzen 7 7700 3.8 GHz (5.3GHz Turbo), AMD RX 9060 XT 16GB, 1TB Gen4 NVMe SSD, 32GB DDR5 RAM 6000 RGB, 650W GOLD PSU, Wi-Fi, Win 11",2.0,1,False,ST-BLAZE4MINI-1985-B-AL,1099.99,Skytech,False
9SIAHZNKE03268,desktop,"Lenovo ThinkCentre M720 Desktop Computer PC, Intel Pentium Gold G5400 3.70GHz, 16GB DDR4 Ram, 512GB SSD, Wi-Fi , BTO Keyboard & Mouse, Windows 11 Professional (Renewed)",0.0,0,False,WB-LE-G5400-16512P-5,190.0,Lenovo,True
9SIAE4NKB15335,desktop,Acer Aspire Desktop|14th Gen Intel Core i5-14400 Processor|32GB DDR5|1TB SSD|Wi-Fi 6|Bluetooth|Intel UHD Graphics|2 x HDMI|Dual Monitor Capable| Windows 11 Pro,0.0,0,False,ACERTC14i5321TBSDUR11,899.99,Acer America,False
9SIAHZNKGZ0173,desktop,HP EliteDesk 800 G4 SFF Desktop Intel Core i5-8500 3.0GHz 16GB Memory 500GB NVMe Windows 11 Pro 64-bit DVDRW,5.0,1,False,NE1-22255,290.0,HP,True
9SIC1A0KH88206,desktop,"Prebuilt Gaming PC Desktop Computer,Intel Core i5 Desktop,Operating at A Frequency of 3.2-3.6 GHz,RX550 Graphics Card with 4GB GDDR5 Video Memory,16GB RAM, 512GB NVME SSD,WiFi5,RGB Fan x4 Windows 11",4.0,1,False,i5/16G/512GB/RX550 4G,369.99,abytespark,False
3D5-000D-00209,desktop,"Cobratype Canebrake ES Gaming PC - AMD Ryzen 3 4100, RTX 3050 6 GB, 16 GB DDR4 RAM, 500 GB NVMe, Windows 11 Home - Gaming Desktop",2.3,3,False,CanebrakeES,579.99,Cobratype,False
9SIAE4NKJT1324,desktop,"Dell Ect1250 Tower Desktop - Intel Core Ultra 5 225 - Wi-Fi 6 and Bluetooth 5.4 - 32 GB DDR5 RAM,512 GB PCIe SSD - Windows 11 Pro",0.0,0,False,B2C_Dell-Ultra5-_7-4-25_32-512P_2,799.99,DELL,False
9SIA1HJKF14146,desktop,"Skytech Gaming Shadow Desktop PC, Ryzen 7 7700 3.8 GHz (5.3GHz Turbo), NVIDIA RTX 5060 Ti 16GB, 2TB Gen4 NVMe SSD, 32GB DDR5 RAM 6000 RGB, 650W GOLD PSU, Wi-Fi, Win 11",4.2,6,False,ST-SHADOW4-1885-B-AL,1279.99,Skytech,False
9SIA4R8KPJ3618,desktop,"Dell Optiplex 7040 Micro Form Factor Desktop, Intel Quad Core i5 6500T 2.5Ghz, 16GB DDR4, 256GB NVMe SSD, Wi-Fi, HDMI, Windows 10 Pro",4.3,6,False,DPC-08198,138.0,DELL,True
9SIADG3KJH6555,desktop,"Dell Pro Micro MFF Mini AI PC (Intel 14-Core Ultra 5 235T (> i7-13700), 64GB DDR5, 2TB SSD), QCM1250 (Replace OptiPlex 7000), Tiny Business Desktop, Wi-Fi 6E, RJ45, Bluetooth, 2x DP, Win 11 Pro,2025",0.0,0,False,Dell Pro Micro MFF Mini AIPC U5 64GB 2TB,1299.99,DELL,False
9SIAE4NKFK7293,desktop,"Dell Vostro 3030 Desktop,Intel Core i5-14400 10-Core Processor,16GB DDR5,512GB SSD Plus 1TB HDD,Intel UHD Graphics,Wifi-AX,Dual Monitor Capable,Windows 11 Pro",0.0,0,False,VOST3030i516512SD111TB,779.0,DELL,False
83-151-671,desktop,MSI Codex R2 Gaming Desktop PC Intel Core i5-13400F NVIDIA GeForce RTX 4060 16GB RAM 1TB PCIe SSD Windows 11 Home C13NUC5-266US,3.0,2,False,Codex R2 C13NUC5-266US,739.99,MSI,True
9SIBM02KGP7546,desktop,Dell OptiPlex 7040 SFF Core i5 3.2GHz Desktop Computer 16GB RAM 240GB SSD Wi-Fi Windows 11 Pro (25H2),0.0,0,False,00764046445507,189.0,DELL,True
9SIB11NKJT5374,desktop,"Hoengager RTX 5070 12GB Gaming PC Desktop - AMD Ryzen 5 9600X  6-Core 3.9GHz, 32GB DDR5 RAM, 1TB PCIe +1TB SATA SSD, WiFi + BT, 850W PSU,240 AIO Liquid cooler, Win11 Pro -RGB Prebuilt Computer-White",4.8,19,True,CBDTHEOTW9600XLQ32G2T50712GW11P,1549.99,Hoengager,False
9SIAHZNKAR9476,desktop,"DELL OptiPlex Desktop Micro Computer Tiny PC Intel Quad Core i5-6500T upto 3.10GHz 8GB DDR4 RAM, 256GB Solid State Drive, Bto Keyboard & Mouse, Windows 11 Professional (Renewed)",0.0,0,False,WB-DE3050T-1,148.99,DELL,True
9SIB295KJ19618,desktop,"Dell Ect1250 Tower Desktop - Intel Core Ultra 5 225 - Wi-Fi 6 and Bluetooth 5.4 - 64 GB DDR5 RAM,1 TB PCIe SSD - Windows 11 Pro",0.0,0,False,B2C_Dell-Ultra5-_7-4-25_64-1TP_2,969.0,DELL,False
83-100-060,desktop,"Thermaltake LCGS Vista i47T SF Gaming Desktop (Intel Core i7-14700F, ToughRam 32GB DDR5 5600MT/s RGB Memory, NVIDIA GeForce RTX 4070 Ti Super, 1TB NVMe M.2, Wifi, Windows 11) V27B-B760-TSF-LCS",2.5,2,False,V27B-B760-TSF-LCS,1828.99,Thermaltake,False
9SIA1HJKEH4218,desktop,"Skytech Azure Gaming PC Desktop, Ryzen 5 7600 3.8 GHz (5.1GHz Turbo), NVIDIA RTX 5070 12GB, 1TB Gen4 NVMe SSD, 16GB DDR5 RAM 6000, 850W GOLD PSU, Wi-Fi, Win 11,Montech XR",4.1,15,False,ST-AZURE3-1724-B-AL,1299.99,Skytech,False
9SIA57XKHJ9967,desktop,MSI Gaming Desktop PC MEG Vision X AI 2NVZ9-045US Intel Core Ultra 9 285K 64GB DDR5 2TB NVMe SSD GeForce RTX 5090 Windows 11 Pro,4.4,45,False,MEG Vision X AI 2NVZ9-045US,7499.0,MSI,False
83-151-675,desktop,MSI AEGIS Z2 Gaming Desktop AMD Ryzen 7 8700F 4.10 GHz NVIDIA GeForce RTX 4070 32GB RAM 1TB NVMe SSD Windows 11 Home C8NUE-1059US,0.0,0,False,AEGIS Z2 C8NUE-1059US,1349.99,MSI,True
9SIAHZNK5N6207,desktop,"Lenovo ThinkCentre M920s SFF  Business Mini Desktop (Intel i5-9400 6-Core, Intel UHD 630, 64GB RAM, 2TB SATA SSD, USB 3.2, Display Port, SD Card, Optical Drive, Win 11 Pro) Refurbished",0.0,0,False,ME-16832430497,526.67,Lenovo,True
9SIABX7KN84755,desktop,DELL Business Desktop Precision 3430-SFF Intel Core i5-8500 16GB DDR4 256GB SSD Windows 11 Pro 64-bit,0.0,0,False,J1-P3430SA01,274.99,DELL,True
9SIAE4NKHA0645,desktop,"Lenovo Mini PC  Intel Core i7-13620H, 32GB DDR4, 1TB SSD, Intel UHD Graphics, Wi-Fi 6, Win 11 Pro, Dual Monitor Ready",0.0,0,False,LENIDMINIi7321TBSD11PROA,749.99,Lenovo,False
83-151-451,desktop,MSI Desktop Computer Cubi NUC 1MG-010US Intel Core 3 100U 8GB DDR5 500GB PCIe SSD Windows 11 Pro 64-bit,5.0,1,False,Cubi NUC 1MG-010US,449.0,MSI,False
83-360-830C,desktop,ABS Cyclone Aqua Gaming PC - Windows 11 - Intel Core Ultra 7 265KF - GeForce RTX 5070 - DLSS 4 - AI-Powered Performance - 32GB DDR5 6000MHz - 1TB M.2 NVMe SSD - CA265KF5070,5.0,1,False,CA265KF5070,1449.99,ABS,True
3D5-0065-00029,desktop,"Xidax X6 Gaming desktop-AMD RYZEN 7 9800X3D (up to 5.2GHz)|AMD Radeon RX 9070XT 16GB|32GB (2x16GB) DDR5 5600MHz|2TB M.2 NVMe|Genuine Windows 11 Home|Xen White Case with 8"" LCD screen on front",4.1,20,False,16427,2099.99,XIDAX,False
9SIAKDCKGZ0375,desktop,DELL Business Desktop OptiPlex 5060-T Intel Core i5-8500 32GB DDR4 2TB SSD Windows 11 Pro 64-bit,0.0,0,False,J1-5060TA06,358.89,DELL,True
9SIA6ABHWJ2468,desktop,Dell OptiPlex 3080 SFF Desktop - 10th Gen Intel Octa-Core (8 Cores) i7-10700 up to 4.80 GHz 32 GB DDR4 1TB SSD DVD-R WiFi/BT Windows 11 Pro,0.0,0,False,Dell.3080.i5_15,622.97,DELL,True
9SIAKDCKBE1250,desktop,HP Business Desktop ProDesk 600 G4-MINI Intel Core i5-8500T 16GB DDR4 500GB PCIe SSD Windows 11 Pro 64-bit,0.0,0,False,NE1-22129,200.56,HP,True
9SIAKWUJZB0004,desktop,"Dell Optiplex 3080 Micro Form Factor Desktop, Intel Six-Core i5 10500T 2.3Ghz, 16GB DDR4, 512GB NVMe M.2 SSD, Windows 11 Pro",0.0,0,False,DPC-19039,379.99,DELL,True
9SIAE4NKJT1307,desktop,"Dell Ect1250 Desktop,Intel Core Ultra 5 225,Intel UHD Graphics,16 GB DDR5 RAM,512 GB PCIe SSD,Windows 11 Pro",5.0,1,False,B2C_Dell-Ultra5-_7-3-25_16-512P,658.49,DELL,False
83-360-862C,desktop,ABS Cyclone Aqua Gaming PC - Windows 11 Home - Intel Core i5-13400F - Intel Arc B580 - 32GB DDR4 3200 - 1TB M.2 NVMe SSD - CA13400FB5802,0.0,0,False,CA13400FB5802,699.99,ABS,True
9SIBGVAKD16113,desktop,"SEJISHI(R7 5700X+RTX 4060) Gaming PC AMD Ryzen 7 5700X 3.4GHz to 4.6GHZ, NVIDIA GeForce RTX4060,32GB(16G*2)DDR4 3200MHz,M.2 1TB SSD,600W psu,Win 11 Ready, Gaming Desktop computer",0.0,0,False,06976592030517,869.0,SEJISHI,False
9SIBMVDKG01975,desktop,"ICEWOLF Gaming Desktop PC , Ryzen7 7700, Geforce RTX 5060 ,B650M 32GB DDR5 1TB NVMe SSD, 650W  PSU, Wi-Fi,Liquid Cooler,ARGB Fans , Windows 11 ,Prebuilt Gaming Pc New compute",0.0,0,False,Z-77+5060-X,1189.0,ICEWOLF,False
9SIAK3JK6U2612,desktop,Dell Optiplex 5060 Desktop Computer | Hexa Core Intel i5 (3.2) | 32GB DDR4 RAM | 1TB SSD Solid State | Windows 11 Professional  | Home or Office PC,4.3,3,False,698869656812,374.99,DELL,True
9SIA1HJKMU4980,desktop,"Skytech Gaming King 95 Gaming PC, AMD Ryzen 9 9900X 4.4GHz, NVIDIA RTX 5070 Ti 16GB, 2TB Gen4 NVMe SSD, 32GB DDR5 RAM 6000, 850W GOLD ATX 3 PSU, 360 ARGB AIO , Wi-Fi, Win 11, Desktop",4.4,15,False,ST-KING95-2524-B-AL,1999.99,Skytech,False
9SIC1BEKKB9460,desktop,"Lenovo ThinkCentre M720s Small Form Desktop, Six Core i5 8500 3.0Ghz, 16GB DDR4, 512GB NVMe PCIe SSD, USB Type C, Windows 11 Pro",0.0,0,False,DPC-21510,304.99,Lenovo,True
9SIBTVHKP30764,desktop,"MINIHYPER Mini PC,Intel 12th N95(Beat N100, Up to3.4Ghz) Mini Computer,16GB RAM 512GB SSD, USB3,N95 Mini Desktop Computers Support 4K UHD Dual Display,Dual Band WiFi Portable PC",0.0,0,False,895862,159.99,MINIHYPER,False
9SIBM02KKJ2045,desktop,Dell OptiPlex 3010 DT Desktop Computer 8GB RAM 240GB SSD Wi-Fi Windows 11 Pro (25H2),0.0,0,False,00764046445798,139.0,DELL,True
9SIC0E9KHM7229,desktop,HP Elite Mini 800 G9 Desktop Computer - Intel Core i7 12th Gen i7-12700T Dodeca-core (12 Core) 1.40 GHz - 16 GB RAM DDR5 SDRAM - 512 GB M.2 PCI Express NVMe 4.0 SSD - Mini PC,0.0,0,False,9P2X0AT#ABA,889.0,HP,False
9SIA1HJKG06572,desktop,"Skytech Gaming Aqua Desktop PC, Ryzen 7 9800X3D 4.7 GHz (5.2 GHz Turbo), NVIDIA RTX 5070 Ti 16GB, 2TB Gen4 NVMe SSD, 32GB DDR5 RAM 6000 RGB, 850W GOLD ATX 3 PSU, 360mm ARGB AIO , Wi-Fi, Win 11",0.0,0,False,ST-AQUA-2034-BL-AL,2099.99,Skytech,False
9SIB74MKE78866,desktop,"KAMRUI Mini Computer 4K Mini PC Intel 12th Alder Lake N95 (up to 3.4GHz) Mini PC,16GB RAM 512GB M.2 SSD, Windows 11 Pro, 4K UHD, WiFi5",0.0,0,False,CMNE2000SUS1650,198.0,Kamrui,False
9SIAKVUKMX6135,desktop,Dell Pro QCS1250 Slim PC - Intel Core i5 14th Gen i5-14500 - 16 GB - 512 GB SSD - Windows 11 Pro - Intel DDR5 SDRAM - 180W  M1XXF,0.0,0,False,M1XXF,631.0,DELL,False
83-151-730,desktop,MSI Gaming Desktop PC Vision R AI 2NVP7-1612US Intel Core Ultra 7 265 32GB DDR5 2TB NVMe SSD GeForce RTX 5070 Windows 11 Home,4.4,45,False,Vision R AI 2NVP7-1612US,1699.0,MSI,False
9SIAKDCKGZ0343,desktop,Lenovo ThinkCentre M720 Small Form Factor Desktop Intel Core i5 8th Gen 8400 (2.80GHz) 16GB DDR4 512 GB SSD DVD-ROM Windows 11 Pro 64-bit,0.0,0,False,M720S516512MAR,244.99,Lenovo,True
9SIAHZNKE03245,desktop,"Lenovo ThinkCentre M720 Desktop Computer PC, Intel Pentium Gold G5400 3.70GHz, 16GB DDR4 Ram, 256GB SSD, Wi-Fi , BTO Keyboard & Mouse, Windows 11 Professional (Renewed)",0.0,0,False,WB-LE-G5400-16256P-4,162.22,Lenovo,True
9SIACAGJ631590,desktop,HP ProDesk 400G4 - Windows 11 Desktop Computer | Intel Core i5-8500T Six Core (4.3GHz Turbo) | 16GB DDR4 RAM | 500GB SSD Solid State + 1TB HDD | WiFi + Bluetooth | RGB Mouse + Keyboard,4.0,1,False,698869970956,290.16,HP,False
9SIAZEBG6A2615,desktop,IPASON - Gaming desktop - Upgrade from AMD Ryzen 5 5600G  6 core  up to 4.4GHz - 16GB DDR4 3200MHz - 1TB M.2 NVMe - 550W PSU - Windows 11 home - WIFI - Gaming PC,4.1,95,False,EGGA89600,469.0,IPASON,False
3D5-002N-000C6,desktop,AVGPC Whirlwind Gaming PC | AMD Ryzen 7 7800X3D | Nvidia Geforce RTX 5070| 32GB 6000MHz DDR5 | 2TB NVME M.2 SSD | 360MM AIO Liquid Cooling | WiFi/AC | Windows 11 Home Black White,4.3,52,False,AV-WW-R73D-5070-W,1749.0,AVGPC,False
9SIA6ABJA27878,desktop,Dell OptiPlex 7060 5060 3060 SFF Desktop - 8th Gen Intel Hexa-Core (6 Cores) i7-8700 up to 4.60 GHz 16 GB DDR4 512 GB M.2 SSD + 1TB HD DVD-R WiFi/BT Windows 11 Pro,2.3,3,False,Dell.5060.i7_23,474.99,DELL,True
3D5-000D-001W1,desktop,"Cobratype Canebrake Gaming PC - AMD Ryzen 5 5600G, AMD Radeon Vega 7 Graphics, 16GB DDR4 RAM, 512GB NVMe, Windows 11 Home - Gaming Desktop",4.5,14,False,CanebrakeWarrior,472.99,Cobratype,False
9SIBJ6VJJY7998,desktop,"Mini PC Celeron N4020(up to 2.8GHz), Windows 10 DDR4 4GB/64GB eMMC Mini PC Fanless UHD 4k@60Hz, Mini Computer Support HDMI&VGA, USB3.0, 2.4/5.8G Wi-Fi, DIY NGFF 2242 SSD",4.7,26,True,N4001US,119.0,minisforum,False
9SIADG3KHN1806,desktop,"HP EliteOne 870 G9 All-in-One AIO Business Desktop Computer (27"" 2K Touchscreen, Intel 20-Core i7-14700, 32GB DDR5, 1TB SSD) Wi-Fi 6E, BO Audio, 5MP Webcam, KB&Mouse, Wolf Security, Win 11 Pro,2025",0.0,0,False,2025 HP EliteOne 870 G9 i7 32GB 1TB,1899.99,HP,False
9SIABX7KN84765,desktop,DELL Business Desktop OptiPlex 7060-MICRO Intel Core i5-8500T 16GB DDR4 256GB SSD Windows 11 Pro 64-bit,0.0,0,False,NE1-22217,279.99,DELL,True
9SIBM02KGT8952,desktop,Dell OptiPlex 7050 SFF Core i7 Desktop Computer 32GB RAM 512GB SSD Wi-Fi Windows 11 Pro,0.0,0,False,00764046445835,379.0,DELL,True
3D5-000D-00263,desktop,"Cobratype Venom Gaming PC - Ryzen 7 9800X3D, RTX 5090, 360mm AIO Liquid Cooler, 32 GB DDR5 RAM, 2 TB NVMe, Windows 11",4.2,29,False,Venom98X59,4599.99,Cobratype,False
9SIA1HJKDF8845,desktop,"Skytech Legacy Gaming PC Desktop, Ryzen 7 9800X3D 4.7 GHz (5.2 GHz Turbo), X670 Motherboard,NVIDIA RTX 5080 16GB GDDR7, 1TB Gen4 SSD, 32GB DDR5 6000, 1000W GOLD ATX 3.0, 360mm AIO , Wi-Fi, Win 11 Home",4.0,9,False,ST-LEGACY4-1615-B-AL,2699.99,Skytech,False
9SIA1HJKG06489,desktop,"Skytech Gaming Shadow Desktop PC, Ryzen 7 9700X 3.8 GHz (5.5GHz Turbo), AMD RX 9070 XT 16GB, 1TB NVMe SSD, 32GB DDR5 RAM 6000 RGB, 850W GOLD PSU, Wi-Fi, Win 11",5.0,1,False,ST-SHADOW4-2101-B-AL,1679.99,Skytech,False
9SIAHZNKKD7059,desktop,"Lenovo ThinkCentre M920 Desktop Tiny Computer PC Intel Core i5-8500 up to 3.50GHZ, 16GB DDR4 Ram,256GB SSD, 22Inch Monitor, Wi-Fi, Keyboard & Mouse, Windows 11 Pro",0.0,0,False,ZN91020251142,309.99,Lenovo,False
9SIA4P0KGK0738,desktop,iBUYPOWER Element 9 Black Gaming PC Desktop - Intel Core Ultra 5 225F - NVIDIA GeForce RTX 5060 8GB - 32GB DDR5 RGB - 2TB NVMe SSD - EBI5N5601,4.7,6,False,EBI5N5601,1199.99,iBUYPOWER,False
9SIA8VGK9J4687,desktop,"Dell OptiPlex 5060 - Windows 11 Desktop Computer | Intel i5-8500 Six Core (4.3GHz Turbo) | 16GB DDR4 RAM | 1TB SSD | WiFi + Bluetooth | RGB Mouse + Keyboard | 24"" 1080p Monitor",5.0,1,False,D5060SI5850016G1S_24M-Mk,415.0,DELL,False
3D5-000D-00221,desktop,"Cobratype Canebrake Gaming PC - AMD Ryzen 7 5700G, AMD Radeon 8 Vega Graphics, 16GB DDR4 RAM, 1TB NVMe, Windows 11 Home, GPU Ready - Gaming Desktop",3.9,9,False,Canebrake100,539.99,Cobratype,False
9SIA6ZPKD88767,desktop,"MSI All-in-One Computer Modern AM272P 1M-823US Intel Core 5 120U 16GB DDR5 1TB PCIe SSD 27"" Windows 11 Home 64-bit",5.0,7,False,Modern AM272P 1M-823US,856.46,MSI,False
83-420-018,desktop,STORMCRAFT Gaming PC WIZARD AMD Ryzen 7 7800X3D NVIDIA GeForce RTX 5080 – AI Powered 32GB DDR5 6000MHz RGB 2TB SSD 360mm AIO Windows 11 Home - WI780XDCC-580N1,4.3,4,False,WI780XDCC-580N1,2599.99,STORMCRAFT,False
83-100-048,desktop,"Thermaltake LCGS Vista i460T Gaming Desktop (Intel Core i7-14700F, ToughRam 32GB DDR5 5600MT/s RGB Memory, NVIDIA GeForce RTX 5060 Ti 8G, 1TB NVMe M.2, Wifi, Windows 11) V27B-B760-46T-LCS",0.0,0,False,V27B-B760-46T-LCS,1495.99,Thermaltake,False
83-304-070,desktop,CORSAIR VENGEANCE a7400 Series Gaming PC - Liquid Cooled AMD Ryzen 7 7800X3D CPU - NVIDIA GeForce RTX 5070 Graphics - 32GB CORSAIR VENGEANCE RGB DDR5 Memory,5.0,1,False,CS-9050134-NA,2049.99,Corsair,False
9SIAKDCK389006,desktop,DELL Business Desktop OptiPlex 7060-SFF Intel Core i5-8500 16GB DDR4 500 GB M.2 NVMe SSD Windows 11 Pro 64-bit,1.0,1,False,NE1-22222,253.9,DELL,True
9SIAHZNKJC2358,desktop,"HP EliteDesk 705 G4 Desktop Computer PC AMD Ryzen 5 Pro 2400GE upto 3.8GHz, 16GB DDR4 Ram 512GB SSD 24"" LED Wireless Keyboard & Mouse, Wi-Fi, Windows 11 Professional (Renewed)",0.0,0,False,MX-7/15/2025/305,279.99,HP,True
9SIBVKAKB93446,desktop,YEAH MAGIC Astral S1 Gaming Desktop AMD Ryzen 5 5600GT (6 core up to 4.6GHz) 16GB DDR4 3200MHz 1TB NVMe SSD 650W Gold PSU Windows 11 Home WIFI Gaming PC with 7 ARGB Fans,4.5,4,False,220067,499.0,yeah magic,False
3D5-000Z-00322,desktop,"Skytech Gaming Archangel Desktop PC, Ryzen 7 5700 3.7 GHz (4.6GHz),NVIDIA RTX 5050 8GB, 1TB NVMe SSD, 16GB DDR4 RAM 3200, 650W GOLD PSU, Wi-Fi, Win 11",0.0,0,False,ST-ARCH4-2334-W-AL,829.99,Skytech,False
9SIBPBAK3T9654,desktop,Higole Gole 2 Pro 5.5'' Mini PC Windows 11 Pro Intel Celeron N5095 WiFi 5 BT5.0 16GB LPDDR4 256GB eMMC 2500mAh Battery Dual 4K Video Output Mini PC with Screen Mini Computer With Fan Gigabit Ethernet,4.7,6,False,Gole 2 Pro 256GB WithBattery,249.0,Higole,False
9SIAKDCK631053,desktop,HP Business Desktop EliteDesk 800 G4-SFF Intel Core i7-8700 32GB DDR4 500GB PCIe SSD Windows 11 Pro 64-bit,0.0,0,False,J1-800G4SA06,333.99,HP,True
83-100-047,desktop,"Thermaltake LCGS Vista i460TS Gaming Desktop (Intel Core i7-14700F, ToughRam 32GB DDR5 5600MT/s RGB Memory, NVIDIA GeForce RTX 5060 Ti 8G, 1TB NVMe M.2, Wifi, Windows 11) V27S-B760-46T-LCS",0.0,0,False,V27S-B760-46T-LCS,1493.99,Thermaltake,False
9SIBZDCKH00496,desktop,"Gaming PC Desktop Computer, AMD Ryzen 5 5500 up to 4.2GHz, Radeon RX 550 4GB, 16G DDR4 RAM, 1TB NVME SSD, WiFi 5.0, Prebuilt Gaming PC Tower Computer with RGB Fan",0.0,0,False,AOV550,439.99,ZER-LON,False
1VK-001S-02V68,desktop,Asus NUC 15 Pro Plus RNUC15CRSU9089AU Desktop Computer - Intel Core Ultra 9 285H - 32 GB - 1 TB SSD - Mini PC - Silver - Intel Chip - Windows 11 Home - Intel Arc 140T Graphics DDR5 SDRAM - IEEE 802.11,5.0,1,False,RNUC15CRSU9089AU,1160.99,ASUS,False
9SIAK3JKHW8524,desktop,"HP EliteDesk 800 G2 Tiny Desktop Computer PC, Intel Quad Core i7-6700T upto 3.60GHz, 32GB DDR4 Ram, 1TB SSD, Built-in Wi-Fi , Keyboard & Mouse, Windows 11 Professional (Refurbished)",4.0,1,False,ZNi76321-0009,299.99,HP,True
83-360-783C,desktop,ABS Eurus Ruby Gaming PC - Windows 11 - AMD Ryzen 7 9800X3D - GeForce RTX 5090 - DLSS 4 - AI-Powered Performance - 32GB DDR5 6400MHz - 2TB M.2 NVMe SSD - ER9800X3D50903,0.0,0,False,ER9800X3D50903,3799.99,ABS,True
9SIA4P0KJN0761,desktop,"iBUYPOWER Element SE Gaming PC Desktop - AMD Ryzen 7 5700, NVIDIA GeForce RTX 5050 8GB, 16GB DDR4 Non-RGB RAM, 1TB NVMe SSD",4.7,6,False,ESA7N5501,899.99,iBUYPOWER,False
3D5-003F-00018,desktop,"ZOTAC MEK AI-Enhanced Gaming PC Desktop Computer - NVIDIA GeForce RTX 5090, AMD Ryzen 7 9700X 5.5GHz, 32GB DDR5 RGB, 2TB NVME M.2 SSD, 1300W 80+ GOLD PSU, WiFi 7, Windows 11 Home 64-bit",4.0,64,False,MEK5090A9700XBG5,4099.99,ZOTAC,False
9SIBPMFKCS3698,desktop,Lenovo IdeaCentre 3 Desktop Compact Tower Intel Core i5-14400 Intel UHD Graphics 730 16GB RAM 512GB SSD USB-A 2.0 USB-A 3.2 USB-C 3.2 HDMI Bluetooth Wi-Fi 6 Mouse & Keyboard Windows 11 Pro Grey,0.0,0,False,HC165122121724SUB,655.0,Lenovo,False
9SIAR0TKF96155,desktop,"HP OmniDesk Desktop AMD Ryzen 5, 16 GB;512 GB SSD  Windows 11 Home",0.0,0,False,B6AV8AA#ABA,519.99,HP,False
9SIB5FPKEC1657,desktop,"AVGPC FrostFire Creator Gaming PC AMD Ryzen 9 9900X3D, NVIDIA GeForce RTX 5070 Ti, 2TB nVME, 64GB RAM DDR5, 360mm Liquid Cooling, Win 11 Pro, White",4.3,52,False,AV-Frostfire-5070Ti-R9,2499.0,AVGPC,False
83-380-005,desktop,"Xidax X-6 Series Intel Core i9 14900KF (up to 6.0GHz), RX 9070XT 16GB, 2TB NVMe M.2 SSD, 32GB (2x16GB) RAM, Liquid cooling, Window 11 Home Onami White Gaming Desktop - Assembled & Serviced in Utah",0.0,0,False,16520,2199.99,XIDAX,False
9SIC1A0KH88696,desktop,"Tower Business Desktop Computer PC - Intel 14th Generation Core i7-14650HX 16 cores and 24 Threads, 16GB DDR4 3200 RAM, 1TB M.2 NVME SSD,Windows 11 Home,WiFiHDMI,RJ-45,Wired Keyboard & Mouse.",0.0,0,False,Core i7-14650HX/16G/1T,539.99,abytespark,False
9SIAK3JKCW7179,desktop,Dell OptiPlex 3070 SFF Business Desktop PC Computer | Intel hexa core i5 9500 Up to 4.40 GHz | 16GB DDR4 | 512GB PCIe NVMe SSD | HDMI | Windows 11 Pro 64-bit | Wireless keyboard and Mouse,0.0,0,False,D3070SI5950016G512NVMe11P -ED,399.99,DELL,True
9SIAR9NKN21069,desktop,"Allied Gaming Patriot Desktop PC: AMD Ryzen 5 5600G, AMD Radeon RX Vega 7 Graphics, 16GB DDR4 3600MHz, 500GB PCIe NVMe SSD, B450M Motherboard, 750 Watt Power Supply, ARGB Fans, WiFi Ready",0.0,0,False,PAT-5600G,799.99,Allied Gaming,False
9SIAE4NKFK7224,desktop,"Dell Vostro 3030 Desktop,Intel Core i3-14100 Processor,16GB DDR5,512GB SSD,Intel UHD Graphics,Wifi-AX,Dual Monitor Capable,Windows 11 Pro",0.0,0,False,VOST3030i316512SD11,599.99,DELL,False
9SIB11NKED2688,desktop,"Hoengager RTX 5070TI 16G Gaming PC Desktop - AMD Ryzen 7 7800X3D 8-Core 4.2 GHz, 32GB DDR5 RAM, 1TB PCIe +1TB SATA SSD, WiFi + BT, 850W PSU,240 AIO Liquid cooler, Win11 Pro -RGB Prebuilt Computer",4.7,22,True,CBDTHEOTW7800X3DLQ32G2T507T16GW11P,1949.99,Hoengager,False
9SIAFJ8KKP6509,desktop,"HP Z2 G9 Workstation - Intel Core i7 14th Gen i7-14700 - 16 GB - 512 GB SSD - Tower - Intel W680 Chip - Windows 11 Pro - Intel UHD Graphics 770 Graphics - Serial ATA/600 Controller - 0, 1 RAID Levels",0.0,0,False,A1NX0UT#ABA,1631.81,HP,False
9SIA1HJKP24691,desktop,"Skytech Gaming Chronos 3 Gaming PC, AMD Ryzen 7 7700X 4.5GHz, NVIDIA RTX 5070 12GB, 2TB Gen4 NVMe SSD, 32GB DDR5 RAM 6000, 650W GOLD PSU, 360 ARGB AIO, Wi-Fi, Win 11, Desktop",5.0,2,False,ST-CHRONOS3-2581-B-AL,1499.99,Skytech,False
9SIBWCHKP35073,desktop,Andromeda Insights V3 Elite 50 - RTX 5070 Ti 16GB GDDR7 | Ryzen 7 9800X3D 4.7 GHz (5.2 GHz Turbo Boost) | 32GB DDR5 6000MHz | 2TB Gen4 SSD | 850W Gold PSU | ARGB Fans | Wi-Fi + BT | Win 11,5.0,1,False,V3-RTX5070TI-9800X3D-2TB-32GB-850W-BLK,2149.99,Andromeda Insights,False
9SIAHZNKJV6060,desktop,"Lenovo ThinkCentre SFF Desktop Computer PC, Intel Quad Core i5-6500 upto 3.60GHz, 16GB DDR4 Ram, 1TB SSD, 24 Inch Monitor, NVIDIA GT1030, Wi-Fi, RGB Keyboard & Mouse, Windows 11 Professional",0.0,0,False,ZN-8/7/2025/1218,340.0,Lenovo,False
83-992-030,desktop,Cooler Master TD5 Pro Gaming Desktop PC Intel Core i9-14900KF NVIDIA GeForce RTX 4080 SUPER 32GB RAM 1 TB PCIe SSD Windows 11 Home (AYG-M6M9-N831S-N1),0.0,0,False,AYG-M6M9-N831S-N1R,1804.98,Cooler Master,True
9SIAKWUKG38449,desktop,"Dell Optiplex 7080 Small Form Desktop, Eight-Core i7 10700 2.9Ghz, 32GB DDR4, 512GB NVMe SSD, USB Type-C, DVD-RW, Windows 11 Pro",4.0,1,False,DPC-25359,529.99,DELL,True
9SIAJP0KN80785,desktop,"STGAubron Gaming Desktop PC, Radeon RX 580 8G Graphics, Intel Core i7 up to 3.9Ghz, 16G RAM, 1T SSD, 600M WiFi, BT 5.0, RGB Fan x6, Windows 11 Home",0.0,0,False,NEGNFBAB0BNC13G41-USVA11,474.99,STGAubron,False
9SIA8VGKBB7197,desktop,DELL Desktop Computer OptiPlex 3070-SFF Intel Core i5-8500 16GB DDR4 256GB SSD Windows 11 Pro 64-bit,0.0,0,False,J1-3070SA15,275.0,DELL,True
3D5-0007-00J62,desktop,"iBUYPOWER Slate Gaming PC Desktop - AMD Ryzen 7 8700F, AMD Radeon RX 6600 8GB, 16GB DDR5 RGB RAM, 1TB NVMe SSD",4.4,24,False,SBA7R6601,882.99,iBUYPOWER,False
9SIAKDCEEU1329,desktop,"HP EliteDesk 800 G2 Desktop, Intel Core i7 6700 3.4Ghz, 32GB DDR4 RAM, 1TB SSD Hard Drive, Windows 10 Pro",5.0,2,False,DPC-08944,217.44,HP,True
9SIA1HJKFF9087,desktop,"Skytech Azure Gaming PC Desktop, Ryzen 7 9700X 3.8 GHz (5.5GHz Turbo), NVIDIA RTX 5060 8GB, 1TB NVMe SSD, 32GB DDR5 RAM 6000 RGB, 850W GOLD ATX 3 PSU, 360mm ARGB AIO , Wi-Fi, Win 11,Montech XR",5.0,1,False,ST-AZURE3-2006-W-AL,1249.99,Skytech,False
9SIBPMFKCS3689,desktop,Lenovo IdeaCentre 3 Desktop Compact Tower Intel Core i5-14400 Intel UHD Graphics 730 32GB RAM 512GB SSD USB-A 2.0 USB-A 3.2 USB-C 3.2 HDMI Bluetooth Wi-Fi 6 Mouse & Keyboard Windows 11 Pro Grey,0.0,0,False,HC325122121724SUB,715.0,Lenovo,False
9SIAHZNKF93721,desktop,"HP ProDesk 600 G6 Tower Desktop PC, Intel Hexa Core i5-10th, 32GB DDR4 Ram, 1TB NVMe SSD, BTO Keyboard & Mouse, Built-in Wi-Fi, Windows 11 Professional (Renewed)",0.0,0,False,WNHTG6i531B4,502.22,HP,True
9SIB11NK147843,desktop,Hoengager Gaming PC -AMD Ryzen 7 9700X 8-Core 3.8 GHz-RTX 5060 8GB-32GB DDR5 RAM-1TB PCIe+1TB SATA SSD-360 Liquid Cooler -WIFI &Bluetooth-850W PSU -ARGB Fans-Win11 Pro prebuilt Gaming Desktop PC-White,5.0,5,False,CBDTHEOPW5700XLQ32G2T4068GW11P,1379.99,Hoengager,False
83-630-107,desktop,Yeyian Gaming Desktop PC Edge YPA-ED84F0C-56T1N AMD Ryzen 5 8400F 32GB DDR5 1TB SSD GeForce RTX 5060 Ti Windows 11 Home,0.0,0,False,YPA-ED84F0C-56T1N,979.99,YEYIAN,False
9SIAHZNKHF3230,desktop,"HP EliteDesk 800 G2 Tiny Desktop Computer PC, Intel Quad Core i5-6500T upto 3.10GHz, 16GB DDR4 Ram, 500GB HDD, Keyboard & Mouse, Windows 11 Professional (Refurbished)",0.0,0,False,ZNi5616500-0080,178.89,HP,True
9SIBMARKG03015,desktop,"VTG Gaming PC  Ryzen7 5700X , NVIDIA RTX4060 , 32GB DDR4 ,  1TB SSD NVMe ,  240 Liquid Cooler ,650W  PSU,  Wi-Fi, Windows 11 Home 64-bit, prebuilt gaming desktop",0.0,0,False,VTG 5700X-4060 2,1299.0,VTG,False
83-151-618,desktop,MSI Gaming Desktop PC Aegis RS2 AI C2NVP7-1445US Intel Core Ultra 7 265K 32GB DDR5 1TB NVMe SSD GeForce RTX 5070 Windows 11 Home Advance,4.5,60,False,Aegis RS2 AI C2NVP7-1445US,1739.0,MSI,False
9SIA1HJKFT4227,desktop,"Skytech Archangel Gaming PC Desktop, Intel i5 13400F 2.5 GHz (4.6GHz Turbo), NVIDIA RTX 5060 8GB, 1TB NVMe SSD, 32GB DDR5 RAM 6000 RGB, 650W GOLD PSU, Wi-Fi, Win 11",0.0,0,False,ST-ARCH4-2036-W-AL,999.99,Skytech,False
9SIAKDCK473525,desktop,HP Business Desktop EliteDesk 800 G4-SFF Intel Core i5-8500 16GB DDR4 256GB SSD Windows 11 Pro 64-bit,2.0,1,False,NE1-22254,211.71,HP,True
9SIAHZNKHP0703,desktop,"HP EliteDesk 800 G4 SFF RGB Desktop Computer, GeForce GT 1030 2GB, Intel Six Core i5-8500 up to 4.1GHz, 16GB DDR4 RAM, 512GB SSD, WiFi, BT, Windows 11 Pro",0.0,0,False,H800G4SI516G512G11P1030,310.0,HP,True
9SIAKWUK7F3975,desktop,"Dell OptiPlex 7010 SFF Plus Desktop PC, Intel Core i7-13700, 64GB RAM, 2TB NVMe SSD, USB TYpe-C, DisplayPort, Wifi, Bluetooth, Windows 11 Pro, Black",0.0,0,False,Dell.7010.SFF.Plus.i7.01,1221.99,DELL,False
83-151-682,desktop,MSI Gaming Desktop PC Aegis RS2 AI A2NVR7-1498US Intel Core Ultra 7 265K 32GB DDR5 2TB NVMe SSD GeForce RTX 5070 Ti Windows 11 Home,4.4,45,False,Aegis RS2 AI A2NVR7-1498US,2299.0,MSI,False
9SIA4R8KHZ7240,desktop,Dell Optiplex 7070 Tower Desktop Computer | Hexa Core Intel i5 (3.2) | 32GB DDR4 RAM | 1TB SSD Solid State | Windows 11 Professional  | Home or Office PC,0.0,0,False,698869724924,388.99,DELL,True
83-630-092,desktop,Yeyian Gaming Desktop PC YUMI AMD Ryzen 7 8700F 32GB DDR5 1TB SSD GeForce RTX 5060 Ti Windows 11 Home,4.1,346,False,YPA-YU87F0C-56T1N,1129.99,YEYIAN,False
3D5-000B-00308,desktop,"CLX SET Gaming Desktop - Intel Core i9 14900KF 3.2GHz 24-Core Processor, 64GB DDR5 Memory, GeForce RTX 5070 12GB GDDR7 Graphics, 2TB NVMe M.2 SSD, 6TB HDD, WiFi, Win 11 Home 64-bit",0.0,0,False,TGMSETRTU5204BM,2590.45,CLX,False
83-451-475,desktop,HP Business Desktop ProDesk 600 G6-SFF Intel Core i7-10700 32GB DDR4 1TB SSD Windows 11 Pro 64-bit,0.0,0,False,J1-600G6SA19,794.98,HP,True
9SIC1BEKGR7667,desktop,"HP EliteDesk 800 G2 Tiny Desktop Computer PC, Intel Quad Core i5-6500T upto 3.10GHz, 16GB DDR4 Ram, 500GB HDD, Keyboard & Mouse, Windows 11 Professional (Refurbished)",0.0,0,False,MX-7/2/2025/259,189.99,HP,True
9SIBPMFKJM1710,desktop,Dell ECT1250 Business Desktop Tower Intel Core Ultra 5-225 (Beat i7-14700) Intel UHD Graphics 64GB DDR5 RAM 2TB SSD Wi-Fi 6 BT 5.4 Wired KB and Mouse USB-C HDMI RJ-45 DP 1.4 Windows 11 Pro Black,0.0,0,False,HC640022080725,1049.0,DELL,False
9SIAKWUJZE5088,desktop,"Dell Optiplex 5080 Micro Form Factor Desktop, Intel Octa-Core i7 10700T 2.0Ghz, 32GB DDR4, 1TB NVMe M.2 SSD, USB Type C, Windows 11 Pro",0.0,0,False,DPC-19175,485.99,DELL,True
9SIAZEBJ427639,desktop,"IPASON Gaming PC AMD Ryzen7 9700X, Geforce RTX5060 Ti 16G, 1TB NVME SSD, 32GB DDR5 RAM , 650W GOLD PSU ,240MM AIO liquid cooler , MSI B650M , Windows 11 , WIFI, Prebuilt Gaming Pc New computer",4.4,107,False,EGG12600KF3070,1399.0,IPASON,False
9SIBVKAKBR6227,desktop,YEAH MAGIC Astral  S1 Gaming Desktop AMD Ryzen 5 5600GT 3.9GHz 16GB(8G*2) DDR4 3200 1T NVME SSD ARGB 7 Fans Win 11 Home Gamer Desktop Computer Office Work WIFI 6 650W Gold PSU Black,0.0,0,False,a220067,499.0,yeah magic,False
83-630-084,desktop,Yeyian Gaming Desktop PC YARI Intel Core Ultra 5 225F GeForce RTX 5070 – Ai Powered 32GB DDR5 6000MHz RGB 1 TB NVMe SSD Windows 11 Home - YPI-YA225FC-5701N,0.0,0,False,YPI-YA225FC-5701N,1329.99,YEYIAN,False
83-151-680,desktop,MSI Gaming Desktop PC Infinite ZS 9NVR-1482US AMD Ryzen 9 9900X3D 32GB DDR5 2TB NVMe SSD GeForce RTX 5070 Ti Windows 11 Pro,4.4,45,False,Infinite ZS 9NVR-1482US,2699.0,MSI,False
9SIA4R8KFK7052,desktop,"Intel NUC NUC7i5BNK Small Form Factor Home and Business Mini Desktop (Intel i5-7260U, 16GB RAM, 256GB PCIe SSD, WiFi, Bluetooth, Thunderbolt 3, 4k Support, Dual Monitor Capable, Win 10 Pro)",0.0,0,False,695924447651,178.99,Intel,False
9SIAE4NKKU2542,desktop,"MSI Cubi NUC Mini Desktop PC,Intel Core 7 150U,32GB DDR5,1TB SSD,Intel Graphics,Windows 11 Pro |Compact High Performance Home|Business PC",0.0,0,False,MSICUBINCORE7321TBSD11PRO,899.0,MSI,False
9SIC1BEKGX3908,desktop,"DELL OptiPlex Desktop Micro Computer Tiny PC Intel Quad Core i5-6500T upto 3.10GHz 32GB DDR4 RAM, 2TB Solid State Drive, Bto Keyboard & Mouse, 24"" LED Screen, Windows 11 Professional (Renewed)",5.0,2,False,WB-DE3050T-5,324.99,DELL,True
1VK-001S-02R83,desktop,Asus Chromebox 5a i5-1335U 8GB 128GB SSD S5081UN,0.0,0,False,CHROMEBOX5A-S5081UN,696.99,ASUS,False
9SIBM02KJ94956,desktop,Dell OptiPlex 7050 SSF Core i5 Desktop Computer 16GB RAM 240GB SSD Windows 11 Pro Wi-Fi,0.0,0,False,00764046445576,249.0,DELL,True
9SIAKDCK4B0246,desktop,DELL Business Desktop OptiPlex 7060 MICRO Intel Core i7-8700T 16GB DDR4 500 GB M.2 NVMe SSD Windows 11 Pro 64-bit,0.0,0,False,J1-7060MA04,319.09,DELL,True
9SIABVCKF95076,desktop,"Apple 2023 Mac Mini Desktop Computer M2 Pro chip with 10core CPU and 16core GPU, 16GB Unified Memory, 512GB SSD Storage, Gigabit Ethernet. Works with iPhone/iPad",0.0,0,False,APPMMMNH73LLA,594.95,Apple,True
9SIAHZNKJV5754,desktop,"Lenovo ThinkCentre SFF Desktop Computer PC, Intel Quad Core i5-6500 upto 3.60GHz, 32GB DDR4 Ram, 512GB SSD, NVIDIA GeForce GTX 1050Ti, Wi-Fi & Bluetooth, RGB Keyboard & Mouse, Windows 11 Professional",5.0,1,False,ZN-8/7/2025/1206,374.99,Lenovo,False
9SIAKF7KK78886,desktop,"ViprTech Stryker 4.0 Liquid-Cooled PC - AMD Ryzen 7 (4.4GHz Turbo), RTX 5060 8GB, 32GB DDR4 3200, 1TB NVMe SSD, WiFi BT, Win 11 Pro, RGB, Gaming Desktop Computer Prebuilt, Pink",1.0,1,False,R7-4060-32G-1T-L-Stryker-P,949.99,ViprTech,False
3D5-0007-00J46,desktop,iBUYPOWER Y40 PRO Black Gaming PC Desktop - AMD Ryzen 7 9700X - AMD Radeon RX 9070XT 16GB - 32GB DDR5 RGB - 1TB NVMe SSD - Y40BA7R97XT02,3.5,17,False,Y40BA7R97XT02,1699.99,iBUYPOWER,False
9SIC1BEKKD2558,desktop,"HP EliteDesk 800 G3 Tower Desktop Computer PC, Intel Quad Core i5-6500 upto 3.60GHz, 32GB DDR4 Ram,1TB SSD, NVIDIA GT1030, Wi-Fi, RGB Keyboard & Mouse, Windows 11 Professional",5.0,1,False,ZN82120251250,354.99,HP,False
9SIAHZNK5N4188,desktop,"Lenovo ThinkCentre M720s Small Form Desktop, Six Core i5 8500 3.0Ghz, 32GB DDR4, 256GB NVMe PCIe SSD, USB Type C, Windows 11 Pro",0.0,0,False,DPC-21514,318.89,Lenovo,True
9SIA4R8K6E7664,desktop,"HP EliteOne 800 G4 24"" FHD Touchscreen All in One Desktop Intel Hexa Core i5-8500 3.20GHz 8 GB DDR4 1TB HD DVDRW Windows 11 Pro",0.0,0,False,Elite1-800G4AIO.I5._103,514.99,HP,True
9SIB74MK503466,desktop,"KAMRUI Mini PC E1, Intel N95 12th Gen Processor Mini Desktop Computer, 12GB RAM 256GB SSD, Dual 4K HDMI Small PC, 2.4/5G WiFi, Bluetooth, Business/Office/HTPC",5.0,2,False,AK1Plus-N95+16+512=ACE,200.0,Kamrui,False
9SIAHZNKHU0752,desktop,HP Business Desktop ProDesk 600 G4-MINI/Tiny Intel Core i5-8500T 16GB DDR4 512 GB NVMe SSD Windows 11 Pro 64-bit Wireless Keyboard Mouse,5.0,3,False,H600G4TYI5850016G512NVMe11P -E,288.99,HP,True
9SIBM02JXF2893,desktop,Dell OptiPlex 9020 SFF Computer Desktop Intel Core i7 32GB Ram 1TB SSD Windows 11 Pro,4.5,2,False,007640464452,349.0,DELL,True
9SIABFSKF91484,desktop,"CLX Horus Gaming Desktop - AMD Ryzen 9 9950X 4.3GHz 16-Core Processor, 96GB DDR5 Memory, GeForce RTX 5080 16GB GDDR7 Graphics, 2TB NVMe M.2 SSD, 8TB HDD, WiFi, Win 11 Home 64-bit",0.0,0,False,TGMHORRTU5106BM,3899.99,CLX,False
9SIAKDCKBE2809,desktop,"HP EliteDesk 705 G4 Desktop Mini PC, Ryzen 5 Pro 2400GE 3.2Ghz, 16GB DDR4 RAM, 1TB NVMe M.2 SSD, Radeon Vega Graphics 11, USB Type C, WiFi, Windows 10 Pro",1.0,1,False,DPC-17364,176.87,HP,True
9SIAKDCHRV7000,desktop,Dell OptiPlex 9020 SFF Computer PC i7 4770 3.4Ghz NVIDIA GeForce GT 1030 2GB 16GB DDR3 RAM 512GB SSD Win 10 Pro WIFI with Gaming PC Keyboard & Mouse HAJAAN HC510 HDMI,5.0,1,False,d9020ssi716g512s1030,258.33,DELL,True
9SIAKDCK9C5823,desktop,"Lenovo ThinkCentre M920Q Tiny Desktop, Intel i5 8500T 2.1Ghz, 32GB DDR4, 1TB NVMe M.2 SSD, Windows 10 Pro",0.0,0,False,DPC-17313,283.33,Lenovo,True
9SIBWCHKG68535,desktop,Andromeda Insights Quasar Vector - RTX 5090 | Ryzen 7 9800X3D (5.2 GHz Turbo Boost) | 32GB DDR5 6000MHz | 2TB Gen4 SSD | 1200W Gold PSU | ARGB Fans | Wi-Fi + BT | Win 11 Home,5.0,1,False,V100-RTX5090-9800X3D-2TB-32GB-1200W-BLK,4499.99,Andromeda Insights,False
9SIAHZNK6K4529,desktop,"HP ProDesk RGB Gaming PC i5-6500 16GB Ram, 512GB SSD, 24"" LED Monitor Screen, NVIDIA GeForce GT 1030, BTO RGB Keyboard & Mouse, Windows 10 Professional (Renewed)",0.0,0,False,WB-HP-RGB-G2-66,309.99,HP,True
9SIBPMFKJM1725,desktop,Dell ECT1250 Business Desktop Tower Intel Core Ultra 5-225 (Beat i7-14700) Intel UHD Graphics 16GB DDR5 RAM 512GB SSD Wi-Fi 6 BT 5.4 Wired KB and Mouse USB-C HDMI RJ-45 DP 1.4 Windows 11 Home Black,0.0,0,False,HC165121080725SUB,699.0,DELL,False
83-230-894,desktop,CyberpowerPC Gaming Desktop PC GM70928 AMD Ryzen 7 7800X3D 32GB DDR5 1TB NVMe SSD GeForce RTX 5070 Windows 11 Home,0.0,0,False,GM70928,1514.99,CyberpowerPC,False
9SIAHZNKN74724,desktop,"Lenovo ThinkCentre M715q Desktop Tiny Computer PC AMD Ryzen 5 Pro 2400GE, 16GB DDR4 Ram,512GB SSD, Wi-Fi, Keyboard & Mouse, Windows 11 Pro (Renewed)",0.0,0,False,ZNSJ-11/07/2025-1077,221.11,Lenovo,True
83-360-671C,desktop,ABS Eurus Ruby Gaming PC - Windows 11 Home - Ryzen 7 9800X3D - GeForce RTX 5090 - DLSS 4 - AI-Powered Performance - 32GB DDR5 - 2 TB M.2 NVMe SSD - ER9800X3D5090,0.0,0,False,ER9800X3D5090,3849.99,ABS,True
9SIABFSKF91483,desktop,"CLX Horus Gaming Desktop - Intel Core Ultra 9 285K 3.7GHz 24-Core Processor, 96GB DDR5 Memory, GeForce RTX 5080 16GB GDDR7 Graphics, 2TB NVMe M.2 SSD, 8TB HDD, WiFi, Win 11 Home 64-bit",0.0,0,False,TGMHORRTU5103BM,3329.99,CLX,False
9SIAA0SKD62454,desktop,"HP Elite 805 G8 Desktop PC, AMD Ryzen 5 5650G Upto 4.4GHz, 16GB RAM, 512GB SSD, Windows 11 Pro",0.0,0,False,805G8R55G-16512nP,569.99,HP,False
9SIA1HJKF13609,desktop,"Skytech Archangel Gaming PC Desktop, Intel i7 14700F 2.1 GHz (5.3GHz Turbo), NVIDIA RTX 5060 Ti 16GB GDDR7, 2TB Gen4 NVMe SSD, 32GB DDR5 RAM 6000 RGB, 650W GOLD PSU, 360mm ARGB AIO , Wi-Fi, Win 11",0.0,0,False,ST-ARCH4-1892-W-AL,1399.99,Skytech,False
3D5-002N-000D6,desktop,"AVGPC Blizzard Gaming PC - Intel Core i9 11900KF, Intel Arc B580 GPU, 32GB DDR4, 1TB NVME M.2 SSD, 360mm Liquid Cooler, ARGB Fans, Wifi/AC, TD500 Mesh White Case, Windows 11",5.0,2,False,Blizzard-I9-B580,1099.99,AVGPC,False
83-630-086,desktop,Yeyian Gaming Desktop Phoenix Iron Mesh Intel Core Ultra 7 265KF GeForce RTX 5070 Ti – AI Powered PC 32GB DDR5 6000MHz RGB 2 TB NVMe SSD 240mm AIO Windows 11 Home- YPI-PM265YC-57T1N,0.0,0,False,YPI-PM265YC-57T1N,1729.99,YEYIAN,False
9SIC1BEKHF5667,desktop,Lenovo Desktop Computer ThinkCentre M920S-SFF Intel Core i5-8500 16 GB 256GB SSD Windows 11 Pro 64-bit,5.0,1,False,J1-M920SSA05,214.99,Lenovo,True
9SIAE4NKHA0641,desktop,"Lenovo Mini PC  Intel Core i7-13620H, 16GB DDR4, 1TB SSD, Intel UHD Graphics, Wi-Fi 6, Win 11 Pro, Dual Monitor Ready",0.0,0,False,LENIDMINIi7161TBSD11PROA,629.99,Lenovo,False
83-988-099,desktop,Dell Pro QCS1255 Slim PC - AMD Ryzen 5 8500G - 16 GB - 512 GB SSD - Windows 11 Pro - AMD DDR5 SDRAM - 180W   2HJ6F,0.0,0,False,2HJ6F,762.99,DELL,False
83-992-034,desktop,Cooler Master NR2 Pro Mini ITX - AMD RYZEN 7 7800X3D 4.2 GHz (5.0 GHz Turbo) | Gigabyte RTX 5070 12GB & B650I AORUS ULTRA | 32GB DDR5 6000MHz | 2TB Gen4 M.2 | WiFi | Windows 11 | 280mm AIO Gaming PC,0.0,0,False,AYG-M277-N67GAI32-N1,1799.99,Cooler Master,False
83-380-002,desktop,"Xidax X-6 Series AMD Ryzen 7 9800X3D (4.7GHz, up to 5.2GHz), NVIDIA GeForce RTX 5080 16G, 2TB NVMe M.2 SSD, 32GB (2x16GB) RAM, Window 11 Home Onami White Gaming Desktop - Assembled & Serviced in Utah",4.0,3,False,16509,2665.99,XIDAX,False
83-380-012,desktop,"Xidax X-6 Intel Core i7 14700KF 3.4GHz (up to 5.6GHz), NVIDIA GeForce RTX 5060Ti 16G, 2TB NVMe M.2 SSD, 32GB (2x16GB) RAM, Windows 11 Home Onami White Gaming Desktop - Assembled & Serviced in Utah",0.0,0,False,16572,1631.99,XIDAX,False
9SIC1BEKGR7665,desktop,"HP EliteDesk 800 G2 Tiny Desktop Computer PC, Intel Quad Core i5-6500T upto 3.10GHz, 32GB DDR4 Ram, 500GB HDD, Keyboard & Mouse, Windows 11 Professional (Refurbished)",0.0,0,False,MX-7/2/2025/245,234.99,HP,True
83-360-834C,desktop,ABS Cyclone Ruby Gaming PC - Windows 11 - AMD Ryzen 7 9700X - GeForce RTX 5060 - DLSS 4 - AI-Powered Performance - 32GB DDR5 6000MHz - 1TB M.2 NVMe SSD - CR9700X5060,0.0,0,False,CR9700X5060,1099.99,ABS,True
83-151-596,desktop,"MSI Aegis ZS2 (Tower) Gaming Desktop, AMD R9-9900X, GeForce RTX 5080, DDR5 6000 64GB Memory (32GB X 2) , 2TB NVMe SSD, Liquid CPU Cooling, USB Type-C, VR-Ready, Windows 11 Home",3.9,11,False,Aegis ZS2 C9NVV-1277US,2999.0,MSI,False
9SIAKWUK1Y6079,desktop,"Dell Optiplex 3080 Micro Form Factor Desktop, Intel Six-Core i5 10500T 2.3Ghz, 32GB DDR4, 512GB NVMe M.2 SSD, Windows 11 Pro",0.0,0,False,DPC-19044,399.99,DELL,True
9SIAHZNKJV6083,desktop,"Lenovo ThinkCentre SFF Desktop Computer PC, Intel Quad Core i5-6500 upto 3.60GHz, 32GB DDR4 Ram, 1TB SSD, 22 Inch Monitor, NVIDIA GT1030, Wi-Fi, RGB Keyboard & Mouse, Windows 11 Professional",3.0,1,False,ZN-8/7/2025/228,382.22,Lenovo,False
9SIA4R8KD69235,desktop,DELL Business Desktop OptiPlex 5060-SFF Intel Core i7-8700 32GB DDR4 500GB PCIe SSD Windows 11 Pro 64-bit,5.0,4,False,J1-5060SA06,387.0,DELL,True
3D5-000Z-002N5,desktop,"Skytech Shadow Gaming PC Desktop, Intel i5 14400F 2.5 GHz (4.7GHz Turbo), NVIDIA RTX 5060 8GB, 1TB NVMe SSD, 16GB DDR5 RAM 6000, 650W GOLD PSU, Wi-Fi, Win 11",4.5,2,False,ST-SHADOW4-1932-B-AL,1063.99,Skytech,False
9SIBPMFKJM1728,desktop,Dell ECT1250 Business Desktop Tower Intel Core Ultra 5-225 (Beat i7-14700) Intel UHD Graphics 16GB DDR5 RAM 1TB SSD Wi-Fi 6 BT 5.4 Wired KB and Mouse USB-C HDMI RJ-45 DP 1.4 Windows 11 Pro Black,0.0,0,False,HC160012080725SUB,769.0,DELL,False
9SIA1HJKFT4356,desktop,"Skytech Archangel Gaming PC Desktop, Ryzen 7 5700 3.7 GHz (4.6GHz Turbo), NVIDIA RTX 5060 8GB, 1TB NVMe SSD, 32GB DDR4 RAM 3200, 650W GOLD PSU, Wi-Fi, Win 11",0.0,0,False,ST-ARCH4-2044-W-AL,949.99,Skytech,False
9SIBM02KG55796,desktop,Dell OptiPlex 7040 MT Core i7 Desktop Computer 32GB RAM 1TB SSD Windows 11 Wi-Fi,0.0,0,False,00764046445705,379.0,DELL,True
9SIAE4NKH44499,desktop,Dell OptiPlex 7020 Tower | Intel Core i7-14700 | 32GB DDR5 | 1TB SSD | DVD-RW | Dual Monitor Support | Windows 11 Pro,0.0,0,False,OPTIMT7020i7321TBS11PRA,1289.99,DELL,False
9SIAHZNKG57960,desktop,"HP EliteDesk 800 G4 Desktop Mini PC i5 8500 3.0Ghz, 16GB DDR4 RAM, 512GB NVMe M.2 SSD, USB Type C, WiFi, Windows 11 Pro",0.0,0,False,DPC-25411,288.89,HP,True
9SIAHZNKKU2387,desktop,"Dell OptiPlex Desktop Tower Computer PC Intel Quad Core i5-6500 up to 3.60GHz, 32GB DDR4 Ram 1TB SSD, Wi-Fi, Keyboard & Mouse, Windows 11 Pro (Renewed)",0.0,0,False,Zn92620251107,282.22,DELL,True
9SIAHZNKJC2341,desktop,"HP EliteDesk 705 G4 Desktop Computer PC AMD Ryzen 5 Pro 2400GE upto 3.8GHz,16GB DDR4 Ram 256GB SSD Wireless Keyboard & Mouse, Wi-Fi Adapter, Windows 11 Professional (Renewed)",0.0,0,False,MX-7/15/2025/238,177.99,HP,True
9SIAE4NKFK7183,desktop,"Dell Vostro 3030 Desktop,Intel Core i7-14700 20-Core Processor,32GB DDR5,512GB SSD,Intel UHD Graphics,Wifi-AX,Dual Monitor Capable,Windows 11 Pro",0.0,0,False,VOST3030i732512SD11,1029.0,DELL,False
9SIB0GJKE02630,desktop,"Lenovo ThinkCentre Neo 50a Business All-in-One, 23.8"" FHD Anti-Glare Display, Intel Core i7-13620H, 32GB DDR5 RAM, 1TB SSD, Wired KB & Mouse, HDMI, RJ-45, Webcam, Wi-Fi 6, Windows 11 Pro, Black",0.0,0,False,THINKCENTRE7039_CTO_N1-C,1089.0,Lenovo,False
9SIAE4NKE11708,desktop,MSI Desktop Computer Cubi NUC 1MG-015US Intel Core 7 150U 32GB DDR5 1TB PCIe SSD Windows 11 Home 64-bit,5.0,1,False,Cubi NUC 1MG-015US,849.99,MSI,False
83-151-692,desktop,MSI Gaming Desktop PC Codex R2 AI B2NVL5-466US Intel Core Ultra 5 225 16GB DDR5 2TB NVMe SSD GeForce RTX 5060 Windows 11 Home,0.0,0,False,Codex R2 AI B2NVL5-466US,1049.0,MSI,False
9SIAE4NKHS3949,desktop,Lenovo ThinkCentre M75q Gen 2 - tiny Ryzen 5 Pro 5650GE 3.4 GHz - 1 (11JN0089US),0.0,0,False,11JN0089US,549.99,Lenovo,False
9SIAJP0KCY8062,desktop,"Dell OptiPlex 7060 Micro Desktop Business PC, Intel Core i5-8500T 2.1GHz, 16GB, 512GB SSD, USB Type-C, Windows 11 , Black",0.0,0,False,NERRFBAB0CC5FS6DJ-UT,262.98,DELL,False
9SIAHZNKE07819,desktop,"Lenovo M800/M900 Desktop Computer PC, Intel Quad Core i5-6500 upto 3.60GHz, 16GB DDR4 Ram, 1TB HDD, Built-in Wi-Fi, 22 in LED Monitor, BTO Keyboard & Mouse, Windows 11 Pro (Renewed)",0.0,0,False,WB-LEM89-i56-161H22inP-3,219.99,Lenovo,True
9SIC0E9KJE5799,desktop,Dell Pro Micro QCM1250 Desktop - Intel Core Ultra 5 235T - 16GB - 512GB SSD - Micro PC - Intel Chip - Windows 11 Pro - IEEE 802.11ax - 90W   VD5D2,0.0,0,False,VD5D2,799.0,DELL,False
9SIAKDCK7F2158,desktop,HP Business Desktop EliteDesk 800 G4-MINI Intel Core i5-8500T 8GB DDR4 256GB PCIe SSD Windows 11 Pro 64-bit,2.5,2,False,J1-800G4MA01,179.99,HP,True
9SIAZEBKJF4436,desktop,IPASON   Gaming desktop    AMD Ryzen 7 5700G (up to 4.6GHz)   16GB DDR4 3200MHz    1TB M.2 NVMe    550W PSU    Windows 11 home    WIFI    Gaming PC,0.0,0,False,EGG5700G 2,429.0,IPASON,False
9SIA4P0KMZ8269,desktop,"iBUYPOWER Slate Gaming Desktop - Intel Core i7 14700F, NVIDIA GeForce RTX 4060 8GB, 32GB DDR5 RGB RAM, 1TB NVMe SSD _SMI7N4601",0.0,0,False,SMI7N4601,1099.99,iBUYPOWER,False
9SIAKWUJBU4649,desktop,DELL Business Desktop OptiPlex 5070-SFF Intel Core i7 9th Gen 9700 (3.00GHz) 32GB DDR4 1 TB PCIe SSD Windows 11 Pro 64-bit,0.0,0,False,DTDELL-036,453.99,DELL,True
83-360-785C,desktop,ABS Eurus Ruby Gaming PC - Windows 11 - AMD Ryzen 7 9800X3D - GeForce RTX 5080 - DLSS 4 - AI-Powered Performance - 32GB DDR5 6400MHz - 2TB M.2 NVMe SSD - ER9800X3D50805,0.0,0,False,ER9800X3D50805,2549.99,ABS,True
9SIBN7HJZD8938,desktop,"HP EliteDesk 800 G4, Mini Desktop, Intel Core i5-8500T, 2.10 GHz, 16GB RAM, 512GB SSD, Windows 11 Pro- Grade A",0.0,0,False,4HQ34UT-R1,279.0,HP,True
9SIAJP0KKJ6623,desktop,"STGAubron Gaming PC Computer Desktop, Intel Core i5-9400F up to 4.1Ghz, GeForce GTX 750 Ti 4G Graphics, 16G DDR4 RAM, 512G SSD, WIN11H",0.0,0,False,NEGNFBAB0FCYNJ54S-US,427.49,STGAubron,False
9SIABFSKF91482,desktop,"CLX SET Gaming Desktop - Intel Core i9 14900KF 3.2GHz 24-Core Processor, 64GB DDR5 Memory, GeForce RTX 5080 16GB GDDR7 Graphics, 2TB NVMe M.2 SSD, 4TB HDD, WiFi, Win 11 Home 64-bit",4.0,1,False,TGMSETRTU5101BM,3249.99,CLX,False
9SIA0ZXKDA8113,desktop,Lenovo ThinkCentre neo 50s Gen 5 12XF000WUS Desktop Computer - Intel Core i5 14th Gen i5-14400 - 16 GB - 512 GB SSD - Small Form Factor - Black - Intel Chip - Windows 11 Pro 64-bit - Intel UHD Graphic,0.0,0,False,12XF000WUS,727.6,Lenovo,False
9SIAJP0KCY8058,desktop,"Dell Optiplex 5060 Desktop Computer | Hexa Core Intel i7 (3.2) | 32GB DDR4 RAM | 1TB SSD Solid State | Windows 11 Professional | Home or Office PC , Black",0.0,0,False,NERRFBAB0C6QY8QSY-UT,399.98,DELL,False
9SIBJ6VKBD4206,desktop,"MINISFORUM MS-01 Mini Workstation Core i9-12900H 32GB RAM 1TB SSD Mini PC, HDMI+2X USB4 8K Display, 2x10G SFP+ Port, 2x2.5G LAN Port, Support M.2 2280/22110/U.2 SSD/RTX 3050 Graphics Cards",3.0,2,False,MS01S129031US,639.0,minisforum,False
9SIAA0SKD62453,desktop,"HP Elite 805 G8 Desktop PC, AMD Ryzen 5 5650G Upto 4.4GHz, 8GB RAM, 256GB SSD, Windows 11 Pro",0.0,0,False,805G8R55G-8256nP,499.99,HP,False
9SIAHZNKE03226,desktop,"Lenovo ThinkCentre M720 Desktop Computer PC, Intel Pentium Gold G5400 3.70GHz, 8GB DDR4 Ram, 500GB HDD, Wi-Fi , BTO Keyboard & Mouse, Windows 11 Professional (Renewed)",0.0,0,False,WB-LE-G5400-8500P-1,137.78,Lenovo,True
83-151-705,desktop,"MSI Desktop PC, TAA Compliant PRO DP180 14ANVL-1021US Intel Core i7-14700F 32GB DDR5 2TB SSD Windows 11 Pro",0.0,0,False,PRO DP180 14ANVL-1021US,1499.99,MSI,False
83-151-709,desktop,"MSI Desktop PC, TAA Compliant PRO DP180 14ANVL-1023US Intel Core i5-14400 32GB DDR5 1TB SSD Windows 11 Pro",0.0,0,False,PRO DP180 14A-1025US,799.99,MSI,False
9SIAKDCKBE9047,desktop,HP Desktop PC 400 G6-SFF Intel Core i5-8500 16GB 512GB SSD Windows 11 Pro,0.0,0,False,J1-400G6SA29,206.11,HP,True
9SIAKWUK4B2075,desktop,"Dell Optiplex 5070 Micro Form Factor Desktop, Intel Eight-Core i7 9700T 2.0Ghz, 32GB DDR4, 512GB NVMe M.2 SSD, USB Type C, WiFi, Windows 11 Pro",0.0,0,False,DPC-21288,435.99,DELL,True
9SIAKDCHAY3849,desktop,DELL Business Desktop OptiPlex 7050-SFF Intel Core i7-7700 32GB DDR4 1TB SSD Windows 10 Pro 64-bit,3.9,8,False,NE1-22100,233.89,DELL,True
9SIAKDCKGZ0364,desktop,DELL Business Desktop OptiPlex 3060-MICRO Intel Core i5-8400T 8GB DDR4 256GB SSD Windows 11 Pro 64-bit,0.0,0,False,NE1-22204,193.89,DELL,True
9SIAHZNKH31526,desktop,"HP 800 G2 Tower Desktop Computer PC, Intel Quad Core i5-6500 upto 3.60GHz, 16GB DDR4 Ram, 256GB SSD + 1TB HDD, Built-in Wi-Fi & Bluetooth, Wireless Keyboard & Mouse, Windows 11 Professional (Renewed)",0.0,0,False,ZNi56162561-001,209.99,HP,True
9SIAK3JJNE0698,desktop,"Dell Optiplex 3050 SFF Business Desktop Computer, Intel Quad-Core i7-6700 Upto 4.00GHz, 16GB DDR4 RAM, 1TB SSD, Display Port, HDMI, Wifi, Windows 10 Pro 64Bit (Renewed)",3.7,21,False,D3050S10PI7670016G1S,249.99,DELL,False
9SIB5FPKHM7384,desktop,AVGPC Hellfire Gaming PC AMD Ryzen 7 9700X ; Nvidia RTX 5070 12GB; 32GB DDR RAM; 1 TB NVME M.2 SSD; 360mm AIO Liquid Cooler; ARGB Fans; WiFi/AC ; Dual Chamber Case; Windows 11 Home,4.5,6,False,AV-Hellfire-97X-5070,1699.0,AVGPC,False
9SIABFSKGA8460,desktop,"CLX SET Gaming Desktop - AMD Ryzen 9 9900X 4.4GHz 12-Core Processor, 32GB DDR5 Memory, GeForce RTX 5070 Ti 16GB GDDR7 Graphics, 2TB NVMe M.2 SSD, WiFi, Win 11 Home 64-bit",0.0,0,False,TGMSETRTU5303WM,2159.99,CLX,False
9SIABFSK5R6062,desktop,"CLX HORUS Gaming Desktop - Intel Core i9 14900KF 3.2GHz 24-Core Processor, 64GB DDR5 Memory, GeForce RTX 4090 24GB GDDR6X Graphics, 2TB NVMe M.2 SSD, 6TB HDD, WiFi, Win 11 Home 64-bit",4.4,5,False,TGMHORRTZ3A04WM,4799.99,CLX,False
9SIBM02KJ60707,desktop,Dell OptiPlex MT Desktop Computer Intel Core i7 32GB Ram 240 SSD + 2TB HDD Wi-Fi Windows 11Pro,0.0,0,False,00764046445934,299.0,DELL,True
9SIA4P0KGE1932,desktop,iBUYPOWER Element 9 Black Gaming PC Desktop - Intel Core Ultra 9 285K - NVIDIA GeForce RTX 5070Ti 16GB - 32GB DDR5 RGB - 2TB NVMe SSD - EBI9N57T01,4.7,17,True,EBI9N57T01,2299.99,iBUYPOWER,False
9SIC1BEKK66154,desktop,"Dell OptiPlex 3040 Tiny Desktop PC, Intel Quad Core i5-6500 6th Gen. Processor up to 3.10 GHz, 16GB DDR4 Ram, 512GB SSD, Keyboard & Mouse, Wi-Fi, Windows 11 Professional (Renewed)",1.0,1,False,ZN-8/18/2025/116,219.99,DELL,True
9SIBM02KJ96986,desktop,Dell OptiPlex 3010 DT Desktop Computer 16GB Ram 240GB SSD + 1TB HDD Windows 11 Pro Wi-Fi,0.0,0,False,00764046445460,179.0,DELL,True
9SIAKWUJBR5461,desktop,"Dell OptiPlex 7070 Mini PC, Intel Core i5-8600 Upto 4.3GHz, 16GB RAM, 256GB NVMe SSD, DisplayPort, Wi-Fi, Bluetooth, Windows 11 Pro",0.0,0,False,Opti7070i5-16256nEP,307.99,DELL,False
83-420-023,desktop,STORMCRAFT Gaming PC WIZARD AMD Ryzen 7 9800X3D NVIDIA GeForce RTX 5090 – AI Powered 32GB DDR5 6000MHz RGB 2TB SSD 360mm AIO Liquid Cooling Windows 11 Home - WI980XDCC-590N1,4.3,4,False,WI980XDCC-590N1,5599.99,STORMCRAFT,False
9SIBPMFKMT1032,desktop,"Lenovo IdeaCentre,Intel Core i5-14400 Processor,16GB DDR4,512GB SSD,Intel UHD Graphics,Dual Monitor Capable,Windows 11 Pro",0.0,0,False,LENIDC3i516512SDPROZ,646.0,Lenovo,False
9SIAKDCKAZ5380,desktop,"Dell Optiplex 5070 Small Form Desktop, Intel 6-Core i5 9500 3.0Ghz, 16GB DDR4, 1TB NVMe PCIe M.2 SSD, USB Type C, Windows 11 Pro",0.0,0,False,DPC-21179,289.08,DELL,True
83-100-059,desktop,"Thermaltake LCGS Vista i47TS Gaming Desktop (Intel Core i7-14700KF, ToughRam 32GB DDR5 5600MT/s RGB Memory, NVIDIA GeForce RTX 4070 Ti Super, 2TB NVMe M.2, Wifi, Windows 11) V27S-B760-7TS-LCS",0.0,0,False,V27S-B760-7TS-LCS,1977.99,Thermaltake,False
9SIA1HJKF43984,desktop,"Skytech Azure Gaming PC Desktop, Ryzen 7 9800X3D 4.7 GHz (5.2 GHz Turbo), AMD RX 9070 XT 16GB, 2TB Gen4 NVMe SSD, 32GB DDR5 RAM 6000 RGB, 850W GOLD ATX 3 PSU, 360mm ARGB AIO , Wi-Fi, Win 11",3.0,1,False,ST-AZURE3PLUS-1904-B-AL,1999.99,Skytech,False
83-988-061,desktop,Dell Pro Micro QCM1250 Desktop - Intel Core Ultra 7 265T - vPro Technology - 32GB - 512GB SSD - Micro PC - Intel Chip - Windows 11 Pro - IEEE 802.11ax - 90W  KPH02,0.0,0,False,KPH02,1316.99,DELL,False
9SIB11NKM35465,desktop,"Hoengager Gaming PC AMD Ryzen 5 5500 3.6GHz, RX 6500 XT 4GB, 16GB DDR4 3200 RAM, 1T SSD,RGB Fans, WIFI &Bluetooth ,Win 11 Pro Ready Prebuilt Desktop Computer-White",4.8,12,False,DTHEKGW5500AC16G1T650XT4GW11P,639.99,Hoengager,False
83-100-055,desktop,"Thermaltake LCGS Vista R66 Gaming Desktop (AMD Ryzen 5 5600, ToughRam 16GB DDR4 3600Mhz RGB Memory, AMD Radeon RX 6600, 1TB NVMe M.2, Wifi) V17S-B550-R66-LCS",5.0,5,False,V17S-B550-R66-LCS,795.51,Thermaltake,False
9SIC145KK97192,desktop,"Kroteaup Gaming PC Computer Desktop,AMD Ryzen 5 5500 up to 4.2GHz, Radeon RTX 2060 8G, 16G DDR4, TB SSD, WiFi 6, RGB Fan x4, Windows 11 Home",0.0,0,False,523558851102,599.99,Generic Brand,False
83-151-385,desktop,"MSI All-in-One Computer PRO AP242P 14M-641US Intel Core i7-14700 32GB DDR5 1TB PCIe SSD 23.8"" Windows 11 Pro 64-bit",5.0,1,False,PRO AP242P 14M-641US,1149.0,MSI,False
9SIA7ABKKE3857,desktop,"Dell Pro Micro AI Business Mini Desktop (Intel Ultra 5-235T, Intel Graphics, 32GB DDR5, 512GB M.2  PCIe SSD, WiFi 6E, Bluetooth 5.3, 90W PSU, RJ-45, 1 Display Port, 1 x HDMI 2.1, Win 11 Pro)",0.0,0,False,ME-243400347001,1202.0,DELL,False
9SIAHZNK5M7277,desktop,Lenovo Business Desktop ThinkCentre M720s-SFF Intel Core i5-8500 16GB DDR4 256 GB M.2 NVMe SSD Windows 11 Pro 64-bit,0.0,0,False,NE1-22267,287.78,Lenovo,True
9SIA6ZPKFV1987,desktop,"MSI Infinite (Tower) Gaming Desktop ,Intel Ultra9 285K, GeForce RTX 5090 Liquid, DDR5 6000 64GB(32GB*2), Gen 5 2TB M.2 NVMe, 360  Liquid Cooling, 1300W, USB Type-C, VR-Ready, Windows 11 Pro High-End",0.0,0,False,Infinite RS AI 2NVZ9-1291US,6163.35,MSI,False
9SIAKDCKBE9045,desktop,HP ProDesk 400 G6 SFF Desktop Intel Core i5-9500 3.00 GHz 16GB DDR4 256 GB SSD Windows 11 Pro 64-bit,0.0,0,False,J1-400G6SA16,215.0,HP,True
9SIA6ABJHJ5446,desktop,Lenovo ThinkCentre M720s SFF Desktop - 8th Gen Intel Hexa-Core (6 Cores) i5-8500 up to 4.10 GHz 32 GB DDR4 512 GB M.2 SSD + 1TB HD DVD-R WiFi/BT Windows 11 Pro,5.0,1,False,Lenovo.M720s.i5_24,484.95,Lenovo,True
9SIBVKAKDZ4166,desktop,"YEAH MAGIC Arcane Z1 Gaming Desktop, Ryzen 7 5700X, NVIDIA RTX 5060 ,32GB DDR4 RAM, 1TB M.2 NVMe SSD ,Windows 11 home,WIFI, Liquid Cooler , ARGB Fans , Pc for Gaming Design Office , Prebuilt Gaming Pc",5.0,2,False,2200137,939.0,yeah magic,False
9SIAKWUK1A8190,desktop,"Dell Optiplex 5070 Small Form Desktop, Intel Eight-Core i7 9700 3.0Ghz, 16GB DDR4, 512GB NVMe PCIe M.2 SSD, USB Type C, Windows 11 Pro",0.0,0,False,DPC-21207,412.99,DELL,True
9SIAHZNKH13857,desktop,"HP ProDesk 600 G6 Tower Desktop PC, Intel Hexa Core i5-10500 10th Gen. Processor up to 4.50 GHz, 16GB DDR4 Ram, 256GB Nvme,24 Inch Monitor,Keyboard & Mouse, Built-in Wi-Fi, Windows 11 Professional",0.0,0,False,ZNi5101625624,443.33,HP,False
83-151-755,desktop,MSI Gaming Desktop PC Codex R2 B14NVK5-604US Intel Core i5-14400F 16GB DDR5 1TB NVMe SSD GeForce RTX 5050 Windows 11 Home,0.0,0,False,Codex R2 B14NVK5-604US,799.0,MSI,False
9SIAHZNKAR9987,desktop,"DELL OptiPlex Desktop Micro Computer Tiny PC Intel Quad Core i5-6500T upto 3.10GHz 16GB DDR4 RAM, 512GB Solid State Drive , Bto Keyboard & Mouse, Windows 11 Professional (Renewed)",0.0,0,False,WB-DE3050T-2,216.67,DELL,True
83-380-029,desktop,Xidax Gaming Desktop PC X-6 Series X-6 RTX 5060Ti 16GB + i7 14700F Xen Black Intel Core i7-14700F 32GB DDR5 2TB NVMe SSD GeForce RTX 5060 Ti Windows 11 Home,0.0,0,False,16978,1249.99,XIDAX,False
83-360-770C,desktop,ABS Eurus Ruby Gaming PC - Windows 11 - AMD Ryzen 7 9800X3D - GeForce RTX 5070 Ti - DLSS 4 - AI-Powered Performance - 32GB DDR5 6000MHz - 2TB M.2 NVMe SSD - ER9800X3D5070TI3,1.0,1,False,ER9800X3D5070TI3,1999.99,ABS,True
9SIBTVHKP51398,desktop,"MINIHYPER Mini PC, Micro PC 16GB RAM 512GB SSD | Intel 12th N95 (up to 3.4GHz) Mini Computer W11 Pro, USB3.0, Small Desktop PC N95 Support 4K UHD Dual HDMI, BT5.1, Dual Band WiFi",0.0,0,False,3288756,149.99,MINIHYPER,False
83-100-046,desktop,"Thermaltake LCGS Quartz i460 R4 Gaming Desktop (Intel Core i5-13400F, ToughRam DDR4 3600Mhz 16GB RGB Memory, NVIDIA GeForce RTX 4060, 1TB NVMe M.2, Windows 11) S2QT-B66R-460-LCS",5.0,2,False,S2QT-B66R-460-LCS,899.99,Thermaltake,False
9SIAHZNKEJ8574,desktop,"HP EliteDesk 800 G6 Tiny Desktop Mini PC Intel Hexa Core i5-10th, 16GB DDR4 Ram, 512GB NVMe SSD, Wireless Keyboard & Mouse, Built-in Wi-Fi, Windows 11 Professional (Renewed)",0.0,0,False,WNHPTG6i5652,425.56,HP,True
9SIA7ABKKJ2196,desktop,"Lenovo ThinkCentre Neo 50Q Tiny Business Mini Desktop (Intel i5-13420H, Intel UHD, 32GB DDR4, 1TB PCIe SSD, WiFi 6, Bluetooth 5.2, 65W PSU, RJ-45, 1 Display Port, 1 x HDMI 2.1, Win 11 Pro)",0.0,0,False,ME-243502228311,619.99,Lenovo,False
9SIAR0TKF13467,desktop,"HP OmniDesk Desktop Intel Core Ultra 7, 16 GB;2 TB SSD  Windows 11 Home",0.0,0,False,B6NG2AA#ABA,679.99,HP,False
9SIAZBDKFV9493,desktop,"MXZ High Performance Gaming PC, AMD Ryzen 5 9600X,GeForce RTX 4070 Super, B650,16GB DDR5,1TB NVME, 5 RGB Fans, Windows 11 Pro Ready to",4.9,18,True,R5 9600X|RTX 4070 SUPER,1369.0,MXZ,False
9SIBNXWKP54980,desktop,"Mloong X-Dragon Gaming PC Desktop, Intel Core i9 14900KF 24 core 3.2GHz(up to 6.0GHz), GeForce RTX 5080 16GB, 64GB DDR5 RAM 6000MHz, 2TB NVME SSD, 850W PSU, Windows 11 Home 64-bit, White",4.9,31,True,601HJF14900KF80W,2949.0,MLOONG,False
9SIAKDCKBE2813,desktop,"HP EliteDesk 705 G4 Desktop Mini PC, Ryzen 5 Pro 2400GE 3.2Ghz, 16GB DDR4 RAM, 128GB SSD Hard Drive, Radeon Vega Graphics 11, USB Type C, WiFi, Windows 10 Pro (Grade B)",0.0,0,False,DPC-18770,136.67,HP,True
9SIBWCHKP36416,desktop,Andromeda Insights V3 ELITE AMD - RX 9070XT 16GB GDDR6 | Ryzen 7 9800X3D 4.7 GHz (5.2 GHz Turbo Boost) | 32GB DDR5 6000MHz | 2TB Gen4 SSD | 850W Gold PSU | ARGB Fans | Wi-Fi + BT | Win 11,0.0,0,False,V3-RX9070XT-9800X3D-2TB-32GB-850W-BLK,1949.99,Andromeda Insights,False
9SIAA0SKNU0889,desktop,"Lenovo A100 All-in-One Desktop PC, 23.8"" FHD Display, Intel Core N100 Upto 3.4GHz, 16GB RAM, 1TB SSD, Wireless Mouse & Keyboard, Windows 11 Home",0.0,0,False,A100N100-161nH,529.99,Lenovo,False
9SIADFMKKT7573,desktop,"HP Elitedesk 705 G5 SFF, 8GB 256GB SSD, Ryzen 5 Pro 3400G 3.7GHz, Windows 11 Pro",0.0,0,False,ELITEDESK 705 G5 SFF-RB,148.99,HP,True
9SIB11NKGB3224,desktop,Hoengager Astral Mini Gaming PC -AMD Ryzen 7 7700 8-Core 3.8 GHz-RTX 5060 8GB -32GB DDR5 6000MHZ RAM-1TB PCIe SSD -WIFI &Bluetooth -RGB Fans-Prebuilt PC Windows 11 Pro Desktop Computer-White,5.0,2,False,CBDTHEAMW7700AC32G1T5068GW11P,1169.99,Hoengager,False
83-630-108,desktop,Yeyian Gaming Desktop PC YPA-VA87F0C-5601N AMD Ryzen 7 8700F 32GB DDR5 1TB SSD GeForce RTX 5060 Windows 11 Home,0.0,0,False,YPA-VA87F0C-5601N,979.99,YEYIAN,False
9SIA1HJKMU2471,desktop,"Skytech Gaming Shadow Gaming PC, AMD Ryzen 7 7700X 4.5GHz, NVIDIA RTX 5060, 1TB Gen4 NVMe SSD, 32GB DDR5 RAM 6000, 650W GOLD PSU, Wi-Fi, Win 11, Desktop",0.0,0,False,ST-SHADOW4-2281-B-AL,1299.99,Skytech,False
3D5-000D-00205,desktop,"Cobratype Venom Gaming PC - Ryzen 7 9700X, RTX 5070, 360mm AIO Liquid Cooler, 32 GB DDR5 RAM, 2 TB NVMe, Windows 11 Home - Gaming Desktop",4.2,29,False,VenomPremium,1799.99,Cobratype,False
9SIA1HJKE99576,desktop,"Skytech O11 Vision Gaming PC Desktop, Ryzen 9 9900X3D 4.4 GHz (5.5GHz Turbo Boost), AMD RX 9070 XT 16GB GDDR6, 1TB Gen4 NVMe SSD, 32GB DDR5 RAM 6000 RGB, 850W GOLD PSU, Wi-Fi, Win 11",4.0,1,False,ST-O11V-1700-W-AL,1999.99,Skytech,False
9SIAA0SKK91021,desktop,"Dell Pro Micro QCM1250 Desktop PC, Intel Core i5-14500T Upto 4.8GHz, 16GB RAM, 512GB SSD, Windows 11 Pro",0.0,0,False,1250i514T-16512nP,739.99,DELL,False
9SIAKDCK993775,desktop,Desktop PC HP ProDesk 400 G5 SFF Business Computer (Core i3-8100 8th GEN/ 16GB RAM/ 512GB SSD/ Windows 11 Pro) Intel Processor/ Bluetooth Adapter/ Keyboard & Mouse/ WiFi,0.0,0,False,H400G5SI3816G512S,167.53,HP,True
3D5-002N-000C5,desktop,AVGPC Whirlwind Gaming PC | AMD Ryzen 7 9700X Zen 5 | Nvidia Geforce RTX 5070 | 32GB 6000MHz DDR5 | 1TB NVME M.2 SSD | 360MM AIO Liquid Cooling | WiFi/AC | Windows 11 Home Black,4.3,52,False,AV-WW-R797X-5070-B,1649.0,AVGPC,False
9SIADUMKCG5301,desktop,"Dell Optiplex 3080 Micro Form Factor Desktop, Intel Six-Core i5 10500T 2.3Ghz, 16GB DDR4, 512GB NVMe M.2 SSD, Wifi, Windows 11 Pro",0.0,0,False,DPC-24968,459.99,DELL,True
9SIA4R8K9U8030,desktop,Lenovo Business Desktop ThinkCentre M910q-TINY Intel Core i5-7500T 8GB DDR4 256GB SSD Windows 10 Pro 64-bit,0.0,0,False,NE1-22345,129.98,Lenovo,True
83-151-740,desktop,MSI Aegis SE 12th Gaming Desktop PC Intel Core i5-13400F  NVIDIA GeForce RTX 3050 16GB RAM 500GB M.2 SSD Windows 11 Home 13TA-893US,0.0,0,False,MSI-AEGISSE13TA-893US-RFB,659.99,MSI,True
9SIAE4NKE34671,desktop,"Lenovo IdeaCentre,14th Gen Intel Core i7-14700 20-Core Processor,32GB DDR4,1TB SSD,Intel UHD Graphics,Wifi-AX,Dual Monitor Capable,Windows 11 Pro",0.0,0,False,LENIDC3ii7321TBSDPROZ,1049.0,Lenovo,False
9SIAKDCK1R2479,desktop,DELL Business Desktop OptiPlex 7050-MICRO Intel Core i7-7700T 32GB DDR4 1TB SSD Windows 10 Pro 64-bit,0.0,0,False,J1-7050MM10,230.56,DELL,True
9SIA8WVJGR1251,desktop,"Dell OptiPlex 3050, Small Form Factor, Intel Core i5-7500 @ 3.40 GHz, 8GB DDR4, 1TB HDD, DVD-RW, NEW Keyboard + Mouse, No Operating System",5.0,1,False,6013323734730,100.0,DELL,True
9SIAKDCK9C4270,desktop,"Lenovo ThinkCentre M920Q Tiny Desktop, Intel i5 8500T 2.1Ghz, 16GB DDR4, 512GB NVMe M.2 SSD, Windows 10 Pro",5.0,1,False,DPC-17311,219.89,Lenovo,True
9SIAE4NKE53484,desktop,MSI Desktop Computer Cubi NUC 1MG-011US Intel Core 3 100U 8GB DDR5 500GB PCIe SSD Windows 11 Home 64-bit,5.0,1,False,Cubi NUC 1MG-011US,459.99,MSI,False
9SIA65EK5J1400,desktop,"HP Pro 290 G9 Tower Computer - Intel i7-12700K, 32GB Ram, 1TB NVMe SSD, DisplayPort, HDMI, VGA,  USB Type-C, AX Wi-Fi, Bluetooth - Windows 11 Pro - AI Copilot",0.0,0,False,HP290.G9.01,849.99,HP,False
9SIA4R8KCT9370,desktop,HP Business Desktop EliteDesk 800 G5-SFF Intel Core i7-9700 32GB DDR4 1TB PCIe SSD Windows 11 Pro 64-bit,0.0,0,False,J1-800G5SA08,519.98,HP,True
9SIAHZNKH31545,desktop,"HP 800 G2 Tower Desktop Computer PC, Intel Quad Core i5-6500 upto 3.60GHz, 32GB DDR4 Ram, 1TB SSD, Built-in Wi-Fi & Bluetooth, Wireless Keyboard & Mouse, Windows 11 Professional (Refurbished)",0.0,0,False,ZNi56321-001,270.0,HP,True
9SIAHZNKH20064,desktop,"HP EliteDesk 800 G3 Tiny Desktop Computer PC, Intel Quad Core i5-6500T upto 3.10GHz, 16GB DDR4 Ram, 512GB SSD,24 Inch Monitor, Built-in Wi-Fi , Keyboard & Mouse, Windows 11 Professional (Refurbished)",0.0,0,False,ZNi561651224-01,249.99,HP,True
83-451-465,desktop,HP Business Desktop ProDesk 600 G6-SFF Intel Core i5-10400 16GB DDR4 512GB SSD Windows 11 Pro 64-bit,0.0,0,False,J1-600G6SA08,485.99,HP,True
9SIAKWUKDC9819,desktop,"Dell Optiplex 7070 Small Form Desktop, Intel i5 9500 3.0Ghz 6-Core, 32GB DDR4, 1TB NVMe SSD, USB Type-C, DVD-RW, Windows 11 Pro",0.0,0,False,DPC-20133,390.99,DELL,True
9SIA4R8K0F6436,desktop,DELL Business Desktop OptiPlex 3060-MICRO Intel Core i5-8500T 16GB DDR4 256GB SSD Windows 11 Pro 64-bit,0.0,0,False,NE1-22206,228.0,DELL,True
9SIAK3JKJF7152,desktop,Dell OptiPlex 3070 SFF Business Desktop PC - Intel Hexa Core I5-8500 8th gen Processor Up to 4.10GHz | 32GB DDR4 RAM | 1TB NVMe SSD | HDMI |  Windows 11 Pro Computer | Free WiFi  Adapter,0.0,0,False,D3070SI5850032G1S11P,429.99,DELL,True
9SIAHZNKK32017,desktop,"HP EliteDesk 800 G3 Tower Desktop Computer PC, Intel Quad Core i5-6500 upto 3.60GHz, 32GB DDR4 Ram,1TB SSD, NVIDIA GeForce GTX 1050Ti, Wi-Fi, RGB Keyboard & Mouse, Windows 11 Professional",0.0,0,False,ZN82120251028,380.0,HP,True
9SIB11NKED2914,desktop,"Hoengager Sunshine RTX 5070 12GB Gaming PC Desktop - Intel Core i7-12700KF, 32GB DDR5 RAM 6000MHz, 1TB PCIe SSD, WiFi + BT, 850W PSU, Win11 Pro prebuilt PC",5.0,2,False,CBDTHESSW12700KFLQ32G1T50712GW11P,1539.99,Hoengager,False
9SIAFJ8KET7784,desktop,"HP Z2 G9 Workstation - Intel Core i7 14th Gen i7-14700K - 32 GB - 1 TB SSD - Small Form Factor - Intel Chip - Windows 11 Pro - Intel UHD Graphics 770 Graphics - Serial ATA/600 Controller - 0, 1 RAID L",0.0,0,False,A1NT9UT#ABA,1469.46,HP,False
9SIB11NKED2821,desktop,"Hoengager RTX 5070 12GB Gaming PC Desktop - AMD Ryzen 7 7800X3D 8-Core 4.2 GHz, 32GB DDR5 RAM, 1TB PCIe SSD, WiFi + BT, 850W PSU,240 AIO Liquid cooler, Win11 Pro -RGB Prebuilt Computer -Ocean of Stars",4.9,20,True,CBDTHEOTB7800X3DLQ32G1T50712GW11P,1619.99,Hoengager,False
9SIAA0SF523929,desktop,"Intel NUC10i7FNHN Mini PC, Intel Core i7-10710U Upto 4.7GHz, 32GB RAM, 2TB SSD, HDMI, Thunderbolt, Card Reader, Wi-Fi, Bluetooth, Windows 10 Pro",3.0,1,False,NUC10i7FNHN-322sP,944.99,Intel,False
9SIABFSJRJ3104,desktop,"CLX SET Gaming Desktop - Liquid Cooled Intel i9 13900KF 3.0GHz 24-Core Processor, 64GB DDR5-5600 Memory, GeForce RTX 4070 12GB GDDR6X Graphics, 2TB NVMe M.2 SSD, 6TB HDD, WiFi, Windows 11 Home",4.7,3,False,TGMSETRTU3402BM,2349.99,CLX,False
9SIADFMKM86428,desktop,Dell OptiPlex 9020 MT/Core i7-4790 @ 3.6 GHz/32GB DDR3/1TB HDD/DVD-RW/No OS,4.5,4,False,OptiPlex 9020-c03b47,166.88,DELL,True
9SIAE4NKH44515,desktop,Dell OptiPlex 7020 Tower | Intel Core i7-14700 | 32GB DDR5 | 2TB SSD | DVD-RW | Dual Monitor Support | Windows 11 Pro,0.0,0,False,OPTIMT7020i7322TBS11PRA,1299.99,DELL,False
9SIAKWUKFX3703,desktop,Dell Optiplex 5090 SFF Desktop | Core i5 - 11500 - 256GB SSD Hard Drive - 32GB RAM | 6 cores @ 4.6 GHz Win 11 Pro Black,0.0,0,False,651216410796,479.99,DELL,True
9SIA65EKFF8508,desktop,"HP 260 G9 Mini Pro Desktop Computer, Intel i5-1335U, 32GB Ram, 1TB NVMe SSD,  2- Monitor Support 4K, HDMI, VGA, USB Type-C, WiFi 6, Bluetooth 5.3, Windows 11 Pro, Black",0.0,0,False,HP-260.G9.i5-1335U-04,749.99,HP,False
9SIC1BEKGX3889,desktop,"HP ProDesk Desktop Customized RGB Lights Computer Intel Core i5 4570 3.2 GHz 8GB RAM 256GB SSD Win 10 Pro WIFI, HAJAAN Gaming PC Keyboard & Mouse",4.3,7,False,H600G1SI58G256G10P,149.99,HP,True
9SIA4R8JYF5448,desktop,DELL Desktop Computer OptiPlex 7050-SFF Intel Core i5-7500 16 GB 512GB SSD Windows 10 Pro 64-bit,5.0,3,False,NE1-21773,158.99,DELL,True
9SIAF9SKN37010,desktop,"Dell OptiPlex 7020 Tower Desktop 8GB 512GB SSD Core i3-14100 3.5GHz, Black, WIN11 Pro, New in Box",0.0,0,False,OptiPlex 7020-NW,485.0,DELL,False
9SIAJP0KKJ6617,desktop,"STGAubron Gaming PC Computer Desktop, Intel Core i7 8th Gen up to 4.1GHz, Radeon RX 590 8G Graohics, 16G DDR4 RAM, 512G SSD, WIN11H",0.0,0,False,NEGNFBAB0F8P4BVHY-US,514.99,STGAubron,False
9SIAE4NKNR0871,desktop,"Lenovo IdeaCentre Tower 17L Desktop -Intel Core Ultra 7 265 Processor(Better than i7) -16 GB DDR5 RAM,1 TB PCIe SSD -Windows 11 Pro",0.0,0,False,B2C_Lenovo-T-Ultra7-_9-26-25_16-1TP_2,875.0,Lenovo,False
9SIAE4NKJT1336,desktop,"Dell Ect1250 Tower Desktop - Intel Core Ultra 5 225 - Wi-Fi 6 and Bluetooth 5.4 - 16 GB DDR5 RAM,512 GB PCIe SSD - Windows 11 Home",0.0,0,False,B2C_Dell-Ultra5-_7-4-25_16-512H_2,663.49,DELL,False
9SIAKDCKAZ5361,desktop,DELL Business Desktop OptiPlex 5070-SFF Intel Core i7-9700 32GB DDR4 500GB PCIe SSD Windows 11 Pro 64-bit,5.0,1,False,J1-5070SA05,404.76,DELL,True
9SIABX7KN84870,desktop,DELL Business Desktop OptiPlex 5060-MICRO Intel Core i5-8500T 16GB DDR4 500GB PCIe SSD Windows 11 Pro 64-bit,0.0,0,False,J1-5060MA06,299.99,DELL,True
83-360-820C,desktop,ABS Cyclone Ruby Gaming PC - Windows 11 - AMD Ryzen 7 9700X - GeForce RTX 5070 - DLSS 4 - AI-Powered Performance - 32GB DDR5 6000MHz - 1TB M.2 NVMe SSD - CR9700X5070,0.0,0,False,CR9700X5070,1499.99,ABS,True
9SIAK3PJNP5103,desktop,Adamant Custom 12-Core Liquid Cooled Workstation Desktop Computer PC AMD Ryzen 9 7900X 4.7GHz X670 Series 128Gb DDR5 1TB NVMe PCIe 4.0 SSD 4TB HDD 750W WiFi Bluetooth HDMI DisplayPort,0.0,0,False,7115,3199.99,Adamant Custom,False
9SIAKDCHC08805,desktop,"Dell OptiPlex 7020, Small Form Factor, Intel Core i7-4770 @ 3.40 GHz, 16GB DDR3, 500GB HDD, DVD-RW, No Operating System",0.0,0,False,6013300553545,137.0,DELL,True
9SIAJZDKHK3215,desktop,"HP OmniDesk Desktop PC, Intel Core Ultra 7 265(Up to 5.2GHz), 64GB DDR5 5600MHz 2TB PCIe 4.0 SSD, Intel Graphics, Wifi 6, Bluetooth 5.4, Microsoft Copilot, Windows 11 Pro, Dark Wood",0.0,0,False,004048-198990145471-64-2048-P,1375.99,HP,False
9SIBBZAKJU8973,desktop,"Axiom Gaming PC Darkmatter, AMD Ryzen 5, 16GB RAM, 512GB SSD, AMD Radeon RX 580 8GB GDDR5, Wi-Fi, Windows 11 Home",0.0,0,False,AX-BGPC-RX580,499.0,Axiom Gaming,False
9SIAAY9KM99699,desktop,Dell Pro Micro QCM1250 Desktop - Intel Core i5 14th Gen i5-14500T - 16GB - 256GB SSD - Micro PC - Intel Chip - Windows 11 Pro - Intel UHD Graphics 770 - 90W  1D5HX,5.0,1,False,1D5HX,729.95,DELL,False
3D5-000D-00244,desktop,"Cobratype Venom Gaming PC - Ryzen 9 9900X, RTX 5090, 360mm AIO Liquid Cooler, 32 GB DDR5 RAM, 2 TB NVMe, Windows 11",4.2,29,False,Venom959,4409.99,Cobratype,False
9SIAHZNKK78860,desktop,"Dell OptiPlex 7070 Desktop Tiny Computer PC Intel Quad Core i7-9700T up to 4.30GHz, 16GB DDR4 Ram,256GB SSD, Wi-Fi, Keyboard & Mouse, Windows 11 Pro (Renewed)",0.0,0,False,ZN91202512552,421.11,DELL,True
9SIAJZDKME9430,desktop,"HP 27 All-in-One Desktop, 27"" FHD (1920 x 1080) LED Display, Intel Core 7 Processor 255U (Up to 5.2GHz), 32GB DDR5 RAM / 1TB SSD, Wi-Fi 6, Bluetooth 5.4, Copilot, Wired Keyboard and Mouse, Win11 Pro",0.0,0,False,004117-198990840598-32-1024-P,1341.99,HP,False
9SIA7ABKJC7460,desktop,"Acer Aspire Student & Business Desktop (Intel i5-14400, 32GB DDR5, 512GB PCIe SSD, Intel UHD, 300W PSU, WiFi 6E, Bluetooth 5.3, RJ-45, 2 HDMI, Win 11 Pro)",0.0,0,False,ME-238978335501,891.24,Acer America,False
9SIA7ABKJC7460,desktop,"Acer Aspire Student & Business Desktop (Intel i5-14400, 32GB DDR5, 512GB PCIe SSD, Intel UHD, 300W PSU, WiFi 6E, Bluetooth 5.3, RJ-45, 2 HDMI, Win 11 Pro)",0.0,0,False,ME-238978335501,891.24,Acer America,False
9SIAKDCKAZ8413,desktop,"Dell OptiPlex Desktop Computer Tower Hexa Core Intel i7-8700 Processor, 16GB DDR4 Ram, 1TB SSD, Keyboard & Mouse, Bto Wi-Fi Windows 11 Pro (Renewed)",0.0,0,False,WB-Dell-i7-61S-5060,347.22,DELL,True
9SIAA0SK5K6795,desktop,"Lenovo ThinkCentre M625 Desktop PC, AMD A4-9120C Upto 2.4GHz, 16GB RAM, 1TB SSD, Windows 11 Pro",0.0,0,False,M625qA4-161nEP,268.99,Lenovo,False
9SIA6ZPKDH0458,desktop,"MSI All-in-One PCs Modern AM273Q AI 1UM-039US Intel Core Ultra 5 125H 16GB DDR5 1TB SSD 27"" Windows 11 Home",0.0,0,False,Modern AM273Q AI 1UM-040US,928.93,MSI,False
9SIAHZNKJY2798,desktop,"Lenovo ThinkCentre SFF Desktop Computer PC, Intel Quad Core i5-6500 upto 3.60GHz, 16GB DDR4 Ram, 1TB SSD,NVIDIA GT1030, Wi-Fi & Bluetooth, RGB Keyboard & Mouse, Windows 11 Professional (Refurbished)",0.0,0,False,ZN8720251135,308.89,Lenovo,True
83-151-627,desktop,MSI CODEX R2 Gaming Desktop Intel Core i7-14700F GeForce RTX 4060 Ti 16GB RAM 1 TB NVMe SSD Windows 11 Home C14NUD7-214US,5.0,1,False,CODEX R2 C14NUD7-214US,960.99,MSI,True
3D5-0065-00030,desktop,Xidax X6 ONAMI BLACK Gaming PC Ryzen 9 9950X3D 16c/32t (up to 5.7 GHz)- NVIDIA GeForce RTX 5080 16G- 32GB DDR5 5600MHz - 2TB M.2 NVMe - Genuine Windows 11 Home - WIFI - Assembled & Serviced In Utah,4.0,3,False,16442,3099.99,XIDAX,False
9SIADGYKA58420,desktop,"DELL Precision 3431 Home and Business Desktop PC w/ 22in Monitor | Intel Core i7-9700 upto 4.70GHz | 32GB DDR4 RAM | 1TB SSD Solid State | RGB Keyboard, RGB Mouse | WiFi + Bluetooth | Windows 11 Pro",0.0,0,False,698869763695,499.99,DELL,True
9SIA24GKJF9956,desktop,HP ProDesk 4 G1i Desktop Computer - Intel Core Ultra 5 235T - 16 GB - 512 GB SSD - Mini PC - Jack Black - Intel Q870 Chip - Windows 11 Pro - Intel DDR5 SDRAM - English Keyboard - IEEE 802.11ax - 90 W,0.0,0,False,BS7M0UT#ABA,720.94,HP,False
9SIA4P0KMZ8268,desktop,"iBUYPOWER Scale Gaming Desktop - Intel Core i5 14400F, NVIDIA GeForce RTX 4060 8GB, 16GB DDR5 RGB RAM, 1TB NVMe SSD _SCI5N4601",0.0,0,False,SCI5N4601,999.99,iBUYPOWER,False
9SIA7ABKFZ4029,desktop,"Lenovo ThinkCentre M75s Business Desktop (AMD Ryzen 5 Pro 5650G, 8GB DDR4, 256GB PCIe SSD, AMD Radeon, DVD-R/W, 260W PSU, WiFi 6, Bluetooth 5.1, RJ-45, 2 Display Port, HDMI, Win 11 Pro)",0.0,0,False,ME-228713317142,531.24,Lenovo,False
9SIAK3JKCR8787,desktop,HP Workstation Z240 SFF Gaming PC Computer | GeForce RTX 3050 6GB | Intel Core i7 Up to 4.00 GHz Processor | 32GB DDR4 RAM | 512GB SSD | Windows 10 Pro | RGB Keyboard Mouse - Black,5.0,1,False,HZ240SI7670032G512SRTX30506GB - E,509.99,HP,True
9SIA24GKDA1867,desktop,HP Pro Mini 400 G9 Desktop Computer - Intel Core i5 12th Gen i5-12500T - vPro Technology - 16 GB - 512 GB SSD - Mini PC - Intel Q670 Chip - Windows 11 Pro - Intel UHD Graphics 770 DDR4 SDRAM - IEEE 80,0.0,0,False,B17T4AT#ABA,717.71,HP,False
9SIAKWUJ2M2805,desktop,DELL Business Desktop OptiPlex 5060-MICRO Intel Core i7-8700T 32GB DDR4 500GB PCIe SSD Windows 11 Pro 64-bit,0.0,0,False,J1-5060MA14,400.99,DELL,True
9SIA1HJKFW3591,desktop,"Skytech Archangel Gaming PC Desktop, Intel i5 13400F 2.5 GHz (4.6GHz Turbo), NVIDIA RTX 3050 6GB, 1TB NVMe SSD, 16GB DDR4 RAM 3200, 650W GOLD PSU, Wi-Fi, Win 11",0.0,0,False,ST-ARCH4-1307-W-WM,799.99,Skytech,False
9SIAE4NKHA0702,desktop,"Dell OptiPlex Tower Intel Core i912900K, 32GB DDR5,1TB SSD, DVDRW, Intel UHD Graphics, DualMonitor Support, Windows11 Pro",0.0,0,False,OPTIMT7020i9321TBS11PRA,1239.0,DELL,False
83-630-093,desktop,Yeyian Gaming Desktop PC Tanto AMD Ryzen 5 8400F 32GB DDR5 1TB SSD GeForce RTX 5060 Ti Windows 11 Home,4.1,344,False,YPA-TA84F0C-56T1N,1089.99,YEYIAN,False
83-151-764,desktop,MSI Aegis ZS2 Gaming Desktop AMD Ryzen 9 9900X Nvidia GeForce RTX 5070 32GB DDR5 RAM 2TB NVMe SSD Windows 11 Home (A9NVP-1407US),0.0,0,False,AEGIS ZS2 A9NVP-1407US,1799.99,MSI,True
83-151-693,desktop,MSI Gaming Desktop PC Codex R2 B14NVL5-447US Intel Core i5-14400F 16GB DDR5 1TB NVMe SSD GeForce RTX 5060 Windows 11 Home,4.0,1,False,Codex R2 B14NVL5-447US,919.0,MSI,False
9SIBPBAK8H4632,desktop,Higole F9B with 4G LTE 7'' Mini PC Windows 11 Pro Intel Alder Lake N100 WiFi5 BT5.0 16GB LPDDR4 256GB eMMC 5000mAh Battery Dual 2.5G LAN Dual 4K Video Output Mini PC with Screen Mini Computer With Fan,5.0,2,False,F9B - 256GB - 4G LTE,299.0,Higole,False
9SIA60GKK58622,desktop,"DELL OptiPlex 7010 Micro | Business Desktop - PC, Intel Core i5 13500T, Windows 11 Pro, 16GB, 256GB NVMe SSD, with Wired Mouse & Keyboard",0.0,0,False,7010M-i7-16512-REF,479.0,DELL,True
9SIAKDCK9C3849,desktop,HP Desktop Computer 800 G3-SFF Intel Core i7 7th Gen 7700 (3.60GHz) 16GB DDR4 512 GB SSD DVD-ROM Windows 10 Pro 64-bit,5.0,1,False,NE2-21844,189.44,HP,True
9SIBVKAK8U3258,desktop,YEAH MAGIC Astral  S1 Gaming Desktop AMD Ryzen 5 5600GT 3.9GHz 16GB(8G*2) DDR4 3200 1T NVME SSD 7 ARGB Fan*7 Win 11 Home WIFI Gamer Desktop Computer Office Work 650W Gold PSU Black,4.2,9,False,220041,499.0,yeah magic,False
9SIAE4NKJT0525,desktop,"Dell Ect1250 Tower Desktop - Intel Core Ultra 5 225 - Wi-Fi 6 and Bluetooth 5.4 - 32 GB DDR5 RAM,1 TB PCIe SSD - Windows 11 Pro",0.0,0,False,B2C_Dell-Ultra5-_7-4-25_32-1TP_2,879.99,DELL,False
9SIAFJ8KE66875,desktop,"HP Elite Mini 805 G8 Desktop PC, AMD Ryzen 5 Pro 5650GE, AMD Radeon Graphics, 8GB DDR4-3200, 256GB SSD, Windows 11 Pro, Includes Mouse & Keyboard (A98XTUT#ABA)",4.0,1,False,A98XTUT#ABA,970.44,HP,False
9SIA5WMK7Y6288,desktop,"Dell Optiplex 3060 Micro Form Factor Desktop, Intel 6 Core i7 8700T 2.4Ghz to 4 Ghz, 32GB DDR4, 1TB NVMe M.2 SSD, Wi-Fi, HDMI, Windows 11 Pro or Windows 10 Pro Upon Request",0.0,0,False,3060i7321t,299.97,DELL,True
3D5-0007-00J65,desktop,"iBUYPOWER Element Gaming PC Desktop - Intel Core i5 14400F, NVIDIA GeForce RTX 5060Ti 8GB, 16GB DDR5 RGB RAM, 1TB NVMe SSD",4.7,6,False,EBI5N56T02,1199.99,iBUYPOWER,False
9SIA4P0KJN5390,desktop,"iBUYPOWER Element Pro Gaming PC Desktop - Intel Core i9 14900KF, NVIDIA GeForce RTX 5070 12GB, 32GB DDR5 RGB RAM, 2TB NVMe SSD",0.0,0,False,EPBI9N5701,1954.09,iBUYPOWER,False
9SIAHZNKHB4329,desktop,"HP EliteDesk 800 G2 Tiny Desktop Computer PC, Intel Quad Core i5-6500T upto 3.10GHz, 32GB DDR4 Ram, 1TB SSD, Built-in Wi-Fi , Keyboard & Mouse, Windows 11 Professional (Refurbished)",0.0,0,False,ZNi56321-0004,280.0,HP,True
9SIA4P0KG18141,desktop,iBUYPOWER Slate 8 MESH Gaming PC Desktop - Intel Core Ultra 9 285 - NVIDIA GeForce RTX 5070Ti 16GB - 32GB DDR5 RGB - 2TB NVMe SSD - SMI9N57T01,0.0,0,False,SMI9N57T01,2199.99,iBUYPOWER,False
9SIB11NKG04728,desktop,"Hoengager Gaming PC AMD Ryzen 7 5700X 8-Core 3.4 GHz, RTX 5060 8GB, 32GB DDR4 RAM 3200MHz,1TB PCIe +1TB SATA SSD, WIFI&Bluetooth Windows 11 Pro-White",5.0,3,False,CBDTHEFKW5700XLQ32G2T5068GW11P,1099.99,Hoengager,False
9SIBWCHKG69493,desktop,Andromeda Insights Essentials AMD Vector - RX 9060XT 16GB | Ryzen 5 9600X | 32GB DDR5 6000MHz | 1TB Gen4 SSD | 650W Gold PSU | ARGB Fans | Wi-Fi + BT | Win 11 Home,0.0,0,False,V100-RX9060XT16GB-9600X-1TB-32GB-650W-BL,1179.99,Andromeda Insights,False
9SIBWCHKMB7611,desktop,Andromeda Insights Intel AMD Vector - RX 9070 XT 16GB GDDR6 | Core Ultra 7 265KF (5.5 GHz Turbo Boost) | 32GB DDR5 6000MHz | 2TB Gen4 SSD | 850W Gold PSU | ARGB Fans | Wi-Fi + BT | Win 11,0.0,0,False,V100-9070XT-265KF-2TB-32GB-850W-BLK,1699.99,Andromeda Insights,False
9SIAE4NKH44544,desktop,"Lenovo IdeaCentre Mini Desktop  Intel Core i7-13620H, 16GB DDR4, 1TB SSD, Intel UHD Graphics, Wi-Fi 6, Windows 11 Pro",0.0,0,False,LENIDMINIi7161TBSD11PRO,699.99,Lenovo,False
9SIAHZNK5M7158,desktop,Lenovo ThinkCentre M720s SFF Desktop - 8th Gen Intel Hexa-Core (6 Cores) i5-8500 up to 4.10 GHz 32 GB DDR4 256 GB M.2 SSD + 1TB HD  DVD-R WiFi/BT Windows 11 Pro,0.0,0,False,Lenovo.M720s.i5_21,352.22,Lenovo,True
9SIAKDCKBE1253,desktop,HP Business Desktop EliteDesk 800 G4-MINI Intel Core i7-8700T 16GB DDR4 500 GB M.2 NVMe SSD Windows 11 Pro 64-bit,0.0,0,False,NE1-22252,298.27,HP,True
9SIAHZNKK95187,desktop,HP ProDesk 600 G4 SFF Windows 11 Pro High-Performance Business Desktop PC - Intel Core I7-8700 Processor Up to 4.60 GHz | 16GB DDR4 RAM 256GB SSD | WiFi | Wireless Keyboard Mouse | Bluetooth,0.0,0,False,H600G4SI7870016G256S,318.9,HP,True
9SIC1BEKMT1042,desktop,"HP EliteDesk 800 G3 Tiny Desktop Computer PC, Intel Core i5-6500T upto 3.10GHz, 16GB DDR4 Ram, 256GB SSD, 22Inch Monitor, Built-In Wi-Fi , Keyboard & Mouse, Windows 11 Professional (Refurbished)",0.0,0,False,ZN9222025125,234.99,HP,True
9SIADFMKKX0475,desktop,DELL OptiPlex Micro Tiny/Mini Business Desktop PC - Intel hexa core I5 8th gen CPU Up to 3.50 GHz | 16GB DDR4 RAM | 512GB NVMe SSD | Windows 11 Pro | Wireless keyboard Mouse | Bluetooth Adapter -Black,0.0,0,False,D7060TYI5816G512NVMe11P,268.97,DELL,True
9SIAHZNK5A0115,desktop,"HP ProDesk 400 G2 Mini Desktop PC, Intel Core i3-6100T 3.20GHz, 8GB DDR4 RAM, 256GB SSD, WiFi, Win-10 Home x64 Grade A",4.7,14,False,782248426051,110.0,HP,True
9SIAK3JK8D6341,desktop,HP Desktop Computer ProDesk 600 G4 SFF Windows 11 Pro High-Performance PC - Intel Hexa-Core I5 8th Gen CPU Up to 4.10 GHz/ 16GB DDR4 RAM/ 512GB SSD/ WiFi/ Wireless Keyboard Mouse - Black/Silver,0.0,0,False,H600G4SI5850016G512S,337.49,HP,True
9SIAKWUKEZ6767,desktop,Dell OptiPlex 7080 SFF Desktop i7-10700 16GB RAM 512GB SSD DVD-RW WIN 10 PRO,0.0,0,False,7080 SFF i7-10700,437.99,DELL,True
9SIAHZNKK62293,desktop,"HP 800 G4 SFF Desktop Computer PC, Intel Quad Core i5-8500 upto 4.10GHz, 32GB DDR4 Ram, 1TB SSD, NVIDIA GT1030, Wi-Fi, RGB Keyboard & Mouse, Windows 11 Professional (Refurbished)",0.0,0,False,ZN829202510402,424.44,HP,True
83-100-056,desktop,"Thermaltake LCGS Vista i46S Gaming Desktop (Intel Core i7-14700F, ToughRam 16GB DDR5 5600MT/s RGB Memory, NVIDIA GeForce RTX 4060, 2TB NVMe M.2, Wifi, Windows 11) V27S-B76K-460-LCS",5.0,2,False,V27S-B76K-460-LCS,1199.99,Thermaltake,False
9SIA7ABKJC7445,desktop,"Acer Aspire Student & Business Desktop (Intel i5-14400, 32GB DDR5, 2TB PCIe SSD, Intel UHD, 300W PSU, WiFi 6E, Bluetooth 5.3, RJ-45, 2 HDMI, Win 11 Pro)",0.0,0,False,ME-238978335555,1141.99,Acer America,False
9SIBRYRKFH7769,desktop,"AOC All-in-One Business Desktop 23.8"" FHD Display  AMD R5 5600G Processor up to 4.4GHz 16GB RAM 512 GB SSD Windows 11  Wi-Fi Keyboard&Mouse Dual Speakers Adjustable Angle Height PC Office Work/gaming",0.0,0,False,10086,589.0,AOC Monitors,False
9SIA0ZXKKC3634,desktop,"Lenovo ThinkCentre neo 50a 27 Gen 5 27"" Touchscreen All-in-One Computer - Intel Core i7 13th Gen i7-13620H - 16 GB - 512 GB SSD - Windows 11 Pro - Intel UHD Graphics - IEEE 802.11ax - 90W  12SB003XUS",0.0,0,False,12SB003XUS,1084.75,Lenovo,False
9SIA4R8KM10598,desktop,DELL Business Desktop OptiPlex 7070-SFF Intel Core i5-9500 16GB DDR4 256GB SSD Windows 11 Pro 64-bit,5.0,1,False,NE1-22225,330.91,DELL,True
9SIC21HKKH0647,desktop,AODU Gaming Desktop PC-Windows11-AMD Ryzen 5 7500F  Zen 4 6-Core 3.7 GH-ACE Radeon RX 9060 XT - 32GB-DDR5 32GB 6800MHz RMA-1TB M.2 NVMe SSD-850W PSU-panoramic PC case WiFi6 RGB Sync Gaming PC,0.0,0,False,00860010558103,1159.0,AODU,False
9SIB74MKCA7108,desktop,"KAMRUI AK1PLUS Mini PC with Intel Alder Lake N97(up to 3.60 GHz), 16GB RAM 512GB ROM Small Desktop Computer, 4K UHD Mini PC windows 11 home WiFi6 BT5.2 Dual HDMI LAN on Business Home Office Family-NAS",5.0,1,False,AK1PLUS,180.99,Kamrui,False
9SIAKWUJ9Y6383,desktop,DELL Business Desktop OptiPlex 7060-SFF Intel Core i7-8700 16GB DDR4 500 GB M.2 NVMe SSD Windows 11 Pro 64-bit,5.0,1,False,NE1-22224,364.99,DELL,True
3D5-000D-00258,desktop,"Cobratype Pilot Gaming PC, Ryzen 5 9600X 3.90 GHz (Up to 5.4 GHz), AMD Radeon RX 9070 XT, 1TB NVMe SSD, 32GB DDR5, Wi-Fi, Win 11 Home",3.9,9,False,Pilot97X,1609.99,Cobratype,False
9SIADT2KGS4925,desktop,"Odyssey Sahara V1 Custom Built PC, RGB Intel Core i5-8500 upto 4.1GHz, 16GB DDR4 RAM, 1TB NVMe SSD, Wi-Fi BT Windows 11 Pro",0.0,0,False,782248430001,499.99,Odyssey Computers,False
9SIAKDCKGZ0369,desktop,DELL Business Desktop OptiPlex 3060-SFF Intel Core i7-8700 16GB DDR4 500GB PCIe SSD Windows 11 Pro 64-bit,0.0,0,False,J1-3060SA04,336.01,DELL,True
9SIADFMK3T8255,desktop,DELL Desktop Computer 5060-T Intel Core i5 8th Gen 8500 (3.00GHz) 16GB DDR4 512 GB SSD Intel HD Graphics 630 Windows 11 Pro 64-bit,5.0,1,False,D5060TI5816G512G10P,227.99,DELL,True
9SIA6ZPKFV2077,desktop,MSI Desktop Computer PRO DP21 13M-498US Intel Core i3-13100 8GB DDR4 500GB PCIe SSD Windows 11 Home 64-bit,4.7,13,False,PRO DP21 13M-498US,448.67,MSI,False
83-151-716,desktop,MSI Gaming Desktop PC Codex Z2 A8NVL-484US AMD Ryzen 7 8700F 16GB DDR5 2TB NVMe SSD GeForce RTX 5060 Windows 11 Home,0.0,0,False,Codex Z2 A8NVL-484US,999.0,MSI,False
9SIAKDXKCH7861,desktop,Lenovo Legion T7 34IRZ8 i9-14900KF NVIDIA GeForce RTX 4080 32GB Ram 2TB SSD W11P- (Manufacturer Recertified),0.0,0,False,90V6000MUS,1599.99,Lenovo,True
9SIAKWUJ9N4263,desktop,HP Business Desktop EliteDesk 800 G4-MINI Intel Core i5-8500T 16GB DDR4 512GB SSD Windows 11 Pro 64-bit,4.0,1,False,NE1-22349,330.99,HP,True
9SIAKDCE5C5915,desktop,"Dell Precision T1700 Workstation, Quad-Core i7 4770 upto 3.9GHz, 16GB RAM, 512GB SSD + 500GB HDD, Intel HD Graphics 4K 3-Monitor Support(2xDP, 1xVGA), WIFI, BT 4, DVDRW, USB 3, Win 10 Pro, Desktop",5.0,1,False,T1700D.06,176.06,DELL,True
9SIAHZNKE08010,desktop,"Lenovo M910 Gaming Desktop Computer PC, Intel Quad Core i5-7500 upto 3.80GHz, 16GB DDR4 Ram, 512GB SSD, Wi-Fi, NVIDIA GT 1030, BTO RGB Keyboard & Mouse, Windows 11 Professional (Renewed)",0.0,0,False,WB-LEM910-i57-16512GTP-4,289.99,Lenovo,True
9SIAHZNKHF7074,desktop,HP Computers ProDesk 600 G6 SFF Business Desktop PC System | Intel Core i5 10500 Gen Up to 4.50 GHz | 16GB DDR4 RAM | 512GB NVMe SSD | Windows 11 Pro | WIFI | Wireless Keyboard/Mouse | Windows 11 Pro,0.0,0,False,H600G6SI51050016G512NVMe,384.99,HP,True
9SIAE4NKGM1298,desktop,Dell OptiPlex 7020 Tower | Intel Core i5-12500 | 16GB DDR5 | 512GB SSD | DVD-RW | Dual Monitor Support | Windows 11 Pro,0.0,0,False,OPTIMT702012i516512S11PROS,729.99,DELL,False
9SIAJP0KM97437,desktop,"STGAubron Gaming PC Desktop Computer, AMD Ryzen 7 5700X up to 4.6Ghz, GeForce RTX 3050 6G Graphics, 16GB DDR4 RAM, 1TB SSD, WiFi 6 & BT 5.2, RGB Fan x4, Windows 11 Home",0.0,0,False,NEGNFBAB0FH5HZMZK-US,719.99,STGAubron,False
9SIBM9SKGP6800,desktop,Intel NUC 11 Extreme - Gaming desktop - Core i9-11900KB Processor(24M Cache up to 4.9 GHz) - Aigo RX580 8G - 32GB DDR4 3200MHz - 1TB M.2 NVMe - 650W 80PLUS - WIFI - Gaming PC,0.0,0,False,NUC11BTMi9 32+1024+RX580,879.0,Intel,False
9SIAK3JKCR8791,desktop,HP Workstation Z240 SFF High-Performance GAMING PC Desktop Computer | GeForce RTX 3050 6GB | Intel i7 Quad-Core Processor | 32GB DDR4 RAM | 2TB SSD | Windows 10 Pro | RGB Keyboard and Mouse,0.0,0,False,HZ240SI7670032G2SRTX30506GB - E,589.99,HP,True
9SIA0ZXK9J2970,desktop,HP Pro Mini 400 SFF Desktop Computer i5-14500T 16GB 512GB SSD W11P A70P7UTABA,0.0,0,False,A70P7UTABA,1081.2,HP,False
3D5-000Z-002N6,desktop,"Skytech Nebula Gaming PC Desktop, Ryzen 7 5700 3.7 GHz (4.6GHz Turbo), NVIDIA RTX 5060 8GB, 1TB NVMe SSD, 16GB DDR4 RAM 3200, 650W GOLD PSU, Wi-Fi, Win 11",0.0,0,False,ST-NEBULA-1976-B-AL,960.99,Skytech,False
9SIC1BEKJE9929,desktop,"Lenovo ThinkCentre P330 Business Desktop Tower PC Windows 11 Pro Computer - Intel Hexa Core I5 8500 Processor Up to 4.10 GHz, 32GB DDR4 RAM, 512GB SSD, Bluetooth Adapter",0.0,0,False,LP330TI5850032G512S11P,384.99,Lenovo,True
9SIAE4NKFM0908,desktop,"Dell Optiplex 7020 Tower,Intel Core i5-12500 Processor,16GB DDR5,512GB SSD, Intel HD Graphics, DVD-RW, Dual Monitor Capable, Windows 11 Pro",0.0,0,False,OPTIMT702012i516512S11PRODZ,739.0,DELL,False
3D5-0007-00J67,desktop,"iBUYPOWER Element SE Gaming PC Desktop - Intel Core i5 14400F, NVIDIA GeForce RTX 5050 8GB, 16GB DDR5 RGB RAM, 1TB NVMe SSD",4.7,6,False,ESI5N5501,899.99,iBUYPOWER,False
9SIAFJ8KE66895,desktop,HP EliteDesk 800 G9 Mini Desktop Intel Core i7-14700T 16GB RAM 256GB PCIe SSD Windows 11 Pro,5.0,2,False,A12GRUT#ABA,1363.31,HP,False
9SIA6ZPKFV1995,desktop,HP EliteDesk 800 G9 Mini Desktop Intel Core i7-14700T 16GB RAM 256GB PCIe SSD Windows 11 Pro,5.0,2,False,A12GRUT#ABA,1363.61,HP,False
9SIAKDCE3Z2905,desktop,Lenovo Desktop Computer ThinkCentre M91p Intel Core i5-2400 16GB DDR3 3TB HDD 120GB SSD Windows 10 Pro,5.0,5,False,18VFLEDT0028,129.99,Lenovo,True
9SIAHZNK5B6925,desktop,HP ProDesk 600G4 Desktop Computer | Hexa Core Intel i5 (3.2) | 16GB DDR4 RAM | 500GB SSD Solid State | Windows 11 Professional  | Home or Office PC,0.0,0,False,698869986599,292.22,HP,True
9SIA65EK7Y5215,desktop,"HP Pro 290 G9 Tower Computer - Intel i9-12900K, 64GB Ram, 2TB NVMe SSD, DisplayPort, HDMI, VGA, , USB Type-C,AX Wi-Fi, Bluetooth - Windows 11 Pro",0.0,0,False,HP290.G9.i9.03,1299.99,HP,False
83-360-760,desktop,ABS Stratos Ruby Gaming PC - Windows 11 - AMD Ryzen 7 9800X3D - GeForce RTX 5070 - DLSS 4 - AI-Powered Performance - 32GB DDR5 5600MHz - 1TB M.2 NVMe SSD - AMR9800X3D5070,4.5,104,False,AMR9800X3D5070,1699.99,ABS,False
9SIAK3JK694391,desktop,HP Business Desktop EliteDesk 800 G4-SFF Intel Core i7-8700 16GB DDR4 256GB PCIe SSD Windows 11 Pro 64-bit,0.0,0,False,J1-800G4SA01,349.99,HP,True
83-992-035,desktop,Cooler Master NR2 Pro Mini ITX - Intel Ultra 7 265F 2.4GHz (5.3 GHz Turbo) | Gigabyte RTX 5080 16GB & B860I AORUS PRO ICE| 32GB DDR5 6000MHz | 2TB Gen4 M.2 | WiFi | Windows 11 | 280mm AIO Gaming PC,0.0,0,False,AYG-M2C7-N68GII32-N2,2499.99,Cooler Master,False
83-221-825,desktop,"ASUS ROG G700 (2025) Gaming Desktop PC, Intel Core Ultra 7 265F Processor, NVIDIA GeForce RTX 5070, 1TB M.2 NVMe PCIe 4 SSD, 32GB DDR5 RAM, Windows 11 Home, G700TF-AS776",0.0,0,False,G700TF-AS776,1749.99,ASUS,False
9SIB0GJKFP1650,desktop,"MSI PRO DP21 Tiny Business Desktop, 4-Core Intel i3-13100 Processor, 16GB RAM, 1TB SSD, USB A&C, HDMI, DP Port, RJ-45, Wi-Fi 6, Wired Keyboard & Mouse, Windows 11 Pro, Black",0.0,0,False,DP211934-B_CTO_N1,479.0,MSI,False
9SIAKDCHE97694,desktop,"Dell OptiPlex 5050 Tower, i7-7700 Quad Core upto 4.2 Ghz, 1TB SSD, 16GB RAM, 4K UHD 3-Monitor Support, 2x Display Port, HDMI, Windows 10 Pro, WiFi",4.0,44,False,D5050TI7716G1TS10P,245.0,DELL,True
9SIB9G5JD28451,desktop,"Dell OptiPlex 7050 Micro All-in-One with Dell 22"" 1920 x 1080 Monitor Desktop PC- 7th Gen Intel Core i7-7500 3.4GHz 8 GB DDR4 256 GB SSD WiFi BT Windows 10 Pro",0.0,0,False,7050_2,280.0,DELL,True
83-451-812,desktop,HP 400 G4-MINI Desktop Intel Core i5-8500T 2.1GHz  16GB Memory 512GB SSD Internal WiFi   Windows 11 Pro 64-bit,0.0,0,False,J1-400G4MA02,395.99,HP,True
9SIAE4NKNK8836,desktop,Dell OptiPlex 7020 Tower Plus| Intel Core i7-14700| 64GB DDR5| 2TB SSD| Dual Monitor Support| Windows 11 Pro| Business Desktop Computer,0.0,0,False,OPTITP7020i7642TBS11PRODZ,1379.0,DELL,False
9SIAHZNKKJ5853,desktop,"HP 800 G2 Tower Desktop Computer PC, Intel Core i5-6500 upto 3.60GHz, 32GB DDR4 Ram, 512GB SSD, Built-in Wi-Fi & Bluetooth, Wireless Keyboard & Mouse, Windows 11 Professional (Refurbished)",0.0,0,False,ZN917202510403,264.99,HP,True
9SIABX7JPZ7659,desktop,"Dell Optiplex 5060 Small Form Desktop, Intel 6-Core i5 8500 3.0Ghz, 16GB DDR4, 512GB NVMe PCIe M.2 SSD, USB Type C, Windows 10 Pro (Grade B)",0.0,0,False,DPC-17789,309.99,DELL,True
9SIB11NKMT8926,desktop,Hoengager Desktop AMD Ryzen 5 9600X 6-Core 3.9 GHz - Radeon RX 9060 XT 16GB-32GB DDR5 6000MHz RAM- 1TB PCIe SSD -Liquid Cooler-WIFI &Bluettooth -Windows 11Pro Prebuilt PC Computer-Black,0.0,0,False,CBDTHEFKB9600XLQ32G1T906XT16GW11P,1239.99,Hoengager,False
9SIAK3JK6E2267,desktop,HP Computers EliteDesk 800 G4 SFF High-Performance Gaming Desktop PC System | RTX 3050 6GB| Intel Hexa-Core i5-8500(8th Gen Processor Up to 4.10 GHz)  32GB DDR4 RAM | 1TB NVMe SSD | Windows 11 Pro,5.0,2,False,H800G4SI5850032G1NVMeRTX3050,579.99,HP,True
9SIB0GJKM08923,desktop,"Lenovo ThinkCentre M90q Gen 4 Business Mini Desktop, Intel Core i5-13500, 16GB DDR5, 512GB SSD, 2-Monitor Support 4K, Wired KB & Mouse, Windows 11 Pro, Black",0.0,0,False,M90q Gen 44124-A_CTO_N1,639.0,Lenovo,False
9SIA1HJKNA3742,desktop,"Skytech Gaming Azure 3 Plus Gaming PC, AMD Ryzen 7 7700X 4.5GHz, AMD RX 9070 16GB, 2TB Gen4 NVMe SSD, 32GB DDR5 RAM 6000, 850W GOLD ATX 3 PSU, 360 ARGB AIO , Wi-Fi, Win 11, Desktop",0.0,0,False,ST-AZURE3PLUS-2538-B-AL,1649.99,Skytech,False
9SIA1HJKJK0811,desktop,"Skytech Gaming Blaze4 Mini Desktop PC, Ryzen 7 7800X3D 4.2 GHz (5GHz), AMD RX 9070XT 16GB, 2TB Gen4 NVMe SSD, 32GB DDR5 RAM 6000 RGB, 850W GOLD ATX 3 PSU, 240mm ARGB AIO, Wi-Fi, Win 11",0.0,0,False,ST-BLAZE4MINI-2359-B-AL,1899.99,Skytech,False
9SIC0E9KHM7261,desktop,"Dell Pro 24 QC24250 23.8"" Full HD All-in-One Desktop - Intel Core Ultra 5 245 - 16GB - 512GB SSD - Dark Gray - Intel Q870 Chip - Windows 11 Pro - Webcam -  IEEE 802.11ax - 160W  JJRKF",0.0,0,False,JJRKF,1179.0,DELL,False
9SIBPMFKP23535,desktop,"Dell All-in-One 27"" FHD Touchscreen Desktop Intel core 7 150U NVIDIA GeForce MX570A 32GB DDR5 RAM 1TB SSD Wi-Fi 6E Bluetooth 5.3 Keyboard & Mouse Stereo speaker HDMI RJ45 Windows 11 Pro White",0.0,0,False,HC320012102825SUB,1249.0,DELL,False
9SIAKDCKBD6432,desktop,DELL Business Desktop OptiPlex 7060-T Intel Core i7-8700 16GB DDR4 512GB SSD Windows 11 Pro 64-bit,0.0,0,False,J1-7060TA08,321.69,DELL,True
1VK-001E-4TJK2,desktop,HP Elite Mini 805 G8 Desktop Computer AMD Ryzen 5 PRO 5650GE 16 GB 256 GB SSD Desktop Mini AMD PRO 565 Chip Windows 11 Pro AMD Radeon Graphics DDR4 SDRAM English Keyboard IEEE 802.11ax 65 W A98XPUTABA,0.0,0,False,A98XPUTABA,710.99,HP,False
9SIBWCHKP49655,desktop,Andromeda Insights Ultimate Budget Gaming PC - RTX 5070 12GB | i5-14400F (4.7 GHz Turbo Boost) | 16GB DDR5 6000MHz | 1TB Gen4 SSD | 650W Gold | ARGB | Wi-Fi + BT | Win 11,0.0,0,False,UBG-5070-14400F-1TB-16GB-650W-AIR-BLK,1199.99,Andromeda Insights,False
83-221-824,desktop,"ASUS ROG G700 (2025) Gaming Desktop PC, Intel Core Ultra 7 265F Processor, NVIDIA GeForce RTX 5060Ti, 1TB M.2 NVMe PCIe 4 SSD, 32GB DDR5 RAM, Windows 11 Home, G700TF-AS776Ti",0.0,0,False,G700TF-AS766Ti,1469.99,ASUS,False
83-360-528C,desktop,ABS Cyclone Aqua Gaming PC - Intel i5 14400F - GeForce RTX 4070 - DLSS 3.5 - AI-Powered Performance - 32GB DDR5 6000MHz - 1TB M.2 NVMe SSD - CA14400F4070,3.5,2,False,CA14400F4070,1249.99,ABS,True
9SIC21HKK53746,desktop,"AODUGaming Desktop-Windows11-AMD Ryzen 7 5700X 3.4GHz to 4.6GHZ-GeForce RTX4060-DDR4 32GB 3200MHz RMA-1TB M.2 NVMe SSD-600W psu,Desktop Air coole Prebuilt Gaming PC",3.0,2,False,69765920300112,869.99,AODU,False
9SIBPMFKNN5381,desktop,Dell ECT1250 Business Desktop Tower Intel Core Ultra 7-265 (Beat i9-13900h) Intel UHD Graphics 32GB DDR5 RAM 512GB SSD Wi-Fi 6 BT 5.4 Wired KB and Mouse USB-C HDMI RJ-45 DP 1.4 Windows 11 Pro Black,0.0,0,False,HC325122102025SUB,999.0,DELL,False
9SIAKDCKBD6433,desktop,DELL Business Desktop OptiPlex 7060-T Intel Core i5-8500 16GB DDR4 512GB SSD Windows 11 Pro 64-bit,0.0,0,False,J1-7060TA02,262.78,DELL,True
83-221-816,desktop,"ASUS ROG NUC (2025) Gaming Mini PC with Intel Core Ultra 7 (Series 2) ARL-HX CPU, NVIDIA GeForce RTX 5060 Mobile GPU, 32GB DDR5 RAM, 1TB NVMe SSD, Thunderbolt 4, triple-fan cooling, and ARGB lighting",0.0,0,False,RNUC15JNK7X589AU,1964.99,ASUS,False
3D5-000Z-002V3,desktop,"Skytech Azure 3 Gaming PC Desktop, Ryzen 7 7700 3.8 GHz (5.3GHz Turbo), AMD RX 9060 XT 8GB, 1TB Gen4 NVMe SSD, 16GB DDR5 RAM 6000, 650W GOLD PSU, Wi-Fi, Win 11",4.5,2,False,ST-AZURE3-1983-B-AL,1149.99,Skytech,False
9SIAKDCK950935,desktop,DELL Business Desktop OptiPlex 7060-T Intel Core i5-8500 16GB DDR4 256GB SSD Windows 11 Pro 64-bit,0.0,0,False,J1-7060TA06,251.67,DELL,True
9SIC21HKM91667,desktop,AODU Gaming Desktop PC-Windows11-AMD RYZEN 5 3600 3.5GHz (4.2GHz Turbo)-GeForce RTX 4060 OC 8G -DDR4 16GB 3200MHz RMA-512G M.2 NVMe SSD-650W PSU-panoramic PC case WiFi6 RGB Sync Gaming PC,0.0,0,False,6976592030624,729.99,AODU,False
9SIAE4NKHA0751,desktop,"Dell OptiPlex Tower, Intel Core i9-12900K,64GB DDR5,1TB SSD, DVDRW, Intel UHD Graphics, Dual Monitor Support, Windows11 Pro",0.0,0,False,OPTIMT7020i9641TBS11PRAX,1429.0,DELL,False
9SIB11NKME8130,desktop,"Hoengager Gaming Desktop Intel Core i5-14400F 10-Core (6P+4E), AMD Radeon RX 9060 XT 16GB , 32GB DDR4 RAM 3200MHz,1TB PCIe +1TB SATA SSD, Wi-Fi & Bluetooth ,Win 11 Pro  Prebuilt RGB Computer-Black",4.8,18,True,CBDTHEACB14400FAC32G2T906XT16GW11P,1159.99,Hoengager,False
3D5-000Z-00325,desktop,"Skytech Gaming Shadow Desktop PC, Ryzen 7 5700 3.7 GHz (4.6GHz),NVIDIA RTX 5050 8GB, 1TB NVMe SSD, 16GB DDR4 RAM 3200, 650W GOLD PSU, Wi-Fi, Win 11",0.0,0,False,ST-SHADOW4-2335-B-AL,839.99,Skytech,False
9SIA6ZPKFV2139,desktop,"HP OmniStudio X 27"" Touchscreen AiO Computer U7-155H 16GB 1TB SSD W11H",0.0,0,False,,900.16,HP,True
1VK-0053-011A0,desktop,MSI Codex R2 AI B2NVL5-445US Gaming Desktop Computer - Intel Core Ultra 5 225 (3.30 GHz)- 32 GB - 1 TB SSD - Windows 11 Pro - NVIDIA GeForce RTX 5060 8 GB GDDR7 - IEEE 802.11ax - 650W  CodR2AIB2NVL544,0.0,0,False,CodR2AIB2NVL5445,1409.0,MSI,False
9SIAE4NKGM1300,desktop,Dell OptiPlex 7020 Tower | Intel Core i5-12500 | 32GB DDR5 | 1TB SSD | DVD-RW | Dual Monitor Support | Windows 11 Pro,0.0,0,False,OPTIMT702012i5321TBS11PRS,899.99,DELL,False
9SIA8VGKAF9575,desktop,"Dell Optiplex 790 Desktop Tower PC, Intel Quad Core i5 (3.10GHz) Processor, 8GB RAM, 2TB Hard Drive, Windows 10 Home, DVD, Keyboard, Mouse, WiFi",4.2,5,False,79010HTI585006,124.49,DELL,False
9SIBUU5K6Z1352,desktop,"ACEMAGIC Mini Gaming PC Intel Core i9-11900H,Mini Computers 16GB DDR4 512GB NVMe SSD up to 4.9GHz,24 MB Intel Smart Cache,WiFi6/BT5.2/4K@60Hz/Multi-Mode/Built-in Dual Fans/RGB Control, AD08",5.0,2,False,AD0811900H,349.0,ACEMAGIC,False
9SIA1CZKHX5027,desktop,"CyberPowerPC Gamer Supreme Liquid Cooled Gaming Desktop Computer, AMD Ryzen 7 9800X3D 4.7GHz, 32GB RAM, 2TB SSD, NVIDIA GeForce RTX 5070 Ti 16GB, Windows 11 Home, Black",0.0,0,False,SLC11020CPGV4,2199.99,CyberpowerPC,False
9SIAHZNK5N5502,desktop,"Lenovo ThinkCentre M920s Small Form Desktop, Six Core i5 8500 3.0Ghz, 32GB DDR4, 512GB NVMe PCIe SSD, USB Type C, Windows 11 Pro",0.0,0,False,DPC-20492,346.67,Lenovo,True
9SIC06NKGJ0193,desktop,"Restored Intel NUC NUC7i5BNK Mini PC/HTPC, Intel Core i5-7260U Upto 3.4GHz, 16GB DDR4, 256GB SSD, Windows 11 Pro, Wifi, Bluetooth, 4k Support, Dual Monitor Capable, Thunderbolt 3",0.0,0,False,NUC7i5BNK8256,179.99,MITXPC,True
9SIACAGJZD0903,desktop,"HP EliteDesk 800 G5 Desktop Mini PC, Intel Six Core i5 9500T 2.2Ghz, 32GB DDR4 RAM, 128GB SSD Hard Drive, USB Type C, Wifi, Windows 11 Pro",0.0,0,False,DPC-20688,329.0,HP,True
83-630-105,desktop,Yeyian Gaming Desktop PC Vault YPA-VA960XC-5601N AMD Ryzen 5 9600X 32GB DDR5 1TB SSD GeForce RTX 5060 Windows 11 Home,0.0,0,False,YPA-VA960XC-5601N,979.99,YEYIAN,False
1VK-0001-6EM21,desktop,Dell OptiPlex 7010 SFF Desktop i5-3570 3.4GHz  8GB DDR3 NEW 256GB SSD No OS,5.0,1,False,OptiPlex7010SFF,131.99,DELL,True
9SIA60GKK58530,desktop,Dell Optiplex 7010 Micro Tower Desktop (2023) | Core i5 - 13500T - 256GB SSD Hard Drive - 16GB RAM | 14 cores @ 4.6 GHz Win 11 Pro Black,0.0,0,False,655200620178,479.0,DELL,True
9SIAR0TKF13468,desktop,"HP OmniDesk Desktop Intel Core Ultra 5, 16 GB;1 TB SSD  Windows 11 Home",0.0,0,False,B6NG1AA#ABA,649.99,HP,False
9SIA7ABKJC7470,desktop,"Acer Aspire Student & Business Desktop (Intel i5-14400, 32GB DDR5, 512GB PCIe SSD, Intel UHD, 300W PSU, WiFi 6E, Bluetooth 5.3, RJ-45, 2 HDMI, Win 11 Home)",0.0,0,False,ME-238978335704,859.99,Acer America,False
9SIAKDCJT06447,desktop,HP Business Desktop EliteDesk 800 G3-SFF Intel Core i7-6700 32GB DDR4 512GB SSD Windows 10 Pro 64-bit,0.0,0,False,NE1-22012,191.11,HP,True
9SIAKDCKA07607,desktop,DELL Business Desktop Precision 3431-SFF Intel Core i7-9700 32GB DDR4 1TB SSD Windows 11 Pro 64-bit,5.0,1,False,J1-P3431SA03,441.67,DELL,True
9SIB9B8KMG0072,desktop,"HP Z240 SFF 16GB 256GB Core i5-7600 3.5GHz WIN11P, Black",0.0,0,False,HP Z240 SFF-I5-256-MK-CR,169.0,HP,True
83-151-776,desktop,MSI Gaming Desktop PC Codex R2 Intel Core i5-14400F GeForce RTX 4060 16GB RAM 1TB NVMe SSD Windows 11 Home A14NUC5-435US,0.0,0,False,Codex R2 A14NUC5-435US,869.99,MSI,True
83-461-501,desktop,DELL Business Desktop OptiPlex 7070-SFF Intel Core i7-9700 32GB DDR4 1TB PCIe SSD Windows 11 Pro 64-bit,0.0,0,False,J1-7070SA08,670.99,DELL,True
9SIABFSKGM1535,desktop,"CLX SET Gaming Desktop - AMD Ryzen 9 9900X 4.4GHz 12-Core Processor, 32GB DDR5 Memory, GeForce RTX 5080 16GB GDDR7 Graphics, 2TB NVMe M.2 SSD, WiFi, Win 11 Home 64-bit",0.0,0,False,TGMSETRTU5104WM,2999.99,CLX,False
9SIAK3JJJC6697,desktop,Dell OptiPlex 3020 Tower Gaming Computer PC Intel Quad Core i7 4th Gen 4770 3.40 GHzz 16 GB RAM 1 TB New SSD AMD Radeon RX 550 4GB Win 10 Pro DVD-RW Wi-Fi With Free Gaming Keyboard and Mouse,0.0,0,False,D3020T10PI7477016G1SRX5504GB,299.99,DELL,True
9SIAJP0K9K8878,desktop,"STGAubron Gaming Desktop PC, Intel Core i5-9400F up to 4.1GHz, Radeon RX 5700 8G GDDR6, 16G DDR4, 1T SSD, 600M WiFi, BT 5.0, RGB Fan x 4, RGB Keyboard & Mouse & Mouse Pad, W11H64",5.0,1,False,NEGNFBAB0CZF4NMKH-US,599.99,STGAubron,False
9SIAHZNKKR8969,desktop,HP ProDesk 600 G5 Tiny/Mini Windows 11 Pro Business desktop Computer PC | Intel Hexa-Core I5-9500T 9th Gen CPU Up to 3.70 GHz | 16GB DDR4 RAM | 512GB NVMe SSD,0.0,0,False,H600G5TYI59500T16G512S11P,308.99,HP,True
9SIBMARKE68974,desktop,"VTG Gaming PC Desktop AMD Ryzen7 9800X3D ,Radeon RX9070XT 16G, 2TB NVME SSD, 32GB DDR5 RAM , 850W GOLD PSU ,  X870-P , Windows 11 Home 64-bit ,  WIFI, Prebuilt Gaming Pc New computer",3.6,24,False,EGG98X3D79XT,2399.0,VTG,False
83-360-836C,desktop,ABS Cyclone Aqua Gaming PC - Windows 11 - Intel Core i7-14700F - GeForce RTX 5060 Ti - DLSS 4 - AI-Powered Performance - 32GB DDR5 6000 - 1TB M.2 NVMe SSD - CA14700F5060TI3,0.0,0,False,CA14700F5060TI3,1299.99,ABS,True
9SIAKWUJZA9954,desktop,"Dell Optiplex 3080 Micro Form Factor Desktop, Intel Six-Core i5 10500T 2.3Ghz, 16GB DDR4, 256GB NVMe M.2 SSD, Windows 11 Pro",0.0,0,False,DPC-19037,365.99,DELL,True
9SIA7ABKG65756,desktop,"Velztorm Lux Gaming Desktop PC (AMD Ryzen 9 5950X, GeForce RTX 5070, 16GB DDR4, 1TB PCIe SSD + 2TB HDD, 360mm AIO, 1000W PSU, RJ-45, 1 Display Port, HDMI, Win 11 Pro)",0.0,0,False,ME-229909247750,1799.98,Velztorm,False
9SIAKDCHEB2062,desktop,HP Business Desktop EliteDesk 800 G3-SFF Intel Core i7-7700 32GB DDR4 512GB SSD Windows 10 Pro 64-bit,0.0,0,False,NE1-22105,209.23,HP,True
9SIBDYFKE22499,desktop,"NEOSMAY i5 Tower Computer Desktop PC Intel 13th Gen Core i5-13400T up to 4.4 GHz TDP 35W, 8GB Dual Channel DDR4 RAM 256GB NVME SSD Mini PC with Type C, Quad Display Support 4K,8*USB,2.5Gbe i226 LAN",0.0,0,False,S3B760i513400T8GB256GB,579.0,NEOSMAY,False
9SIC1BEKJH4315,desktop,"Lenovo ThinkCentre Mini Computer PC Intel Quad Core i5-6500T, 32GB DDR4 Ram, 512GB NVMe SSD, Wireless Keyboard & Mouse, Wi-Fi Adapter, Windows 11 Professional (Renewed)",0.0,0,False,MXZN-8/6/2025/928,264.99,Lenovo,True
9SIC1A0KH88208,desktop,"Gaming PC Desktop Computer,Intel Core i7 Desktop,Operating at A Frequency of 3.4GHz,RTX2060 6GB Graphics Card with 6GB GDDR6 Video Memory,16GB RAM, 1TB NVME SSD,WiFi 5.0,RGB Fan x4,White",0.0,0,False,i7/16G/1T/RTX2060,559.99,abytespark,False
83-151-652,desktop,MSI Mini PC PRO DP21 14M-1000US Intel Core i5-14400 32GB DDR5 Windows 11 Pro,0.0,0,False,PRO DP21 14M-1000US,799.0,MSI,False
83-461-226,desktop,DELL Business Desktop OptiPlex 7060-SFF Intel Core i7-8700 16GB DDR4 500 GB M.2 NVMe SSD Windows 11 Pro 64-bit,0.0,0,False,NE1-22223,521.99,DELL,True
9SIAE4NKJT1346,desktop,"Dell Ect1250 Tower Desktop - Intel Core Ultra 5 225 - Wi-Fi 6 and Bluetooth 5.4 - 16 GB DDR5 RAM,1 TB PCIe SSD - Windows 11 Pro",0.0,0,False,B2C_Dell-Ultra5-_7-4-25_16-1TP_2,757.39,DELL,False
83-630-089,desktop,Yeyian Gaming Desktop PC PHOENIX Iron Mesh AMD Ryzen 7 9700X GeForce RTX 5070 – AI Powered 32GB DDR5 6000MHz RGB 1 TB NVMe SSD 240mm AIO Windows 11 Home - YPA-PM970XC-5701N,4.0,1,False,YPA-PM970XC-5701N,1579.99,YEYIAN,False
9SIAKWUKG38407,desktop,"Dell Optiplex 7070 MicroTower 16GB 256GB SSD Core i7-9700T 2.0GHz WIN11P, Black",0.0,0,False,726449738112-2D-R-CR,404.99,DELL,True
9SIA6ZPKD88763,desktop,"MSI All-in-One Computer PRO AP272P 14M-600US Intel Core i7-14700 32GB DDR5 1TB PCIe SSD 27"" Windows 11 Pro 64-bit",4.0,4,False,PRO AP272P 14M-600US,1226.04,MSI,False
9SIAKDCKBE2592,desktop,"HP Elitedesk 800 G4 School & Business Mini Desktop (Intel i5-8600 6-Core, 32GB RAM, 1TB PCIe SSD, Intel UHD 630, , Win 11 Pro) Refurbished",0.0,0,False,ME-186068239327,285.06,HP,True
9SIBGVAKJU9524,desktop,"SEJISHI Gaming PC Ryzen 5 5500 with NVIDIA RTX 3050, 16GB DDR4, 1TB NVME SSD, RGB Fans, Windows 11 Compatible, WiFi Enabled Desktop",0.0,0,False,6976592030511,649.0,SEJISHI,False
9SIA24GKAA4498,desktop,"HP Z2 G9 Workstation - Intel Core i9 14th Gen i9-14900 - 32 GB - 1 TB SSD - Small Form Factor - Intel Chip - Windows 11 Pro - Intel UHD Graphics 770 Graphics - Serial ATA/600 Controller - 0, 1 RAID Le",0.0,0,False,A1NU0UT#ABA,2147.14,HP,False
9SIAKDCKGZ0254,desktop,Dell 5070 Small Desktop Computer (SFF) | Hexa Core Intel i5-9500 | 16GB DDR4 RAM | 500GB SSD Solid State + 1TB HDD | WiFi + Bluetooth | Windows 11 Pro,0.0,0,False,698869618179,289.44,DELL,True
9SIAKDCKBE8966,desktop,HP Computers ProDesk 600 G5 SFF Windows 11 Pro Business Desktop PC System | Intel Core i5 9th Gen Processor| 32GB DDR4 RAM | 1TB(Fast Boot) NVMe SSD | WIFI | Wireless Keyboard and Mouse - Black/Silver,0.0,0,False,H600G5SI5950032G1NVMe,301.89,HP,True
83-360-829C,desktop,ABS Eurus Ruby Gaming PC - Windows 11 - AMD Ryzen 7 9800X3D - GeForce RTX 5080 - DLSS 4 - AI-Powered Performance - 32GB DDR5 6400MHz - 2TB M.2 NVMe SSD - ER9800X3D50806,0.0,0,False,ER9800X3D50806,2515.38,ABS,True
9SIBW6VKGP2724,desktop,Dell Pro Tower QCT1255 Desktop Computer - AMD Ryzen 5 8500G - 16GB - 512GB SSD - Tower - Windows 11 Pro - 180W     FPVT6,0.0,0,False,FPVT6,829.99,DELL,False
9SIAKWUK2D9657,desktop,"Dell OptiPlex 7000 Micro Desktop Computer, Intel Core i7-12700T Upto 4.7GHz - 32GB RAM, 2TB NVMe SSD, Wi-Fi 6E, Bluetooth, USB Type-C, DisplayPort, HDMI - Windows 11 Pro",0.0,0,False,LN.D7000MICRO.i7-12700T.10,698.99,DELL,False
9SIB0GJKED1335,desktop,"MSI PRO DP21 Mini Business Desktop, Intel 10-Core i5-13400 Processor, 32GB RAM, 1TB SSD, HDMI, DP, Type-C, Support 2-Monitor 4K, Wired Keyboard & Mouse, Wi-Fi 6, Windows 11 Pro, Black",0.0,0,False,PRODP211707-C_CTO_N1,759.0,MSI,False
83-630-104,desktop,Yeyian Gaming Desktop PC YPA-EL780DC-57T1N AMD Ryzen 7 7800X3D 32GB DDR5 1TB SSD GeForce RTX 5070 Ti Windows 11 Home,0.0,0,False,YPA-EL780DC-57T1N,1799.99,YEYIAN,False
83-100-077,desktop,"Thermaltake LCGS View i1470TH-380 Gaming Desktop (Intel Core i9-14900KF, ToughRam 32GB DDR5 6400MT/s RGB Memory, NVIDIA GeForce RTX 5070 Ti, 2TB NVMe M.2, Wifi, Windows 11) V38H-Z790-57T-LCS",5.0,1,False,V38H-Z790-57T-LCS,2545.99,Thermaltake,False
9SIAKDCKAZ5328,desktop,"Dell Optiplex 3070 Micro Form Factor Desktop, Intel i5 9500T 2.2Ghz, 16GB DDR4, 256GB NVMe M.2 SSD, Wi-Fi, HDMI, Windows 11 Pro",0.0,0,False,DPC-18562,271.03,DELL,True
9SIA1HJKDD2335,desktop,"Skytech King 95 Gaming PC Desktop, Ryzen 7 9700X 3.8 GHz (5.5GHz Turbo), NVIDIA RTX 5070 12GB GDDR7, 1TB Gen4 SSD, 32GB DDR5 RAM 6000 RGB, 850W GOLD PSU, 360mm ARGB AIO , Wi-Fi, Win 11 Home",0.0,0,False,ST-KING95-1589-W-AL,1729.99,Skytech,False
9SIAKDCK5E4787,desktop,DELL Business Desktop OptiPlex 7060-MICRO Intel Core i5-8500T 8GB DDR4 256GB SSD Windows 11 Pro 64-bit,0.0,0,False,NE1-22216,216.03,DELL,True
9SIA5WMKKY2218,desktop,Dell Precision 3440 SFF Workstation Desktop - Intel Core i7-10700 2.90GHz 16GB 512GB - Windows 11 Pro,0.0,0,False,3K8HZB3,328.61,DELL,True
9SIAHZNKAR9993,desktop,"DELL OptiPlex Desktop Micro Computer Tiny PC Intel Quad Core i5-6500T upto 3.10GHz 16GB DDR4 RAM, 1TB Solid State Drive, Bto Keyboard & Mouse, Windows 11 Professional (Renewed)",0.0,0,False,WB-DE3050T-3,238.89,DELL,True
9SIAHZNK5M5384,desktop,Lenovo ThinkCentre M720s SFF Desktop - 8th Gen Intel Hexa-Core (6 Cores) i5-8500 up to 4.10 GHz 32 GB DDR4 1TB SSD DVD-R WiFi/BT Windows 11 Pro,5.0,1,False,Lenovo.M720s.i5_15,391.11,Lenovo,True
9SIAEMWJVG2661,desktop,"TITAN One 3.0-Included LIAN LI O11 DYNAMIC EVO Case, FSP HYDRO G PRO ATX3.0 1000W power supply, and CPU water cooling system",5.0,1,False,BPTA-O11DEVO_A3.0-BK,670.0,Bitspower,False
9SIAHZNKHZ2566,desktop,"Lenovo ThinkCentre Mini Computer PC Intel Quad Core i5-6500T, 16GB DDR4 Ram, 256GB NVMe SSD, Wireless Keyboard & Mouse, Wi-Fi Adapter, Windows 11 Professional (Renewed)",0.0,0,False,6/30/25/206,189.99,Lenovo,True
9SIAKDCFF97470,desktop,DELL Desktop Computer OptiPlex 7050-SFF Intel Core i7-7700 16 GB 1TB SSD Windows 10 Pro 64-bit,5.0,2,False,NE1-21777,221.67,DELL,True
9SIBPBAK5Y6448,desktop,"HIGOLE 15.6-Inch Industrial Tablet PC with Stand, Windows 11, Intel Celeron N5095 8GB RAM + 128GB ROM, Touch Screen All-in-One Mini Computer",0.0,0,False,F15GML,349.0,Higole,False
9SIA1HJKK14462,desktop,"Skytech Gaming Archangel Desktop PC, Ryzen 7 7700 3.8 GHz (5.3GHz), NVIDIA RTX 5060, 1TB Gen4 NVMe SSD, 32GB DDR5 RAM 6000 RGB, 650W GOLD PSU, Wi-Fi, Win 11",0.0,0,False,ST-ARCH4-2342-W-AL,1079.99,Skytech,False
9SIAE4NKMA1900,desktop,Dell Vostro Desktop | 12th Gen Intel Core i9-12900K|32GB DDR5|512GB SSD| WiFi-6| Dual Monitor Support| Windows 11 Pro,0.0,0,False,VOST303012i932512SD11,969.0,DELL,False
9SIC2K2KM79892,desktop,"NSX GAMING PC Desktop - AMD RYZEN 5 8500G, 16GB (2*8Gb) RAM DDR5 5200, 512 GB SSD NVME, Win 11, WiFi Ready, Mouse and Keyboard, 1 year warranty)",4.0,1,False,PGR5VAS4W-09,699.0,NSX GAMING,False
9SIB74MKFA2202,desktop,"KAMRUI Mini Computer 4K Mini PC Intel 12th Alder Lake N95 (up to 3.4GHz) Mini PC,12GB RAM 256GB M.2 SSD, Windows 11 Pro, 4K UHD, WiFi5",0.0,0,False,e2n978256,178.0,Kamrui,False
9SIAKWUJZY8353,desktop,"Dell Optiplex 7080 Micro Form Factor Desktop, Intel Octa-Core i7 10700T 2.0Ghz, 32GB DDR4, 1TB NVMe M.2 SSD, Wifi, USB Type C, Windows 10 Pro",0.0,0,False,DPC-17278,499.99,DELL,True
9SIA4P0KFG6563,desktop,CYBERPOWERPC SLC11040CPG Gamer Supreme Liquid Gaming Desktop - Ryzen 7 9800X3D - RTX 5080 - 32GB/2TB,0.0,0,False,SLC11040CPG,2349.99,CyberpowerPC,False
9SIAE4NKJG5143,desktop,Lenovo IdeaCentre 3i Desktop Compact Tower Intel Core i7-14700 Intel UHD Graphics 770 32GB RAM 512GB SSD USB-A 2.0 USB-A 3.2 USB-C 3.2 HDMI Bluetooth Wi-Fi 6 Mouse & Keyboard Windows 11 Pro Grey,0.0,0,False,HC325122032025,999.0,Lenovo,False
9SIAKWUJZE5498,desktop,"Dell Optiplex 5080 Micro Form Factor Desktop, Intel Octa-Core i7 10700T 2.0Ghz, 16GB DDR4, 512GB NVMe M.2 SSD, USB Type C, Windows 11 Pro",0.0,0,False,DPC-19173,469.99,DELL,True
9SIAK3JKJF7151,desktop,Dell OptiPlex 3070 SFF Business Desktop PC - Intel Hexa Core I5-8500 8th gen Processor Up to 4.10GHz | 16GB DDR4 RAM | 512GB NVMe SSD | HDMI |  Windows 11 Pro Computer | Free WiFi  Adapter,0.0,0,False,D3070SI5850016G512S11P,379.99,DELL,True
9SIA4R8KNP4375,desktop,"Dell OptiPlex 7460 23.8"" FHD 1920 x 1080 FHD All in One Desktop - 8th Gen Intel Hexa-Core i5-8500 3.0GHz 16 GB DDR4 512 GB SSD WiFi, Type-C USB, Webcam, Windows 11 Pro",5.0,1,False,Dell.AIO.7460-186,507.0,DELL,True
9SIA4R8JRV1368,desktop,"HP EliteOne 800 G4 24"" FHD All in One Desktop Intel Hexa Core i5-8500 3.20GHz 16 GB DDR4 512 GB SSD DVDRW Windows 11 Pro",5.0,1,False,Elite1-800G4AIO.I5._77,594.99,HP,True
9SIBM02KJU8569,desktop,Dell OptiPlex 7060 SSF Desktop Computer Core i5 8th Gen 32GB RAM 512GB SSD Wi-Fi Windows 11 Pro,0.0,0,False,00764046446030,379.0,DELL,True
9SIAK3JK7Y4561,desktop,Dell Computers OptiPlex 7010 SFF Home/ Office Desktop PC | Intel i5 Quad-Core Upto 3.60 GHZ CPU | 16GB RAM | 256GB SSD Storage | Windows 10 Pro | WIFI | Free Keyboard Mouse (Refurbish),5.0,1,False,D7010DI5347016G256SW - SRI,169.99,DELL,False
9SIAHZNK5N5504,desktop,"Lenovo ThinkCentre M920s Small Form Desktop, Six Core i5 8500 3.0Ghz, 32GB DDR4, 256GB NVMe PCIe SSD, USB Type C, Windows 11 Pro",0.0,0,False,DPC-20490,276.67,Lenovo,True
9SIAHZNKE07850,desktop,"Lenovo M800/M900 Desktop Computer Gaming PC, Intel Quad Core i5-6500 upto 3.60GHz, 16GB DDR4 Ram, 1TB HDD, Wi-Fi, NVIDIA GTX 1050 Ti, BTO RGB Keyboard & Mouse, Windows 11 Pro (Renewed)",0.0,0,False,WB-LEM89-i56-161HGTXP-6,302.99,Lenovo,True
9SIA1HJKFF9105,desktop,"Skytech Azure Gaming PC Desktop, Intel i7 14700F 2.1 GHz (5.3GHz Turbo), NVIDIA RTX 5060 8GB, 1TB NVMe SSD, 32GB DDR5 RAM 6000 RGB, 850W GOLD ATX 3 PSU, 360mm ARGB AIO , Wi-Fi, Win 11",0.0,0,False,ST-AZURE3PLUS-1994-B-AL,1249.99,Skytech,False
9SIBY2AKFV0603,desktop,"HYPER CYBER Ultra X BLACK Gaming PC Desktop Computer AMD Ryzen 7 7800X3D, Nvidia GeForce RTX 4090, 64GB DDR5, 4TB SSD, Windows 11 Home, VR Ready, RGB Lighting, WiFi, Ready to Use",4.9,11,False,HCUltraXBLKa7800X3Dn4090644,5419.0,Hyper Cyber,False
9SIBPMFKDM8085,desktop,ASUS NUC 14 Pro Slim Mini PC Intel Core Ultra 7 155H Intel Arc Graphics 32GB DDR5 RAM 2TB PCIe SSD Thunderbolt 4 Wi-Fi 6E  Bluetooth 5.3 Support 8K / 4K Quad Monitors Windows 11 Pro | VESA Mount,0.0,0,False,HC320022020925SUB,1069.0,ASUS,False
9SIAK3JKH99707,desktop,Lenovo ThinkCentre P330 Tower Computer Windows 11 Pro Desktop PC - Intel I5-8500 Six Core Processor | 32GB DDR4 RAM | 1TB SSD | Free Wireless Keyboard Mouse | WIFI  Adapter,5.0,1,False,LP330TI5850032G1S11P,424.99,Lenovo,True
9SIBPMFKJM1738,desktop,Dell ECT1250 Business Desktop Tower Intel Core Ultra 5-225 (Beat i7-14700) Intel UHD Graphics 64GB DDR5 RAM 2TB SSD Wi-Fi 6 BT 5.4 Wired KB and Mouse USB-C HDMI RJ-45 DP 1.4 Windows 11 Pro Black,0.0,0,False,HC640022080725SUB,1049.0,DELL,False
9SIAKDCBN20168,desktop,"Lenovo ThinkCentre M93p, Tower, Intel Core i7-4790 @ 3.60 GHz, 16GB DDR3, 1TB HDD, DVD-RW, Microsoft Windows 10 Pro 64-bit",5.0,4,False,6013301255240,155.56,Lenovo,True
9SIAKWUKDV1486,desktop,Dell Optiplex 5090 MICRO Intel Core i5-10500T 2.3GHz 16 GB RAM 256 GB SSD NVMe Windows 11 Pro 64 bit,0.0,0,False,J1-5090MA01,369.99,DELL,True
9SIA1HJKM95846,desktop,"Skytech Gaming Nebula Gaming PC, AMD Ryzen 5 3600 3.6GHz, NVIDIA RTX 3050 6GB, 1TB NVMe SSD, 16GB DDR4 RAM 3200, 650W GOLD PSU, Wi-Fi, Win 11, Desktop",0.0,0,False,ST-NEBULA-1970-B-AL,699.99,Skytech,False
9SIAJP0KN80841,desktop,"STGAubron Gaming PC Desktop, Radeon RX 580 16G Graphics, Intel Core i7 up to 3.9Ghz, 16G RAM, 512G SSD, 600M WiFi, BT 5.0, RGB Fan x3, Windows 11 Home",0.0,0,False,NEGNFBAB0CDQ4WMZT-US11,489.99,STGAubron,False
9SIBMWWK9D2034,desktop,"GenMachine Mini PC AMD Ryzen 3 2200U,8GB RAM 256GB M.2 NVMe SSD, AMD Radeon Vega 8 Graphics,2 x 4K Output, 1 x HDMI Ports,1 x DP Ports,4 x USB 3.0,Wifi5, Bluetooth4.2,Windows 10 Desktop Computer",0.0,0,False,6976313831263,149.99,GenMachine,False
9SIAAJ2KGC9261,desktop,Dell Optiplex 3000 SFF Desktop Intel Hex-Core i5-12500 3.00GHz 16GB 512GB SSD Windows 11 Pro,0.0,0,False,D3000S12500NOM.2W11J,554.99,DELL,True
9SIAKDCK4H4666,desktop,HP EliteDesk 800 G1 SFF Computer PC i5 4570 3.2Ghz 32GB DDR3 RAM 512GB SSD NVIDIA GeForce GT 1030 2GB Win 10 Pro WIFI with Desktop PC Keyboard & Mouse HAJAAN HC120 HDMI,5.0,2,False,h800g1si532g512s1030,221.11,HP,True
9SIA0ZXKAP9165,desktop,"MSI All-in-One Computer Modern AM242TP 1M-1200US Intel Core 3 100U 8GB DDR5 512GB PCIe SSD 23.8"" Touchscreen Windows 11 Home 64-bit",0.0,0,False,Modern AM242TP 1M-1200US,744.08,MSI,False
9SIAKWUK9S1016,desktop,"Dell Optiplex 7090 Micro Tower Business Desktop PC, 10th Gen Intel Core i5-10500 3.1GHz, 32GB DDR4 RAM, 512GB M.2 SSD, WiFi Bluetooth, Keyboard & Mouse, Windows 11 Pro Grade B",0.0,0,False,782248427964,479.99,DELL,True
9SIAKWUJCG3494,desktop,"Dell Optiplex 5080 Short Form Factor Desktop, Intel i7-10700, 16GB DDR4, 512GB NVMe M.2 SSD, Windows 11 Pro",5.0,1,False,dell_5080sff_i710_jg_16_512n__,456.99,DELL,True
9SIAKWUKDA6924,desktop,"Dell Optiplex 5080 Small Form Factor Desktop, Intel i5 10500 3.1Ghz, 32GB DDR4, 256GB NVMe M.2 SSD, DVD-RW, Windows 11 Pro",0.0,0,False,DPC-23683,399.99,DELL,True
9SIAKWUKDA6925,desktop,"Dell Optiplex 5080 Small Form Factor Desktop, Intel i5 10500 3.1Ghz, 16GB DDR4, 256GB NVMe M.2 SSD, DVD-RW, Windows 11 Pro",0.0,0,False,DPC-23679,409.99,DELL,True
9SIAKDCKB35045,desktop,DELL Desktop Computer 5050-T Intel Core i7-7700 32GB DDR4 1TB SSD Windows 10 Pro 64-bit,0.0,0,False,NE1-21795,260.0,DELL,True
9SIA6ABHWU9825,desktop,"Dell OptiPlex 7470 23.8"" FHD 1920 x 1080 All in One Desktop - 9th Gen Intel Hexa-Core i5-9500 3.0GHz 16 GB DDR4 512 GB SSD WiFi, Type-C USB, Webcam, Windows 11 Pro",0.0,0,False,Dell.AIO.7470-55,540.0,DELL,True
9SIAK3JK8D6343,desktop,HP Business Desktop PC ProDesk 600 G4 SFF High-Performance Windows 11 Pro Computer - Hexa Core I5 8500 Processor | 16GB DDR4 RAM | 1TB SSD (Fast boot) | WIFI Bluetooth | Wireless Keyboard Mouse,5.0,1,False,H600G4SI5850016G1S,329.99,HP,True
9SIBPBAK439825,desktop,"HIGOLE GOLE 2 Pro Mini PC - Windows 11 Pro, Intel Celeron N5095, 16GB LPDDR4,512GB SSD, WiFi 5, Bluetooth 5.2, Gigabit Ethernet, Micro PC Support 4K HDMI Double Display 16GB DDR4 RAM 512GB SSD",4.7,3,False,Gole 2 Pro16512,239.0,Higole,False
9SIBWCHKMB7622,desktop,Andromeda Insights Ultra Intel 50 Vector - RTX 5080 16GB GDDR7 | Core Ultra 7 265KF (5.5 GHz Turbo Boost) | 32GB DDR5 6000MHz | 2TB Gen4 SSD | 850W Gold PSU | ARGB Fans | Wi-Fi + BT | Win 11,0.0,0,False,V100-RTX5080-265KF-2TB-32GB-850W-BLK,2199.99,Andromeda Insights,False
9SIAKDCBUE8723,desktop,"Dell OptiPlex 790, Desktop, Intel Core i7-2600 @ 3.40 GHz, 16GB DDR3, 1TB HDD, DVD-RW, Microsoft Windows 10 Pro 64-bit",4.8,5,False,6013307145156,128.05,DELL,True
9SIBGVAKJX1440,desktop,"SEJISHI Gaming PC Computer AMD Ryzen 7 5700X 3.4 GHz, NVIDIA GeForce RTX 3080,32GB(16G*2) DDR4 3200MHz,NVME M.2 1TB SSD, 850W, sjs240Liquid-Cooled, Win 11 Ready Gaming Desktop Computer",0.0,0,False,6976592030516,999.0,SEJISHI,True
9SIAHZNKHT8789,desktop,"Lenovo ThinkCentre SFF Desktop Computer PC, Intel Quad Core i5-4570 upto 3.60GHz, 16GB DDR3 Ram, 512GB SSD, Wi-Fi , Keyboard & Mouse, Windows 11 Professional (Refurbished)",0.0,0,False,6/23/25749,199.99,Lenovo,True
9SIBPBAKGS3951,desktop,"HIGOLEPC 10.1"" Industrial Touch Panel PC Windows 11 Pro 10-Point Touch 8GB RAM 128GB ROM Dual HDMI 2.0 WiFi 5  BT 5.0",0.0,0,False,F10 Flat slope,239.0,Higole,False
9SIAKDCK5E4778,desktop,"Dell Optiplex 7060 Micro Form Factor Desktop, Intel Six Core i7 8700T 2.4Ghz, 32GB DDR4, 1TB NVMe M.2 SSD, USB Type C, Wifi, Windows 11 Pro",4.0,1,False,DPC-20609,368.34,DELL,True
83-151-610,desktop,MSI Codex R2 Gaming Desktop Intel Core i5-14400F GeForce RTX 4060 16GB Memory 2TB PCIe SSD Windows 11 Home B14NUC5-091US,5.0,1,False,CodR2B14NUC5091,879.99,MSI,True
9SIAHZNKJH4939,desktop,"HP 800 G2 Tower Desktop Computer PC, Intel Quad Core i5-6500 upto 3.60GHz, 16GB DDR4 Ram, 1TB SSD, NVIDIA GT1030, Built-in Wi-Fi & Bluetooth, RGB Keyboard & Mouse, Windows 11 Professional Refurbished",0.0,0,False,ZN-800G2-7/24/2025/505,299.99,HP,True
83-451-246,desktop,HP Business Desktop ProDesk 600 G4-SFF Intel Core i7-8700 16GB DDR4 256GB PCIe SSD Windows 11 Pro 64-bit,4.0,1,False,J1-600G4SA02,441.98,HP,True
9SIA6AB5226743,desktop,Dell OptiPlex 9010 SFF Desktop Intel Core i5-3470 3.2GHz 8GB RAM 256 GB SSD DVD-RW Windows 10 Pro,5.0,1,False,Dell9010Win10_5,96.97,DELL,True
9SIBNCZK8Z1334,desktop,Blackout Computers - Gaming desktop - Intel Core i7 4790 4 core 4.0GHz - 16GB DDR3 1600MHz - 1TB M.2 NVMe - 500W PSU - Windows 10 Pro - WIFI - Bluetooth - Gaming PC White,0.0,0,False,Eclipse580W,499.99,Blackout Computers,False
9SIAKWUK2D9654,desktop,"Dell OptiPlex 7000 Micro Desktop Computer, Intel Core i7-12700T Upto 4.7GHz - 64GB RAM, 1TB NVMe SSD, Wi-Fi 6E, Bluetooth, USB Type-C, DisplayPort, HDMI - Windows 11 Pro",0.0,0,False,LN.D7000MICRO.i7-12700T.11,715.99,DELL,False
9SIB9G5JM48134,desktop,"HP Business Desktop ProDesk 600 G3-SFF i5-6700 3.4GHz, 8GB, 500 GB HDD, DVDRW, Keyboard & Mouse, Windows 10 Pro",0.0,0,False,HP-12,95.99,HP,True
83-100-050,desktop,"Thermaltake LCGS Vista i460TM Gaming Desktop (Intel Core i7-14700F, ToughRam 32GB DDR5 5600MT/s RGB Memory, NVIDIA GeForce RTX 5060 Ti 8G, 1TB NVMe M.2, Wifi, Windows 11) V27M-B760-46T-LCS",0.0,0,False,V27M-B760-46T-LCS,1479.99,Thermaltake,False
83-360-840C,desktop,ABS Eurus Ruby Gaming PC - Windows 11 - AMD Ryzen 9 9950X3D - GeForce RTX 5090 - DLSS 4 - AI-Powered Performance - 32GB DDR5 6400 - 2TB M.2 NVMe SSD - ER9950X3D50902,0.0,0,False,ER9950X3D50902,4399.99,ABS,True
9SIAC3JKJH4253,desktop,ArsenalPC C301 GLASS - Intel Core i9-14900KF 24 core 3.2GHz - GeForce RTX 5070 Ti - 2TB NVMe SSD - 64GB DDR5(2X32GB) - 850W - Windows 11 Liquid Cooled Gaming PC,5.0,2,False,C30114900KF5070TI2TB64GBD5-,2698.0,ArsenalPC,False
9SIAJP0KFY9413,desktop,"STGAubron Gaming PC Computer Desktop, AMD Ryzen 5 5500 up to 4.2GHz, GeForce RTX 3050 6G, 16GB DDR4 RAM, 512GB SSD, WiFi 6 5G Supported & BT 5.2, RGB Fan x2, Windows 11 Home",0.0,0,False,NEGNFBAB0F1457YSB-US,629.99,STGAubron,False
9SIB11NKGB3366,desktop,"Hoengager Gaming PC -AMD Ryzen 7 9800X3D 8-Core 5.2 GHz-RTX 5070 12GB-32GB DDR5 6000MHZ RAM-1TB PCIe SSD -WIFI &BT -Prebuilt PC 360AIO Liquid Cooler ,850W PSU ,Win11 Pro Desktop Computer-Black",5.0,1,False,CBDTHEALB9800X3DLQ32G1T50712GW11P,1839.99,Hoengager,False
83-151-320,desktop,MSI Business Desktop PRO DP21 13M-661US Intel Core i3-13100 8GB DDR4 1TB PCIe SSD Windows 11 Pro 64-bit,4.7,13,False,PRO DP21 13M-661US,499.0,MSI,False
9SIA6ZPKD88782,desktop,"MSI All-in-One Computer Modern AM242TP 1M-1095US Intel Core 5 120U 16GB DDR5 1TB PCIe SSD 23.8"" Touchscreen Windows 11 Pro 64-bit",0.0,0,False,Modern AM242TP 1M-1095US,1069.93,MSI,False
9SIAKDCDBA9327,desktop,"Dell Optiplex 9020 Small Form Desktop, Quad Core i7 4770 3.4Ghz, 32GB DDR3 RAM, 500GB Hard Drive, DVD-RW, Windows 10 Pro",0.0,0,False,DPC-01955,147.5,DELL,True
9SIAC3JKG48520,desktop,ROG Strix Helios GX601 - Intel Core Ultra 9-285K 24 core 5.7GHz - Geforce RTX 5090 - 2TB HDD + 4TB NVMe SSD - 128GB DDR5(4X32GB) - 1200W - Windows 11 Liquid Cooled Gaming Desktop PC WiFi RGB,0.0,0,False,GX601285K50904TB128GD5,6520.0,ASUS,False
9SIBYRBKJM4456,desktop,Apple  Mac Mini (2020) M1 - Apple M1 chip 8-core CPU - 256GB - Silver - 8GB RAM - Excellent (Grade A),0.0,0,False,713DDD94D8E31DZ,260.09,Apple,True
9SIA4P0KG18135,desktop,iBUYPOWER Slate 8 MESH Gaming PC Desktop - AMD Ryzen 7 7800X3D - AMD Radeon RX 7700 XT 12GB - 32GB DDR5 RGB - 1TB NVMe SSD - SMA7R77XT02,4.4,24,False,SMA7R77XT02,1399.99,iBUYPOWER,False
83-988-102,desktop,"Dell Pro 24 QC24250 23.8"" Full HD All-in-One Computer - Intel Core Ultra 7 265 - vPro Technology - 16 GB - 256 GB SSD -  Intel Q870 Chip - Windows 11 Pro - IEEE 802.11ax - 160W    PRF9P",0.0,0,False,PRF9P,1320.99,DELL,False
9SIAE4NKHA0754,desktop,"Dell OptiPlex Tower, Intel Core i9-12900K,32GB DDR5, 256GB SSD, DVDRW, Intel UHD Graphics, Dual Monitor Support, Windows11 Pro",0.0,0,False,OPTIMT7020i932256S11PRAX,1089.99,DELL,False
9SIAK3JK8D6344,desktop,HP Desktop Computer ProDesk 600 G4 SFF Windows 11 Pro High-Performance PC - Intel Hexa-Core I5 8th Gen CPU Up to 4.10 GHz/ 32GB DDR4 RAM/ 512GB SSD/ WiFi/ Wireless Keyboard Mouse - Black/Silver,0.0,0,False,H600G4SI5850032G512S,362.49,HP,True
9SIBYN7KMK0100,desktop,Dell Pro QCS1250 Slim PC - Intel Core Ultra 5 235 - 16 GB - 512 GB SSD - Windows 11 Pro - 180W   56TWD,0.0,0,False,56TWD,788.99,DELL,False
9SIC1BEKJ77523,desktop,"Dell OptiPlex 5060 - Windows 11 Desktop Computer | Intel i5-8500 Six Core (4.3GHz Turbo) | 16GB DDR4 RAM | 500GB SSD + 1TB HDD | WiFi + Bluetooth | RGB Mouse + Keyboard | 24"" 1080p Monitor",0.0,0,False,698869503062,349.99,DELL,True
9SIBM02KHJ6951,desktop,Dell OptiPlex MT Desktop Computer Intel Core i5 4GB Ram 500GB HDD Windows XP Pro,0.0,0,False,00764046445910,249.0,DELL,True
9SIAR0TKF44964,desktop,"OMEN Desktop Intel Core i5 14th gen, 16 GB;512 GB SSD  Windows 11 Home",0.0,0,False,B73MLAA#ABA,729.99,HP,False
9SIADGYK5Z5487,desktop,DELL Business Desktop OptiPlex 7060-SFF Intel Core i7-8700 32GB DDR4 1TB PCIe SSD Windows 11 Pro 64-bit,4.5,2,False,J1-7060SA08,479.99,DELL,True
83-100-052,desktop,"Thermaltake LCGS Vista i470 Gaming Desktop (Intel Core i7-14700F, ToughRam 32GB DDR5 5600MT/s RGB Memory, NVIDIA GeForce RTX 5070, 1TB NVMe M.2, Wifi, Windows 11) V27B-B760-470-LCS",5.0,2,False,V27B-B760-470-LCS,1762.99,Thermaltake,False
9SIAC3JKJH4253,desktop,ArsenalPC C301 GLASS - Intel Core i9-14900KF 24 core 3.2GHz - GeForce RTX 5070 Ti - 2TB NVMe SSD - 64GB DDR5(2X32GB) - 850W - Windows 11 Liquid Cooled Gaming PC,5.0,2,False,C30114900KF5070TI2TB64GBD5-,2698.0,ArsenalPC,False
9SIC1BEKJY9228,desktop,HP EliteDesk 800G4 Desktop Computer | Intel i5-8500 (3.2) | 16GB DDR4 RAM | 1TB SSD Solid State | Windows 11 Professional | New 24in LCD Monitor | Home or Office PC,4.0,1,False,698869574376,359.99,HP,True
9SIAE4NKHA0747,desktop,"Dell OptiPlex Tower, Intel Core i9-12900K,32GB DDR5,1TB SSD, DVDRW, Intel UHD Graphics, Dual Monitor Support, Windows11 Pro",0.0,0,False,OPTIMT7020i9321TBS11PRAX,1239.0,DELL,False
9SIAE4NKF33056,desktop,"MSI Desktop Computer Cubi NUC,Intel Core 5 120U 10-Core Processor,16GB DDR5,500GB SSD,Intel Graphics,Wifi-6,Windows 11 Pro",0.0,0,False,MSICUBINCORE516500SD11PRO,649.99,MSI,False
9SIAKDCHC08787,desktop,HP Business Desktop EliteDesk 800 G2-SFF Intel Core i7 6th Gen 6700 (3.40GHz) 16GB DDR4 512 GB SSD WIFI No ODD Windows 10 Pro 64-bit,3.4,5,False,NE1-22047,177.22,HP,True
9SIAHZNKH61788,desktop,"HP EliteDesk 800 G3 Tower Desktop Computer PC, Intel Quad Core i5-6500 upto 3.60GHz, 16GB DDR4 Ram, 512GB SSD, Built-in Wi-Fi , Keyboard & Mouse, Windows 11 Professional (Refurbished)",0.0,0,False,zni5616512002,199.99,HP,True
9SIC1BEKGX4023,desktop,"HP G4 Desktop Tower Computer PC Intel Hexa Core i5-8500 upto 4.10GHz 64GB Ram 1TB SSD 1TB HDD Built-in Wi-Fi, Bto Keyboard & Mouse, Windows 11 Professional (Renewed)",0.0,0,False,WB-HPG4Ti5-4,499.99,HP,True
9SIAKWUK1T8119,desktop,"Dell OptiPlex 7080 Micro Form Factor Mini Business Desktop, Intel Core i5-10500T Processor, 16GB RAM, 1TB SSD, DisplayPort, RJ45, Wi-Fi 6, Windows 11 Pro, Black",5.0,1,False,OPTIPLEX1875-C_CTO_N1,419.99,DELL,False
9SIA4R8JPM7028,desktop,"HP EliteOne 800 G3 AIO 23-inch Touchscreen All-in-One PC, Intel Core i5-6500@3.2 GHz, 16 GB DDR4, 1 TB SSD, Camera, Windows 10 Home",0.0,0,False,Eliteone-800-G3-16-1,548.99,HP,True
9SIAKDCK398306,desktop,HP Business Desktop EliteDesk 800 G4-MINI Intel Core i7-8700T 32GB DDR4 500GB PCIe SSD Windows 11 Pro 64-bit,0.0,0,False,J1-800G4MA10,321.13,HP,True
9SIA6ABA3S8072,desktop,Dell OptiPlex 7010 Slim Tower Desktop Intel Core i7-3770 3.4GHz 16GB RAM 512 GB SSD DVD-RW WiFi Windows 10 Pro,0.0,0,False,Dell7010DT.i7.-11,139.89,DELL,True
3D5-000D-00249,desktop,"Cobratype Gaming PC - Ryzen 7 9700X, RTX 5080, 32 GB DDR5 RAM, 2 TB NVMe, 360mm AIO Liquid Cooler, Windows 11 Home - Gaming Desktop",0.0,0,False,Mangrove58,2349.99,Cobratype,False
9SIA1HJKF43841,desktop,"Skytech Blaze4 Mini Gaming PC Desktop, Ryzen 7 7700 3.8 GHz (5.3GHz Turbo), NVIDIA RTX 5060 Ti 16GB, 1TB Gen4 NVMe SSD, 32GB DDR5 RAM 6000 RGB, 650W GOLD PSU, Wi-Fi, Win 11",0.0,0,False,ST-BLAZE4MINI-1887-B-AL,1229.99,Skytech,False
9SIA6AB8ZF6632,desktop,Dell OptiPlex 9020 USFF Desktop Intel Core i5-4570 3.2GHz 16GB RAM 128 GB SSD DVD-RW WiFi Windows 10 Pro,5.0,1,False,Dell9020USFF_4,107.97,DELL,True
9SIC21HKKB5357,desktop,AODU Gaming Desktop PC-Windows11-Intel i7 14700F 2.1 GHz (5.3GHz Turbo)-GeForce RTX 5060 Ti 16G OC -DDR5 32GB 6000MHz RMA-1TB M.2 NVMe SSD-800W PSU-panoramic PC case WiFi6 RGB White Prebuilt Gaming PC,0.0,0,False,6976592030533,1499.0,AODU,False
9SIABFSK9Z9103,desktop,"CLX Gaming Desktop - Intel Core i9 14900KF 3.2GHz 24-Core Processor, 32GB DDR5 Memory, GeForce RTX 4070 SUPER 12GB GDDR6X Graphics 1TB NVMe M.2 SSD, 4TB HDD, WiFi, Win 11 Home 64-bit",0.0,0,False,TGMSETRTU4208BM,1999.99,CLX,False
9SIBM02KKE7704,desktop,Dell OptiPlex 9010 SSF Core i5 Desktop Computer 32GB Ram 512GB SSD Wi-Fi Windows 11 Pro,0.0,0,False,00764046446047,299.0,DELL,True
9SIA6ABJHJ5455,desktop,Lenovo ThinkCentre M720s SFF Desktop - 8th Gen Intel Hexa-Core (6 Cores) i7-8700 up to 4.60 GHz 32 GB DDR4 256 GB SSD DVD-R WiFi/BT Windows 11 Pro,0.0,0,False,Lenovo.M720s.i7_9,474.95,Lenovo,True
83-420-001,desktop,STORMCRAFT Gaming PC SIRIUS Intel Core i5-14400F Intel Arc B580 12GB OC ASROCK – AI Powered 16GB DDR5 RGB 6000MHz 1TB NVMe SSD 650W PSU Windows 11 Home - SI1440FBB-B58N1,4.8,71,True,SI1440FBB-B58N1,884.99,STORMCRAFT,False
9SIBM02KFJ5540,desktop,Dell Optiplex 760 SFF 500GB Windows XP Pro SP3 32Bit Desktop Computer PC 4GB RAM,0.0,0,False,00764046445620,249.0,DELL,True
9SIAHZNKHP0574,desktop,"HP EliteDesk 800 G4 SFF RGB Desktop Computer, GT 730 2GB, Intel Six Core i5-8500 up to 4.1GHz, 16GB DDR4 RAM, 512GB SSD, WiFi, BT, Windows 11 Pro",0.0,0,False,H800G4SI516G512GG730,355.56,HP,True
9SIAKDCHZZ7067,desktop,DELL Desktop Computer 7050-T Intel Core i7-6700 16GB DDR4 512GB SSD Windows 10 Pro 64-bit,0.0,0,False,NE1-21827,212.78,DELL,True
9SIAK3PKF35352,desktop,ADAMANT CUSTOM 16-Core Liquid Cooled Media Workstation Desktop Computer PC AMD Ryzen 9 9950X3D 4.3GHz X870 AORUS 64GB DDR5 RAM 2TB NVMe GEN4 SSD 750W WiFi7 Bluetooth HDMI USB4 Integrated Graphics,0.0,0,False,B3877,2599.99,Adamant Custom,False
9SIAK3JKBU8833,desktop,Dell Optiplex 5050 SFF Desktop Computer PC - Intel Core I7-6700 Up to 4.00 GHz | 16GB DDR4 RAM | 512GB SSD | GeForce GT 1030 2GB GPU(HDMI) | Windows 10 Pro | Wireless Keyboard and Mouse,4.0,1,False,D5050SI7616G512SGT103010P -E,309.99,DELL,False
9SIBM02KGP7374,desktop,Dell OptiPlex 7050 SFF Core i7 Desktop Computer 16GB RAM 512GB SSD Wi-Fi Windows 11,0.0,0,False,00764046445408,379.0,DELL,True
1VK-0017-00V84,desktop,"Acer Nitro 50 Gaming Desktop PC, Intel Core i5-13400F, GeForce RTX 3060 Graphics, 16GB DDR4 3200MHZ Memory, 512GB M.2 2280 PCIe Gen 4 SSD, 1TB 7200RPM HDD, DTS: X Ultra, Windows 11 Home, N50-650-UR13",0.0,0,False,DG.E3HAA.003,999.0,Acer America,False
9SIC1A0KH88197,desktop,"Prebuilt Gaming PC Desktop Computer,Intel Core i7 Desktop,Operating at A Frequency of 3.4-3.9 GHz,RX590 Graphics Card with 8GB GDDR5 Video Memory,16GB RAM, 1TB NVME SSD,WiFi 5.0,RGB Fan x4",0.0,0,False,AOV590,409.99,abytespark,False
9SIACAGK0P4940,desktop,DELL Desktop PC 7070 Intel Core i7-9700T 16GB 512GB SSD Windows 11 Pro 64-bit,0.0,0,False,J1-7070MA08,360.0,DELL,True
9SIAKWUHNX5179,desktop,DELL Business Desktop OptiPlex 7070-SFF Intel Core i7-8700 16GB DDR4 500 GB M.2 NVMe SSD Windows 11 Pro 64-bit,5.0,2,False,NE1-22227,384.99,DELL,True
9SIAKDCKGP9276,desktop,DELL Desktop OptiPlex 7040 SFF Intel Core i7 6th Gen 6700 (3.40GHz) 16GB DDR4 RAM 1TB SSD DVD Intel HD Graphics 530 Windows 10 Pro Grade A,4.7,51,True,Dell 3040,209.44,DELL,True
9SIAJZDKHK4573,desktop,"HP OmniDesk Desktop PC, Intel Core Ultra 5 225(Up to 4.9GHz), 32GB DDR5 5600MHz 1TB PCIe 4.0 SSD, Intel Graphics, Wifi 6, Bluetooth 5.4, Microsoft Copilot, Windows 11 Home, Dark Wood",0.0,0,False,004049-198990143675-32-1024-H,941.99,HP,False
9SIA0ZXK6W7445,desktop,MSI Gaming Desktop Aegis RS2 C14NUE7-818US Intel Core i7-14700KF 32GB DDR5 2TB PCIe SSD GeForce RTX 4070 SUPER Windows 11 Home 64-bit,4.5,79,False,Aegis RS2 C14NUE7-818US,1839.84,MSI,False
9SIBYWEKDT5196,desktop,Dell Precision T3610 Workstation E5-1620 v2 3.7GHz 4-Cores 64GB DDR3 Quadro K600,5.0,2,False,DSB T361000105,155.27,DELL,True
9SIAE4NKE63058,desktop,"MSI Desktop Computer Cubi NUC,Intel Core 3 100U Processor,16GB DDR5,500GB SSD,Intel Graphics,Wifi-6,Windows 11 Pro",0.0,0,False,MSICUBINCORE316500SD11PRO,499.99,MSI,False
9SIAHZNK5N5475,desktop,"Lenovo ThinkCentre M920s Small Form Desktop, Six Core i5 8500 3.0Ghz, 32GB DDR4, 1TB NVMe PCIe SSD, USB Type C, Windows 11 Pro",0.0,0,False,DPC-20489,348.89,Lenovo,True
9SIAKWUJCG3500,desktop,"Dell Optiplex 5080 Short Form Factor Desktop, Intel i7-10700, 32GB DDR4, 1TB NVMe M.2 SSD, Windows 11 Pro",0.0,0,False,dell_5080sff_i710_jg_32_1TBn__,516.99,DELL,True
9SIBM02KJ95134,desktop,Dell OptiPlex 7050 SSF Core i5 Desktop Computer 16GB RAM 512GB SSD Windows 11 Pro Wi-Fi,0.0,0,False,00764046445972,299.0,DELL,True
9SIBPGTK1Z4240,desktop,Periphio Terra Prebuilt Gaming PC |AMD Ryzen 5 5600G (4.4GHz Turbo) | Radeon Vega 7 Graphics | 1TB M.2 NVMe SSD | 16GB DDR4 RAM | Windows 11 Gaming Desktop Computer | WiFi + BT,3.3,3,False,698869998868,604.99,Periphio,False
9SIAE4NKMA1901,desktop,Dell Vostro Desktop | 12th Gen Intel Core i9-12900K| 32GB DDR5|512GB SSD Plus 1TB HDD| WiFi-6| Dual Monitor Support| Windows 11 Pro,0.0,0,False,VOST303012i932512SD111TB,999.0,DELL,False
9SIC1BEKJH4598,desktop,"Lenovo ThinkCentre Mini Computer PC Intel Core i5-6500T, 16GB DDR4 Ram, 256GB NVMe SSD, Wireless Keyboard & Mouse, Wi-Fi, Windows 11 Professional (Renewed)",0.0,0,False,MXZN-8/6/2025/936,194.99,Lenovo,True
9SIA1HJKFX5655,desktop,"Skytech Shadow Gaming PC Desktop, Ryzen 5 7600X 4.7 GHz (5.3GHz Turbo), AMD RX 7600 8GB , 1TB NVMe SSD, 32GB DDR5 RAM 6000 RGB, 650W GOLD PSU, 240mm ARGB AIO, Wi-Fi, Win 11",0.0,0,False,ST-SHADOW4-1092-B-SK,1029.99,Skytech,False
9SIAJP0KKJ6621,desktop,"STGAubron Gaming PC Desktop, GeForce RTX 3060 Ti 8G Graphics, AMD Ryzen 7 5700X up to 4.6Ghz, 32G DDR4 RAM, 1TB SSD, 600M WiFi, BT 5.0, RGB Fan x 4, Windows 11 Home",0.0,0,False,NEGNFBAB0CCW3CG8N-USVA,879.99,STGAubron,False
9SIADG3KJF3815,desktop,"Intel NUC 14 Pro Slim Kit Mini PC (Intel Core 3 100U (> i7-1165G7), 8GB RAM, 256GB SSD) Booksize Business Desktop, Support 4 x 4K Monitors, 2 x Thunderbolt 4, Wi-Fi 6E, Win 11 Pro, NUC14RVKI3 - ASUS",0.0,0,False,ASUS NUC14 Pro Slim Kit Mini PC C3 8 256,499.99,ASUS,False
9SIAE4NKNU1074,desktop,"Lenovo ThinkCentre Neo 50Q Tiny Business Mini Desktop (Intel i5-13420H, Intel UHD, 16GB DDR4, 512GB PCIe SSD, WiFi 6, Bluetooth 5.2, 65W PSU, RJ-45, 1 Display Port, 1 x HDMI 2.1, Win 11 Home)",0.0,0,False,ME-243502300333,549.99,Lenovo,False
9SIC21HKKB5357,desktop,AODU Gaming Desktop PC-Windows11-Intel i7 14700F 2.1 GHz (5.3GHz Turbo)-GeForce RTX 5060 Ti 16G OC -DDR5 32GB 6000MHz RMA-1TB M.2 NVMe SSD-800W PSU-panoramic PC case WiFi6 RGB White Prebuilt Gaming PC,0.0,0,False,6976592030533,1499.0,AODU,False
9SIA4P0KEJ2948,desktop,MSI Desktop Computer Cubi N ADL-021US Intel N100 4GB DDR4 128 GB M.2 SATA SSD Windows 11 Pro 64-bit,4.5,4,False,Cubi N ADL-021US,320.6,MSI,False
9SIAHZNKD29336,desktop,"Lenovo ThinkCentre M920 Desktop SFF Computer PC Intel Hexa Core i5-8500 up to 4.10GHz, 16GB DDR4 Ram, 512GB SSD Built-in Wi-Fi + Bluetooth, BTO Keyboard & Mouse, Windows 11 Pro (Renewed)",3.0,1,False,WB-LEi58-16512-6,314.44,Lenovo,True
9SIAKWUKG38459,desktop,"Dell Optiplex 7080 Small Form Desktop, Eight-Core i7 10700 2.9Ghz, 16GB DDR4, 2TB NVMe SSD, USB Type-C, DVD-RW, Windows 11 Pro",5.0,2,False,DPC-25349,519.99,DELL,True
9SIBPGTK1Z4240,desktop,Periphio Terra Prebuilt Gaming PC |AMD Ryzen 5 5600G (4.4GHz Turbo) | Radeon Vega 7 Graphics | 1TB M.2 NVMe SSD | 16GB DDR4 RAM | Windows 11 Gaming Desktop Computer | WiFi + BT,3.3,3,False,698869998868,604.99,Periphio,False
9SIBN7HJZD8944,desktop,"HP EliteDesk 800 G4, Mini Desktop, i7-8700T, 2.40 GHz, 32GB RAM, 256GB, SSD, Windows 11 Pro- Grade A",0.0,0,False,4HQ34UT-R2,379.0,HP,True
9SIAHZNBG72590,desktop,"Lenovo ThinkCentre M900 Desktop Computer PC, 3.40 GHz Intel i5 Quad Core Gen 6, 16GB DDR4 RAM, 500GB SATA Hard Drive, Windows 10 Home 64 bit",0.0,0,False,654728213060,158.99,Lenovo,True
9SIAKWUK137542,desktop,Dell Optiplex 5070 Desktop Computer | Hexa Core Intel i7 (3.4) | 16GB DDR4 RAM | 1TB SSD Solid State | Windows 11 Professional  | Home or Office PC,0.0,0,False,698869535278,420.99,DELL,True
83-151-670,desktop,MSI Aegis RS2 AI Gaming Desktop Intel Core Ultra 7 265K NVIDIA GeForce RTX 4070 SUPER 32GB RAM 2TB PCIe SSD Windows 11 Pro (C2NUE7-1075US),0.0,0,False,AEGIS RS2 AI C2NUE7-1075US,1692.99,MSI,True
9SIA4P0KHS8479,desktop,"CyberPowerPC Gamer Supreme Liquid Cooled Gaming Desktop Computer, AMD Ryzen 7 8700F 4.1GHz, 32GB RAM, 2TB SSD, AMD Radeon RX 9060 XT 16GB, Windows 11 Home, White",0.0,0,False,SLC11360CPG,1239.99,CyberpowerPC,False
9SIA8VG95R1692,desktop,DELL Desktop Computer OptiPlex 790 Intel Core i5-2400 8GB DDR3 240GB SSD Windows 10 Pro,5.0,10,False,16VFDEDT1254,125.0,DELL,True
9SIAE4NKKU2525,desktop,"Dell ECT Desktop  Intel Core Ultra 7 265K Processor,64GB DDR5,4TB SSD, Dual Monitor Support,Windows 11 Pro",0.0,0,False,ECT1250C7644TBSD11A,1499.0,DELL,False
9SIA7ABKEX5657,desktop,"Lenovo ThinkStation P3 Tiny Workstation Mini Desktop (Intel i5-13500, Intel UHD 770 Shared, 16GB DDR5, 1TB PCIe SSD, WiFi 6E, Bluetooth 5.3, 230W PSU, RJ-45, 1 Display Port, HDMI, Win 11 Pro)",0.0,0,False,ME-223393331209,1031.24,Lenovo,False
9SIAKWUJZA9785,desktop,Dell Optiplex 3000 3080 Micro Tower Desktop (2020) | Core i5 - 512GB SSD - 16GB RAM | 6 Cores @ 3.8 GHz - 10th Gen CPU,0.0,0,False,196105593674,379.99,DELL,True
9SIBPMFKDM8074,desktop,ASUS NUC 14 Pro Slim Mini PC Intel Core Ultra 7 155H Intel Arc Graphics 32GB DDR5 RAM 1TB PCIe SSD Thunderbolt 4 Wi-Fi 6E  Bluetooth 5.3 Support 8K / 4K Quad Monitors Windows 11 Pro | VESA Mount,0.0,0,False,HC320012020925,969.0,ASUS,False
9SIA4R8K4W8388,desktop,"Dell OptiPlex 7440 23.8"" FHD All in One Desktop Intel Quad Core i7-6700 3.40GHz16 GB DDR4 512 GB SSD Windows 10 Pro",0.0,0,False,DellAIO.7440i7-11,347.99,DELL,True
9SIACAGKEU4525,desktop,"HP ProDesk 600 G6 Desktop Mini PC, Intel Six Core i5 10500T 2.3Ghz, 16GB DDR4 RAM, 256GB NVMe M.2 SSD, USB Type C, Windows 11 Pro",0.0,0,False,DPC-24302,359.97,HP,True
9SIAHZNKE09501,desktop,"HP EliteDesk 800 G3 Desktop Computer PC, Intel Quad Core i7-7700 upto 4.20GHz, 16GB DDR4 Ram, 512GB SSD, Built-in Wi-Fi , BTO Keyboard & Mouse, Windows 11 Professional (Renewed)",0.0,0,False,WB-HP-i77-16512P-2,254.44,HP,True
9SIBEG7JT16758,desktop,DTA Computers Ryzen 5 32GB DDR5 2TB NVMe SSD Stasis ST Home Office Desktop PC Windows 11 Pro,0.0,0,False,DDS10T762T10,879.99,DTA Computers,False
9SIBAU4KF19958,desktop,Dell Wyse 5070 Desktop (2018) | Core Pentium Silver -  - 8GB RAM | 4 Cores,0.0,0,False,196105660673,329.99,DELL,False
83-360-757C,desktop,ABS Stratos Aqua Gaming PC - Windows 11 - AMD Ryzen 7 9800X3D - GeForce RTX 5080 - DLSS 4 - AI-Powered Performance - 32GB DDR5 5600MHz - 2TB M.2 NVMe SSD - SA9800X3D5080,0.0,0,False,SA9800X3D5080,2499.99,ABS,True
9SIAKWUJ2M2795,desktop,DELL Business Desktop OptiPlex 5060-MICRO Intel Core i7-8700T 16GB DDR4 256GB PCIe SSD Windows 11 Pro 64-bit,0.0,0,False,J1-5060MA10,370.99,DELL,True
9SIA6ABJHJ5434,desktop,Lenovo ThinkCentre M720s SFF Desktop - 8th Gen Intel Hexa-Core (6 Cores) i5-8500 up to 4.10 GHz 32 GB DDR4 256 GB SSD DVD-R WiFi/BT Windows 11 Pro,0.0,0,False,Lenovo.M720s.i5_9,414.95,Lenovo,True
9SIA8VG5M99090,desktop,Dell Optiplex 780 SFF Core 2 Duo E8400 3.0GHz 4GB 160GB Win 7 Pro,4.0,5,False,741533667659,125.0,DELL,True
9SIAE4NKB15331,desktop,Acer Aspire Desktop|14th Gen Intel Core i5-14400 Processor|16GB DDR5|1TB SSD|Wi-Fi 6|Bluetooth|Intel UHD Graphics|2 x HDMI|Dual Monitor Capable| Windows 11 Pro,0.0,0,False,ACERTC14i5161TBSDUR11,769.99,Acer America,False
83-151-746,desktop,MSI AEGIS RS2 AI Gaming Desktop Intel Core Ultra 7 265K NVIDIA GeForce RTX 5070 Ti 32GB Memory 2TB NVMe SSD Windows 11 Home (C2NVR7-1296US),0.0,0,False,Aegis RS2 AI C2NVR7-1296US,1699.99,MSI,True
9SIAR9NKDR2729,desktop,"Allied Gaming Patriot Desktop PC: AMD Ryzen 5 4500, Nvidia GeForce GTX 1050 Ti, 16GB DDR4 3200MHz, 1TB PCIe NVMe SSD, B450M Motherboard, 750 Watt Power Supply, ARGB Fans, WiFi Ready",1.0,1,False,PAT-4500-1050Ti,899.99,Allied Gaming,False
9SIBPMFKCS3693,desktop,Lenovo IdeaCentre 3 Desktop Compact Tower Intel Core i5-14400 Intel UHD Graphics 730 32GB RAM 1TB SSD USB-A 2.0 USB-A 3.2 USB-C 3.2 HDMI Bluetooth Wi-Fi 6 Mouse & Keyboard Windows 11 Pro Grey,0.0,0,False,HC320012121724SUB,789.0,Lenovo,False
9SIBMBSKAP4726,desktop,"Fusion5 Mini PC Windows 11 Pro Computer - 128GB Storage, 8GB RAM, Intel Quad Core - Small & Portable Desktop Mini Computer with Dual Band WiFi, HDMI, USB 3.0, Micro SD Card Slot",0.0,0,False,Mini-PC-NE,139.99,Fusion5,False
9SIAE4NKFK9175,desktop,"Lenovo IdeaCentre,Intel Core i5-14400 Processor,16GB DDR4,256GB SSD,Intel UHD Graphics,Dual Monitor Capable,Windows 11 Pro",0.0,0,False,LENIDC3i516256SDPROZ,639.99,Lenovo,False
9SIA65EKKN4439,desktop,"Dell Pro Micro Computer- Intel Core i5-14500T, 32GB RAM, 512GB NVMe SSD, USB Type-C, Built in AX WiFi, BT, Display Port, HDMI, Windows 11 Pro - AI Copilot, Black Desktop",0.0,0,False,Micro-Pro-i5-14500T.NP.04,1049.99,DELL,False
83-151-701,desktop,MSI PRO DP180 14th Desktop Computer - Intel Core i7 14th Gen i7-14700F (2.10 GHz) - 32 GB - 2 TB SSD - Windows 11 Pro - NVIDIA GeForce RTX 5070 12 GB GDDR7 - IEEE 802.11ax - 500W  14ANVP-1002US,0.0,0,False,PRO DP180 14ANVP-1002US,1899.0,MSI,False
9SIAKF7KGA8432,desktop,"ViprTech Reaper 3.0 Liquid-Cooled PC - AMD Ryzen 7 8700F (5.0Ghz Turbo), RTX 5070 12GB, 32GB DDR5 6400, 2TB NVMe SSD, VR-Ready, Streaming, RGB, Windows 11, Gaming Desktop Computer, White",0.0,0,False,R7-4070S-32G-2T-L-Reaper-W,1514.99,ViprTech,False
9SIABFSKF91477,desktop,"CLX SET Gaming Desktop - Intel Core i9 14900KF 3.2GHz 24-Core Processor, 32GB DDR5 Memory, GeForce RTX 5080 16GB GDDR7 Graphics, 2TB NVMe M.2 SSD, WiFi, Win 11 Home 64-bit",3.5,2,False,TGMSETRTU5100BM,2649.99,CLX,False
9SIA4P0KGK0648,desktop,"CyberPowerPC Gamer Master Gaming Desktop Computer, AMD Ryzen 7 8700F 4.1GHz, 16GB RAM, 1TB SSD, NVIDIA GeForce RTX 5060 8GB, Windows 11 Home, Black",0.0,0,False,GMAI4000CPGV2,1022.84,CyberpowerPC,False
9SIAKDCHAY3944,desktop,DELL Business Desktop OptiPlex 7050-SFF Intel Core i7-7700 32GB DDR4 512GB SSD Windows 10 Pro 64-bit,0.0,0,False,NE1-22099,211.09,DELL,True
9SIA4P0KG18148,desktop,iBUYPOWER Slate 8 MESH Gaming PC Desktop - AMD Ryzen 9 9900X - NVIDIA GeForce RTX 5070Ti 16GB - 32GB DDR5 RGB - 2TB NVMe SSD - SMA9N57T01,0.0,0,False,SMA9N57T01,2299.99,iBUYPOWER,False
9SIACAGKEU4755,desktop,"HP ProDesk 600 G6 Desktop Mini PC, Intel Six Core i5 10500T 2.3Ghz, 32GB DDR4 RAM, 512GB NVMe M.2 SSD, USB Type C, Windows 11 Pro",0.0,0,False,DPC-24308,410.0,HP,True
9SIC1A0KH88767,desktop,"Tower Business Desktop Computer PC - Intel 14th Generation Core i7-14650HX,32GB DDR4 3200 RAM, 1TB M.2 NVME SSD,Windows 11 Home,WiFiHDMI,RJ-45,Wired Keyboard & Mouse.",0.0,0,False,Core i7-14650HX/32G/1T,699.99,abytespark,False
9SIAKWUK7F4150,desktop,"Dell OptiPlex 5090 Desktop, Intel Core i7-10700 Upto 4.8GHz, 32GB RAM, 1TB NVMe SSD, DVDRW, DisplayPort, Wi-Fi, Bluetooth, Windows 10 Pro",0.0,0,False,Opti5090i71-321nP,560.99,DELL,False
9SIA1HJKDY4335,desktop,"Skytech O11 Vision Gaming PC Desktop, Ryzen 7 9800X3D 4.7 GHz (5.2 GHz Turbo), NVIDIA RTX 5070 Ti 16GB GDDR7, 1TB Gen4 SSD, 32GB DDR5 6000 RGB, 850W GOLD PSU, 360mm AIO , Wi-Fi, Win 11 Home",3.7,3,False,ST-O11V-1641-B-AL,1999.99,Skytech,False
83-151-713,desktop,MSI CODEX Z2 Gaming Desktop PC AMD Ryzen 7 8700F GeForce RTX 4060 32GB RAM 1TB NVMe SSD Windows 11 Home B8NUC-269US,0.0,0,False,CodZ2A8NUC269,1016.99,MSI,True
9SIBYN7KMJ3841,desktop,Dell Pro Tower QCT1255 Desktop Computer - AMD Ryzen 5 8500G (3.55 GHz) - 8 GB - 256 GB SSD - Windows 11 Pro - Gigabit Ethernet - AMD DDR5 SDRAM - 180W  85NHY,0.0,0,False,85NHY,741.99,DELL,False
9SIA65EKKP6485,desktop,"Dell Pro Micro Computer- Intel Core i7-14700  (Beats i9-12900) , 32GB RAM, 1TB NVMe SSD, USB Type-C, Built in AX WiFi, BT, Display Port, HDMI, Windows 11 Pro - AI Copilot, Black Desktop",0.0,0,False,Micro-Pro-i7-14700.NP.05,1299.99,DELL,False
9SIBWCHKG95670,desktop,Elite Pro 50 Vector - RTX 5070 Ti 16GB | Intel Core i7-12700KF 3.60GHz (5GHz Turbo Boost) | 32GB DDR5 6000MHz | 1TB Gen4 SSD | 850W Gold PSU | ARGB Fans | Wi-Fi + BT | Win 11,0.0,0,False,V100-RTX5070Ti-12700KF-1TB-32GB-850W-BLK,1599.99,Andromeda Insights,False
9SIBM02KFW7071,desktop,Dell OptiPlex 5070 SFF Desktop Core i7 32GB Ram 1T SSD Wi-Fi Windows 11 Computer,0.0,0,False,00764046445637,499.0,DELL,True
9SIBPBAJYM0489,desktop,"HIGOLEPC Mini PC,10.1 Inch Touchscreen Windows 11 Pro Mini Computer,Intel Celeron J4125 8GB RAM/128GB ROM,Dual R232 HDMI,BT 5.2,WiFi 5.0,Type-C,Support Auto-Boot.",0.0,0,False,Higole F10 - 10.1 - 02,289.0,Higole,False
3D5-002P-00083,desktop,YEYIAN Gaming PC MIRAGE -S AMD RYZEN 7 7800X3D GeForce RTX 5090 2TB SSD 32GB 6000MHz RGB 360mm AIO 1000W PSU Windows 11 Home - YPA-MS780DC-5901N,0.0,0,False,YPA-MS780DC-5901N,3999.99,YEYIAN,False
9SIAE4NKFE2531,desktop,Acer Aspire Desktop|14th Gen Intel Core i7-14700 Processor|64GB DDR5|2TB SSD Plus 1TB HDD|Wi-Fi 6|Bluetooth|Intel UHD Graphics|2 x HDMI|Dual Monitor Capable| Windows 11 Pro,0.0,0,False,ACERTC14i7642TBSDUR11H,1599.0,Acer America,False
83-360-936,desktop,ABS Cyclone Aqua Gaming PC - Windows 11 - Intel Core i5-14400F - RTX 5060 8GB - DLSS 4 - AI-Powered Performance - 32GB DDR4 3200 - 1TB M.2 NVMe SSD - CA14400F50605,4.6,275,True,NPH#323,799.99,ABS,False
9SIA4R8KJC5981,desktop,Dell Optiplex 7070 Tower Desktop Computer |  Intel Core i5 8500 (3.2) | 16GB DDR4 RAM | 256GB SSD Solid State | Windows 11 Professional,0.0,0,False,DELL-7070-Tower-i5-8500-16-256-W11P,289.99,DELL,True
9SIB11NKHJ2130,desktop,"Hoengager Poseidon Gaming PC AMD Ryzen 7 5700X 8-Core 3.4 GHz, Radeon RX 9060 XT 8GB, 32GB DDR4 RAM 3200MHz,1TB PCIe SSD, WIFI&Bluetooth Windows 11 Pro-White",0.0,0,False,CBDTHEPDW5700X32G1T906XT8GW11P,1099.99,Hoengager,False
9SIC14VKMX6661,desktop,"IPASON Ryvex Gaming Desktop, Ryzen 7 7800X3D, NVIDIA RTX5060Ti ,32GB DDR5 RAM, 1TB M.2 NVMe,Windows 11 home,B850M-E WIFI, ARGB Fans, AI Ready,650W Gold PSU, Prebuilt Gaming Pc,new computer",0.0,0,False,78X3D506TNRDNV1,1499.99,IPASON,False
9SIA4R8KJC6674,desktop,"HP EliteDesk 705 G4 SFF Desktop, AMD A10-9700 3.5GHz, 16GB RAM, 256B SSD, WiFi, BT, Windows 11 Pro",0.0,0,False,HP-705-G4-SFF-AMD-A10-9700-16-256-W11P,216.0,HP,True
9SIAA0SKK91026,desktop,"Dell Pro Micro QCM1250 Desktop PC, Intel Core i5-14500T Upto 4.8GHz, 8GB RAM, 512GB SSD, Windows 11 Pro (CG4W9)",0.0,0,False,1250i514T-8512nP,699.99,DELL,False
9SIAKDCC8V1173,desktop,"Dell Optiplex 9020 Mini-Tower Desktop, Quad Core i7 4770 3.4Ghz, 16GB DDR3 RAM, 512GB SSD Hard Drive, Windows 10 Pro",4.3,10,False,DPC-06844,182.78,DELL,True
9SIAF9SKKR0085,desktop,"Lenovo Lenovo ThinkCentre M90q M90q Mini PC 16GB 512GB SSD Core i5-12500T 3.1GHz WIN11P, Black",0.0,0,False,M90Q-NW,600.0,Lenovo,False
9SIAHZNKJH9089,desktop,"HP EliteDesk 800 G3 Tower Desktop Computer PC, Intel Quad Core i5-6500 upto 3.60GHz, 16GB DDR4 Ram, 1TB SSD,NVIDIA GeForce GTX 1050Ti, Wi-Fi, RGB Keyboard & Mouse, Windows 11 Professional",0.0,0,False,ZN-800G3-7/25/2025/414,344.99,HP,True
9SIBMARKMK2466,desktop,"VTG Vertium Gaming Desktop PC,AMD Ryzen7 7800X3D,Radeon RX 9070XT 16G,32GB DDR5 1TB NVMe SSD,850W GOLD PSU, Wi-Fi,360 Liquid Cooler,ARGB Fans , Windows 11 Home,White Prebuilt Gaming Pc New computer",3.4,30,False,78X3D907XTRDNV1,1849.0,VTG,False
9SIAZEBK987926,desktop,"IPASON Gaming PC Desktop Ryzen7 5700X3D (8 Core up to 4.1GHz) ,NVIDIA RTX4060TI, 1TB NVME SSD, 32GB DDR4 RAM , 650 PSU , Windows 11 Home 64-bit",3.0,2,False,EGG-5700X3D-4060,999.0,IPASON,False
83-100-133,desktop,Thermaltake Gaming Desktop PC V17B-B650-96X-LCS AMD Ryzen 5 7600X 32GB DDR5 1TB NVMe SSD AMD Radeon RX 9060 XT Windows 11 Home,0.0,0,False,V17B-B650-96X-LCS,1286.99,Thermaltake,False
9SIBVKAKFV0007,desktop,"YEAH MAGIC Gaming PC AMD Ryzen 7 9700X Zen5, RTX 5060Ti 16GB, 32GB 6000MHz DDR5, 1TB NVME M.2 SSD, 360MM AIO Liquid Cooling, WiFi/AC, Windows 11 Home Desktop PC",0.0,0,False,YM97X5060Ti,1329.0,yeah magic,False
9SIA1HJK470081,desktop,"Skytech Gaming Nebula Gaming PC, Intel i3 12100F 3.3GHz, NVIDIA RTX 3050 6GB, 1TB NVMe SSD, 16GB DDR4 RAM 3200, 600W GOLD PSU, Wi-Fi, Win 11, Desktop",0.0,0,False,ST-NEBULA-0868-B-WM,699.99,Skytech,False
9SIB0GJKN42881,desktop,"HP OmniDesk Premium Business Desktop, Intel Core i7-14700, 64GB DDR5, 4TB SSD, Wired KB & M, Wi-Fi 6, W11P, Copilot Ready, AI-Enhanced Performance, Black",0.0,0,False,OmniDesk6188-R_CTO_N2,1289.0,HP,False
9SIC11UKGE3536,desktop,Hasee P75K Gaming Desktop PC - Intel i5-14600KF(beat AMD Ryzen 7 7700)- NVIDIA GeForce RTX 5070 12GB GDDR7 - DLSS 4  AI-Powered Performance-32GB DDR5 RAM - 1TB SSD-Sea View Room-WiFi6E BT5.3 Win11,0.0,0,False,ZHANSHEN-P75K-2025P1,1329.99,Hasee,False
9SIB11NKGB3212,desktop,Hoengager Horizon Gaming PC -AMD Ryzen 7 5700X  8-Core 3.4 GHz -RTX 5070 12GB-32GB DDR4 RAM-1TB PCIe SSD -WIFI &Bluetooth -RGB Fans-Prebuilt PC Windows 11 Pro Desktop Computer-Black,0.0,0,False,CBDTHEHZB5700XAC32G1T50712GW11P,1259.99,Hoengager,False
83-461-846,desktop,DELL Business Desktop OptiPlex 7070-Micro Intel Core i5-8500T 16GB DDR4 500GB PCIe SSD Windows 11 Pro 64-bit,0.0,0,False,J1-7070MA04,418.99,DELL,True
9SIBN7HKMU1155,desktop,"HP ProDesk 800 G5 SFF Desktop Intel Core i7-9700 16GB RAM 512GB SSD, Windows 11 Pro - Grade A Refurbished",0.0,0,False,7LL84UT#ABA-R5,389.0,HP,True
9SIAE4NKHZ5550,desktop,Lenovo ThinkCentre M75q |AMD Ryzen 7 5700GE| 16GB DDR4| 512GB SSD|Wifi-AX|Dual Monitor Support| Windows 11 Pro,0.0,0,False,LENM75QRYZ716512SD11PRO,539.99,Lenovo,False
9SIAKDCE5C8667,desktop,HP Grade A Desktop Computer 600 G1-MINI Intel Core i5-4570S 8GB DDR3 500GB HDD Windows 10 Pro 64-bit,0.0,0,False,NE2-21007,91.0,HP,True
83-221-808,desktop,"ASUS ROG G700 (2025) Gaming Desktop PC, Intel Core Ultra 7 265F Processor, NVIDIA GeForce RTX 5070Ti, 1TB M.2 NVMe PCIe4 SSD, 16GB DDR5 RAM, Windows 11 Home, G700TF-DS774Ti",5.0,6,False,G700TF-DS774Ti,2099.99,ASUS,False
9SIB11NKN40559,desktop,"Hoengager RTX 5070TI 16G Gaming PC Desktop -AMD Ryzen 7 9700X  8-Core 3.8 GHz , 32GB DDR5 6000MHz, 1TB PCIe +1TB SATA SSD, WiFi &BT, 850W PSU,240 AIO Liquid cooler, Win11 Pro -Prebuilt Computer-White",4.8,17,True,CBDTHEOTW9700XLQ32G2T507T16GW11P,1879.99,Hoengager,False
83-151-798,desktop,MSI Gaming Desktop PC CODEX R2 B14NVN7-440US Intel Core i7-14700F 32GB DDR5 2TB SSD GeForce RTX 5060 Ti Windows 11 Home,0.0,0,False,CODEX R2 B14NVN7-440US,1299.99,MSI,True
9SIADUMJVP6581,desktop,"HP EliteDesk 800 G5 Desktop Mini PC, Intel Six Core i5 9500T 2.2Ghz, 32GB DDR4 RAM, 512GB NVMe M.2 SSD, USB Type C, Wifi, Windows 11 Pro",0.0,0,False,DPC-20692,379.99,HP,True
83-360-821C,desktop,ABS Cyclone Ruby Gaming PC - Windows 11 - AMD Ryzen 7 9700X - GeForce RTX 5070 - DLSS 4 - AI-Powered Performance - 32GB DDR5 6000MHz - 1TB M.2 NVMe SSD - CR9700X50702,0.0,0,False,CR9700X50702,1499.99,ABS,True
9SIAKDCHNZ1831,desktop,"Dell Precision T3620 Workstation - 7th gen Intel i7-7700 Quad Core upto 4.20GHz, 16GB DDR4, 256GB SSD+1TB HDD, USB 3.1, 4K HDMI, Display Port, Intel HD Graphics 630, Win 10 Pro 64-bit, Keyboard/Mouse",2.0,1,False,DELL 3620 I7 SSD,230.09,DELL,True
9SIAK3JKP71871,desktop,AQVIN MTX60 Minitower Windows 11 Pro Desktop Computer PC - Intel Hexa-core I5 Processor | 32GB DDR4 RAM | 512GB NVMe SSD | AX900 WiFi Bluetooth Adapter,0.0,0,False,AQMTX60TI5950032G512NVMe11P,409.99,AQVIN,False
9SIAHZNKHF3117,desktop,"HP EliteDesk 800 G2 Tiny Desktop Computer PC, Intel Quad Core i5-6500T upto 3.10GHz, 32GB DDR4 Ram, 256GB SSD, Keyboard & Mouse, Windows 11 Professional (Refurbished)",0.0,0,False,ZNi5632256-009,214.44,HP,True
9SIC1BEKJ71144,desktop,"HP EliteDesk 800 G3 Computer Desktop PC, Intel Core i5-6500, 16GB RAM, 512GB M.2 SSD (Fast Boot), 1TB HDD, Gaming KB & M, WiFi, Windows 10 Pro",5.0,1,False,H800G3SI516G512G1T10P,234.99,HP,True
9SIBURPKPJ6408,desktop,"HP OmniDesk M03-0057c Desktop AI PC,  Intel Core Ultra 7 265 32GB Intel Graphics 1TB SSD Windows 11 Home Dark Wood",0.0,0,False,B5UJ6AAR#ABA,796.95,HP,True
9SIC253KN58530,desktop,"ICEWOLF White Gaming Desktop PC , Ryzen7 7700, Geforce RTX 5060 ,B650M 32GB DDR5 1TB NVMe SSD, 650W  PSU, Wi-Fi,Liquid Cooler,ARGB Fans , Windows 11 ,Prebuilt Gaming Pc New compute",0.0,0,False,Z-7700+5060,1179.0,ICEWOLF,False
9SIB0GJKN42878,desktop,"HP OmniDesk Premium Business Desktop, Intel Core i7-14700, 64GB DDR5, 2TB SSD, Wired KB & M, Wi-Fi 6, W11P, Copilot Ready, AI-Enhanced Performance, Black",0.0,0,False,OmniDesk6188-Q_CTO_N2,1149.0,HP,False
83-151-779,desktop,MSI Personal AI DGX Spark Supercomputer EdgeXpert-11SUS 128GB LXDDR5x 4TB SSD with self-encryption SSD,0.0,0,False,EdgeXpert-11SUS,3999.0,MSI,False
9SIA7ABKMJ9957,desktop,"Dell Tower Plus AI Business Desktop (Intel Ultra 7 265F, 32GB DDR5, 1TB M.2  PCIe SSD, GeForce RTX 4060, 360W PSU, WiFi 6, Bluetooth 5.2, RJ-45, 3 Display Port, HDMI, Win 11 Pro)",0.0,0,False,ME-246792360491,1506.24,DELL,False
9SIAE4NKNR0890,desktop,"Lenovo IdeaCentre Tower 17L Desktop,Intel Core Ultra 7 265,Integrated Intel graphics,64 GB DDR5 RAM,1 TB PCIe SSD,Windows 11 Pro",0.0,0,False,B2C_Lenovo-T-Ultra7-_9-26-25_64-1TP,999.0,Lenovo,False
9SIB0GJKN09134,desktop,"msi Cubi 5 Professional Mini PC, 12th Gen Intel i5-1235U Processor (Beats Ryzen 7 5700U), 16GB RAM, 512GB SSD, Wi-Fi 6, Windows 11 Pro, Support 4K@60Hz Display, Seamless Multitasking at Work/Gaming",0.0,0,False,CUBI44US-A_CTO_N1,579.0,MSI,False
9SIAK3JK6E2270,desktop,HP EliteDesk 800 G4 SFF High-Performace Gaming Desktop Computer PC System | GeForce RTX 3050 6GB GDDR6 | Intel Core I7-8700 8th Gen CPU | Windows 11 Pro | 32GB DDR4 RAM | 2TB NVMe SSD(Fast Boot)| WiFi,0.0,0,False,H800G4SI7870032G2NVMeRTX3050,709.99,HP,True
9SIAKWUK1T8117,desktop,"Dell OptiPlex 7080 Micro Form Factor Mini Business Desktop, Intel Core i5-10500T Processor, 64GB RAM, 1TB SSD, DisplayPort, RJ45, Wi-Fi 6, Windows 11 Pro, Black",3.0,1,False,OPTIPLEX1875-H_CTO_N1,533.99,DELL,False
9SIAJP0KM96993,desktop,"STGAubron Gaming PC Desktop, Intel Core i7 up to 3.9Ghz, Radeon RX 580 8G Graphics, 16G RAM, 1T SSD, WiFi, BT 5.0, RGB Fan x6, RGB BT Sound bar & Headphone, Windows 11 Home",0.0,0,False,NEGNFBAB0FHJVL7LC-US11,529.99,STGAubron,False
9SIAE4NKP49600,desktop,Dell OptiPlex 7020 Small Form Plus| Intel Core i7-14700| 32GB DDR5| 512GB SSD|Wifi-6| Dual Monitor Support| Windows 11 Pro| Business Desktop Computer,0.0,0,False,SFFOPTITP7020i732512S11PR,1099.0,DELL,False
83-151-717,desktop,MSI Gaming Desktop PC Codex Z2 A8NVM-485US AMD Ryzen 7 8700F 16GB DDR5 2TB NVMe SSD GeForce RTX 5060 Ti Windows 11 Home,0.0,0,False,Codex Z2 A8NVM-485US,1149.0,MSI,False
9SIBM02KGT8633,desktop,Dell OptiPlex 7050 SFF Intel Core i7 Desktop Computer 32GB RAM 512GB NVMe SSD Wi-Fi Windows 11 Pro,0.0,0,False,00764046445828,379.0,DELL,True
9SIA8VGK9D4887,desktop,Dell OptiPlex 5060 - Windows 11 Desktop Computer | Intel i5-8500 Six Core (4.3GHz Turbo) | 16GB DDR4 RAM | 500GB SSD Solid State + 1TB HDD | WiFi + Bluetooth | Peripheral Computer Package,2.0,2,False,698869831257,385.0,DELL,False
9SIAHZNKE03235,desktop,"Lenovo ThinkCentre M720 Desktop Computer PC, Intel Pentium Gold G5400 3.70GHz, 8GB DDR4 Ram, 256GB SSD, Wi-Fi , BTO Keyboard & Mouse, Windows 11 Professional (Renewed)",0.0,0,False,WB-LE-G5400-8256P-3,139.99,Lenovo,True
83-993-011,desktop,"iBUYPOWER Trace Mesh Gaming Desktop, Intel Core i7-14700F, NVIDIA GeForce RTX 4060, 32GB DDR5-5600, 2TB NVMe SSD, Windows 11 Home (PB-TMI7N46-01)",0.0,0,False,PB-TMI7N46-01,1118.45,iBUYPOWER,False
9SIABFSKG78566,desktop,"CLX Horus Gaming Desktop - AMD Ryzen 9 9950X3D 4.3GHz 16-Core Processor, 96GB DDR5 Memory, GeForce RTX 5090 32GB GDDR7 Graphics, 2TB NVMe M.2 SSD, 8TB HDD, WiFi, Win 11 Home 64-bit",0.0,0,False,TGMHORRTZ5305BM,6399.99,CLX,False
83-380-003,desktop,"Xidax X-6 Series AMD Ryzen 7 9800X3D (4.7GHz, up to 5.2GHz), NVIDIA GeForce RTX 5070 12GB, 2TB NVMe M.2 SSD, 32GB (2x16GB) RAM, Window 11 Home Xen White Gaming Desktop - Assembled & Serviced in Utah",5.0,3,False,16514,1894.99,XIDAX,False
9SIABFSKEZ8386,desktop,"CLX SET Gaming Desktop - Intel Core Ultra 9 285K 3.7GHz 24-Core Processor, 64GB DDR5 Memory, GeForce RTX 4070 SUPER 12GB GDDR6X Graphics, 2TB NVMe M.2 SSD, 4TB HDD, WiFi, Win 11 Home 64-bit",0.0,0,False,TGMSETRTU4B07BM,2279.99,CLX,False
9SIAE4NKNU1086,desktop,"Lenovo ThinkCentre Neo 50Q Tiny Business Mini Desktop (Intel i5-13420H, Intel UHD, 32GB DDR4, 512GB PCIe SSD, WiFi 6, Bluetooth 5.2, 65W PSU, RJ-45, 1 Display Port, 1 x HDMI 2.1, Win 11 Pro)",0.0,0,False,ME-243502228303,629.99,Lenovo,False
9SIA8HFKA90633,desktop,"2019 Retina 4K iMac 21.5"" 3.0GHz 6-Core i5/8GB/1TB Fusion/Radeon Pro 560X 4GB",0.0,0,False,MRT42LL/A,388.73,Apple,True
9SIC06NKP11959,desktop,"Intel NUC NUC7i5BNK Mini PC/HTPC, Intel Core i5-7260U Upto 3.4GHz, 8GB DDR4, 128GB M.2 SSD Windows 10 Pro, Wifi, Bluetooth, 4k Support, Dual Monitor Capable, Thunderbolt 3",0.0,0,False,NUC7i5BNK 8/128,199.99,Intel,True
9SIAHZNK6H7878,desktop,"HP ProDesk RGB Gaming PC i5-6500 16GB 1TB SSD 24"" LED Monitor Screen, Nvidia GT 1030 BTO RGB Keyboard & Mouse, Windows 10 Professional (Renewed)",0.0,0,False,WB-HP-RGB-G2-60,342.22,HP,True
9SIAKWUK7F2525,desktop,Dell OptiPlex 7000 7000 SFF Small Form Factor Desktop (2022) | Core i7 - 256GB SSD - 8GB RAM | 12 Cores @ 4.9 GHz - 12th Gen CPU,0.0,0,False,196105953829,659.99,DELL,True
83-360-880C,desktop,ABS Aquilon Aqua Gaming PC - Windows 11 - Intel Core i5-14400F - GeForce RTX 5060 - DLSS 4 - AI-Powered Performance - 32GB DDR4 3200MHz - 1TB M.2 NVMe SSD - AA14400F5060,0.0,0,False,AA14400F5060,839.99,ABS,True
9SIA7WPKB93870,laptop,"Apple MacBook Air Laptop Apple M1 8-Core CPU 7-Core GPU 8GB RAM 256GB SSD 13"" Space Gray MGN63LL/A (2020) - Good Condition",0.0,0,False,MGN63A8256M187CP65,389.97,Apple,True
9SIA6ABKAV8041,laptop,"Lenovo Thinkpad T14 Gen 1 14"" Full HD 1920 x 1080 IPS Touchscreen Ultrabook - 10th Gen Intel QUAD Core i7-10510U 1.8GHz  40 GB RAM DDR4 2TB SSD, Wi-Fi, Bluetooth, Webcam Windows 11 Pro",0.0,0,False,Lenovo.T14Gen1.TCH.i7_12,715.0,Lenovo,True
9SIAA5PK1P8369,laptop,"Dell Precision 7730 7740 17.3"" FHD 1920 x 1080 Mobile Workstation  8th Gen Intel Six Core i7-8750H 512 GB SSD 16GB DDR4 RAM Webcam Windows 11 Pro",5.0,1,False,Dell.Precision7730.i7_81,710.0,DELL,True
34-156-769,laptop,"MSI Vector 17 HX Gaming Laptop Intel Core i9-14900HX NVIDIA GeForce RTX 4070 32GB Memory 1 TB NVMe SSD 17.0"" Windows 11 Home A14VGG-230CA",0.0,0,False,Vector 17 HX A14VGG-230CA,1529.99,MSI,True
34-841-433,laptop,"HP Grade A Laptop EliteBook AMD Ryzen 5 PRO 4650U 16GB Memory 512 GB SSD AMD Radeon Graphics 14.0"" Non-Touch Screen Windows 11 Pro 64-bit 845 G7",0.0,0,False,J5-845G7A01,341.99,HP,True
9SIAMRPKP16257,laptop,"HP 17.3"" HD+ 1600 X 900 Touchscreen Business Intel Core Ultra 7 255U (Beat i9-12900H) Intel AI Boost Intel Graphic 64GB DDR5 RAM 2TB SSD WiFi 6 Bluetooth 5.4 Backlit KB Webcam Windows 11 Pro Silver",0.0,0,False,HC640022072325,1355.85,HP,False
9SIBPMFKPE5068,laptop,"ASUS Vivobook Laptop, 15.6"" FHD Touchscreen 60Hz 250 nits Display, Intel 10-Core i7-1355U, 40GB RAM 1TB PCIe SSD, Intel Iris Xe Graphics, Wi-Fi 6E, Bluetooth 5.3, Backlit Keyboard, Win11 Pro",0.0,0,False,004116-197105920996-40-1024-P,772.0,ASUS,False
34-233-611,laptop,GIGABYTE AORUS MASTER 16 Gaming Laptop - 240Hz 2560x1600 OLED - NVIDIA GeForce RTX 5080 - Intel Core Ultra 9 275HX - 1TB SSD with 32GB DDR5 RAM - 240 Hz OLED Display - Windows 11 Home AD,0.0,0,False,AORUS MASTER 16 BYHC5USE64SH,2699.99,AORUS,False
9SIBPMFKHU1201,laptop,"Dell Inspiron Business Laptop 15.6"" IPS Full HD Touchscreen Intel core i5-1334U (Beat i7-1255U) Intel UHD Graphics 32GB RAM 1TB SSD HDMI 1.4 USB-C 3.2 Bluetooth Wi-Fi 6 Webcam Windows 11 Pro Black",0.0,0,False,HC320012071925SUB,666.0,DELL,False
9SIAA0SKEB8538,laptop,"Lenovo ThinkBook 16 G6 Laptop, 16"" FHD+ Display, Intel Core i5-13420H Upto 4.6GHz, 32GB RAM, 1TB SSD, Windows 11 Pro",0.0,0,False,G6i513H-321nP,829.99,Lenovo,False
9SIA77GKN35257,laptop,"Dell Latitude 5410 14"". Intel Core i5-10210U, 512GB SSD, 16GB RAM, Windows 11 Pro",0.0,0,False,LATITUDE 5410-512GB-16GB-W11-R-RB,493.99,DELL,True
9SIA6ABHUK1800,laptop,"Lenovo ThinkPad X1 Carbon Gen 6 14"" Full HD 1920 x 1080 Ultrabook - 8th Gen Intel QUAD Core i5-8350U 1.7GHz  16 GB RAM DDR4 512 GB SSD,Wi-Fi, Bluetooth, Webcam Windows 11 Pro (Black)",5.0,1,False,Carbon.X1-Gen6.i5_8,387.89,Lenovo,True
34-817-375,laptop,"Dell Plus Laptop Intel Core Ultra 9 288V 32GB Memory 1TB SSD 16.0"" Touchscreen Windows 11 Home",0.0,0,False,DEL-LDB16250-9052BLU-PUS/RB,869.99,DELL,True
9SIB0GJKGR9458,laptop,"Lenovo ThinkPad E16 Gen 2 Business Laptop, 16"" WUXGA, AMD Ryzen 7 7735U up to 4.75GHz, 16GB DDR5 RAM, 1TB SSD, Fingerprint, Backlit, HDMI, Wi-Fi 6, Win 11 Pro",0.0,0,False,E162693-B_CTO_N1,799.0,Lenovo,False
9SIA77GK3T6692,laptop,"HP EliteBook 850 G5 15.6"" Laptop, Intel i7 8650U 1.9GHz, 16GB DDR4 RAM, 512GB NVMe M.2 SSD, 1080p Full HD, USB C Thunderbolt 3, Webcam, Windows 11 Pro",0.0,0,False,DPC-19812,492.08,HP,True
9SIA57XKF33234,laptop,"ASUS ROG Strix Scar- 18"" GeForce RTX 5080 Laptop GPU - Intel Core Ultra 9 275HX - 32GB Memory - 2 TB PCIe SSD - Wi-Fi 7 Windows 11 Pro GAMING LAPTOP - 240 Hz (G835LW-XS97 )",5.0,1,False,90NR0LI1-M00570,3399.0,ASUS,False
9SIBPMFKKY3539,laptop,"ASUS Vivobook 15.6"" FHD Touchscreen Business Laptop Intel core i7-1355U Intel Iris Xe Graphics 24GB RAM 512GB SSD Backlit Keyboard Wi-Fi 6E Bluetooth 5.3 HDMI USB-C Webcam Windows 11 Pro Silver",0.0,0,False,HC325122090424,682.0,ASUS,False
34-840-650,laptop,"Lenovo Legion 5 15.1"" WQXGA Gaming Laptop, AMD Ryzen AI 7 350 2.0GHz, 32GB RAM, 1TB SSD, NVIDIA GeForce RTX 5070 8GB, 165Hz OLED Display, Windows 11 Home, Eclipse Black (83F10006US )",4.5,2,False,83F10006US,1699.99,Lenovo,False
9SIBPMFKHX4788,laptop,"HP 17.3"" HD+ 1600 X 900 Touchscreen Business Intel Core Ultra 7 255U (Beat i9-12900H) Intel AI Boost Intel Graphic 32GB DDR5 RAM 1TB SSD WiFi 6 Bluetooth 5.4 Backlit KB Webcam Windows 11 Pro Silver",0.0,0,False,HC320012072325,899.0,HP,False
9SIAKKBKCK6619,laptop,"HP 15.6"" Full HD LED Notebook,12th Generation Intel Core i5-1235U 10-Core Processor,16GB DDR4 RAM,256GB SSD,Intel Iris Xe Graphics,Wifi-6,Bluetooth,HDMI, Windows 11 Pro",0.0,0,False,HP1512i516256SSD11ZCN,466.79,HP,False
9SIA8TKKFP0208,laptop,"Lenovo IdeaPad Flex 5 2-in-1 16.0"" Touchscreen Laptop i7-1255U 16GB RAM 1 TB PCIe SSD Windows 11 Home 82R80000US",4.1,43,False,82R80000US,799.99,Lenovo,False
34-156-877,laptop,"MSI Cyborg A15 15.6"" FHD 144Hz  AMD® Ryzen™9 270  RTX 5060 16GB 1TB NVMe SSD Win11 Gaming Laptop B2HWFKG-006US",0.0,0,False,Cyborg A15 AI B2HWFKG-006US,1199.99,MSI,False
9SIC11PKKE9670,laptop,"Exsurf T160R Laptop, 16"" FHD Display Computer, AMD Ryzen 5 3500U up to 3.7GHz, 32GB RAM, 1TB SSD, Fingerprint | Backlit keys | Windows 11 Pro, Black",0.0,0,False,F17250515,399.99,Exsurf,False
1TS-000D-0TT42,laptop,"HP Elitebook 840 G5 Laptop Intel Core i7-8550U 16 GB RAM 512 GB SSD 14.0"" FHD Windows 11 Pro",0.0,0,False,700512014327,278.99,HP,True
34-236-702,laptop,"ASUS TUF Gaming A16 - 16"" GeForce RTX 5060 Laptop GPU - AMD Ryzen 7 260 - 64GB Memory - 1.5 TB SSD - Windows 11 Home Gaming Laptop - 165 Hz IPS (FA608UM-NS73 )",4.4,5,False,FA608UM-NS73,1519.99,ASUS,False
9SIB295K9E1230,laptop,"13th Generation Business Dell Inspiron 15 3530 Laptop, 15.6"" FHD Touchscreen, Intel Core i7-1355U, 32GB RAM, 1TB SSD, Webcam, HDMI, Wi-Fi 6, Windows 11 Pro, Black",0.0,0,False,884116514800,786.0,DELL,False
9SIB9ADKJ86056,laptop,DELL Latitude 14 Rugged 5424 - B-Grade - Military Grade Notebook 14 FHD (1920 x 1080) NON TOUCH - 8th Gen Intel QUAD Core i5-8350U 32 GB DDR4 512GB SSD DVD Wi-Fi Windows 11 Pro,0.0,0,False,5424-rugged-i5-32-512,369.0,DELL,True
34-236-677,laptop,"ASUS TUF Gaming F16 Gaming Laptop, 16” FHD+ 165Hz 16:10 Display, Intel® Core™ i7-14650HX, NVIDIA RTX 5050,  32GB Memory - 512 GB SSD - Windows 11 Home Gaming Laptops - 165 Hz IPS (FX608JHR-ES73 )",5.0,2,False,FX608JHR-ES73,1269.99,ASUS,False
9SIB295KG64778,laptop,"Lenovo V15 G4 15.6"" FHD Business Laptop,Intel Core i5-13420H(up to 4.6 GHz),40GB RAM,1 TB NVMe SSD,Windows 11 Pro,Black",0.0,0,False,B2C_Lenovo_i5_3-26-25_40_1TP,596.69,Lenovo,False
9SIB295KM73429,laptop,"Lenovo IdeaPad Slim 3 Business Laptop,15.3"" WUXGA Display,AMD Ryzen 5 8540U,AMD Radeon 740M,Backlit KB,16 GB RAM,512 GB PCIe SSD,Win 11 Home",0.0,0,False,B2C_Lenovo-R5-8540_10-13-25_16_512H,479.99,Lenovo,False
34-156-767R,laptop,"MSI Stealth - 18"" GeForce RTX 4080 Laptop GPU - Intel Core Ultra 9 185H - 32GB Memory - 1 TB NVMe SSD - Wi-Fi 7 Windows 11 Home Gaming Laptop - 120 Hz Mini LED (Stealth 18 AI Studio A1VHG )",0.0,0,False,Stealth 18 AI Studio A1VHG-008US,1961.41,MSI,False
9SIA0ZXKGE9409,laptop,"HP 14-dq3220nr 14"" HD Touchscreen Laptop - Intel Celeron N4500 1.1GHz - 4GB  - 64GB eMMC - Windows 11 Home S Mode - Intel UHD Graphics - Webcam - IEEE 802.11ax Wireless - Snowflake White",0.0,0,False,B89MTUA#ABA,250.3,HP,False
9SIAKKBH8R9081,laptop,"HP 17.3"" FHD 1920x 1080 Notebook,12TH Gen Intel Core i3-1215U Processor,32GB DDR4 RAM,1TB SSD,Intel FHD Graphics,Wifi-AC,Bluetooth,USB,HDMI,Windows 11 Pro/XTREDURA DRIVE",5.0,1,False,HP1711i3321TBSSD,589.79,HP,False
9SIADG3KH35920,laptop,"Dell Latitude 3550 Business Laptop (15.6"" FHD Anti-Glare, Intel 10-Core i5-1335U (Beat i7-1355U), 16GB DDR5 RAM, 512GB SSD) Backlit Keyboard, Ethernet, FHD Webcam, Win 11 Pro w/AI Copilot, Grey",0.0,0,False,DELL Latitude 3550 i5 16GB 512GB,899.98,DELL,False
9SIAAY9KM99698,laptop,"Lenovo ThinkPad E16 Gen 1 16.0"" Intel Core i5-1335U 16GB Memory 256 GB SSD Windows 11 Pro 21JN003YUS",5.0,1,False,21JN003YUS,672.0,Lenovo,False
9SIA9PSKHX6172,laptop,"Lenovo ThinkPad T14 Gen 2 AMD Laptop | 14"" 1920x1080 FHD | Ryzen 7 Pro - 5850U - 512GB SSD Hard Drive - 32GB RAM | 8 cores @ 4.4 GHz Win 11 Pro Black",0.0,0,False,657070555642,549.0,Lenovo,True
9SIBYRBKJG6057,laptop,Apple MacBook Air 13.3-inch (2020) - M1 - Apple M1 Chip: 8-Core CPU/7-Core GPU - 128GB - Space Grey - 8GB RAM - Excellent (Grade A),0.0,0,False,BAF9CC60885C0DZ,420.02,Apple,True
9SIA8X5KPJ6206,laptop,"MSI Stealth A16 AI+ - 16.0"" GeForce RTX 5070 Ti Laptop GPU - AMD Ryzen AI 9 HX 370 - 32GB Memory - 2TB NVMe SSD SSD - Wi-Fi 7 Windows 11 Pro Gaming Laptop - 240 Hz OLED (Stealth A16 AI+ A3XWHG-079US )",5.0,1,False,Stealth A16 AI+ A3XWHG-079US,2788.99,MSI,False
9SIB13FKJ72910,laptop,"Lenovo ThinkPad P16s Gen 3 16.0"" Intel Core Ultra 7 165H NVIDIA RTX 500 Ada Generation 32GB Memory 1TB SSD Windows 11 Pro 21KS0026US",0.0,0,False,21KS0026US,1549.64,Lenovo,False
9SIAE4NKEK2112,laptop,"Lenovo V15 Business Laptop, 15.6"" Full HD Display,Intel Core i7-13620H Processor,16GB DDR4,512GB SSD,Intel UHD Graphics,WiFi-6, Windows 11 Pro",0.0,0,False,LENV15i713620H16512SD11PR,599.99,Lenovo,False
9SIB9ADKCV0465,laptop,"HP Elitebook 840 G2 14.0"" Laptop - Intel Core i5 5300U 5th Gen 2.3 GHz 16GB 256GB SSD Windows 10 Pro 64-Bit - Webcam",5.0,1,False,14-HP-840G2-06,135.0,HP,True
34-233-622,laptop,GIGABYTE AERO X16; Copilot+ PC - 165Hz 2560x1600 WQXGA - NVIDIA GeForce RTX 5050 - AMD Ryzen AI 7 350 - 1TB SSD with 16GB DDR5 RAM - Windows 11 Home - Space Gray,0.0,0,False,AERO X16 1TH93USC94AH,999.99,GIGABYTE,False
9SIA77GKM85539,laptop,"Dell Precision 3560 15.6"" FHD Laptop Intel Core i5-1145G7, 512GB 16GB W11P",0.0,0,False,700512041958,360.99,DELL,True
34-818-213,laptop,"HP EliteBook 845 G8 Laptop AMD Ryzen 5 Pro 5650U 2.30 GHz 16GB Memory 256GB SSD 14.0"" FHD Windows 11 Pro 64-bit Grade A",0.0,0,False,J5-845G8A04,360.99,HP,True
9SIC11PKKE9671,laptop,"Exsurf 2025 New 15.6"" FHD IPS Laptop,AMD 3050e,16GB RAM 1TB SSD,Fingerprint| Backlit Keyboard,for Work/Study/Daily Use,TYPE-C,HDMI,USB 3.0/2.0,Silver",0.0,0,False,F13260412,294.99,Exsurf,False
34-096-485,laptop,"2021 Apple MacBook Pro Late Apple M1 Pro 16GB RAM 1TB SSD 14"" macOS Space Gray",0.0,0,False,LT-APMACPRO14/M1-16-1SSD-SG,729.99,Apple,True
9SIAANWKNV0791,laptop,"DELL LATITUDE 7300 13.2"" FHD INTEL CORE I7-8665U 1.90 GHZ - 32GB RAM, 1TB SSD - Backlit Keyboard, Smartcard Reader, Webcam, Bluetooth - Windows 11 Pro",0.0,0,False,14-DL-7300-12,325.0,DELL,True
34-841-920,laptop,"HP EliteBook 840 G8 Laptop Intel Core i5-1145G7 2.60 GHz 16GB Memory 256 GB SSD Intel Iris Xe Graphics 14.0"" Windows 11 Pro 64-bit",0.0,0,False,LT-HP840G8/i5-G11-16-256-11,269.99,HP,True
34-156-737R,laptop,"MSI Vector -  LCD 16"" QHD+ GeForce RTX 5080 Laptop GPU - Intel Core Ultra 9 275HX - 16GB Memory - 1 TB SSD - Windows 11 Home Gaming Laptop - 240 Hz (Vector 16 HX AI A2XWIG-050US )",0.0,0,False,Vector 16 HX AI A2XWIG-050US,1919.99,MSI,False
34-236-713,laptop,"ASUS TUF Gaming F16 - 16"" GeForce RTX 5050 Laptop GPU - Intel® Core™ i7 Processor 14650HX, 2.2 GHz, up to 5.2GHz - 64GB Memory - 1 TB SSD - Windows 11 Home Gaming Laptops - 165 Hz IPS (FX608JHR-ES73 )",5.0,2,False,FX608JHR-ES73,1479.99,ASUS,False
9SIBUU5KCK7309,laptop,"ACEMAGIC Laptop Computer, 16GB DDR4 512GB SSD, 17.3 Inch Laptop with Intel Quad-Core N97(Up to 3.6GHz), Metal Shell, BT5.0, 5G WiFi, USB3.2, Type_C, Webcam, Long Battery Life, 180° Open Angle",0.0,0,False,ax17-n97,359.0,ACEMAGIC,False
9SIB0GJKGY4756,laptop,"MSI Creator 16 Copilot Business Laptop, 16"" WQXGA 240Hz, AMD Ryzen AI 9 365, GeForce RTX 4060, 32GB RAM, 1TB SSD, Creativity With AI Studio, Wi-Fi 7, Win 11 P, Grey",0.0,0,False,A160789-F_CTO_N2,1729.0,MSI,False
9SIAJZDKHW4893,laptop,"MSI Modern 15H 15.6"" FHD Touchscreen Business Laptop, Intel 16-Core Ultra 9 185H(>Core i9-13900H), 32GB DDR5 RAM, 1TB SSD, Intel Arc Graphics, Backlit Keyboard, Wi-Fi 6E, Bluetooth 5.3, Win11 Pro",0.0,0,False,004058-824142379899-32-1024-P,1006.99,MSI,False
9SIBPMFKK48136,laptop,"HP 15.6"" Full HD Touchscreen Business Laptop Intel Core i7 1355U Intel Iris Xe Graphics 32GB RAM 512GB SSD HDMI USB-C Wi-Fi 6 Webcam AI copilot Windows 11 Pro Silver",0.0,0,False,HC325122081725,799.0,HP,False
9SIA8A1K421345,laptop,"Lenovo Thinkpad T480 14"" Full HD 1920 x 1080 Ultrabook - 8th Gen Intel QUAD Core i5-8350U 1.7GHz 16 GB RAM DDR4 256 GB SSD,Wi-Fi, Bluetooth, Webcam Windows 11 Pro (OFFICE 2019 FULL installed)",0.0,0,False,T480_16GBOFC2019,299.0,Lenovo,True
9SIA4R8KDJ9128,laptop,"Dell Latitude 5400 Laptop Intel Core i5-8365U 1.60GHz 16GB RAM 512GB PCIe M.2 SSD 14.0"" FHD Touchscreen Windows 11 Pro 64-Bit",4.6,19,True,LT-5400 i5/16/512/W11P,299.98,DELL,True
9SIA6ABHU05966,laptop,"Dell Precision 5530 15.6"" FHD 1920 x 1080 Mobile Workstation  8th Gen Intel Six Core i7-8850H 1TB SSD 32GB DDR4 RAM Webcam Windows 11 Pro",1.0,1,False,Dell.Precision5530.i7_30,469.99,DELL,True
9SIB9B8KK55527,laptop,"Microsoft Surface Pro 7 12.3"" Touch 16GB 256GB SSD Core i7-1065G7 1.3GHz WIN11P, Matte Black",0.0,0,False,SURFACE PRO 7-1065G7-BLK-RB,379.99,Microsoft,True
9SIA60GKE19298,laptop,"HP Laptop Intel Core i5-1135G7 16GB Memory 256 GB SSD Intel Iris Xe Graphics 14.0"" Windows 11 Pro 440 G8",0.0,0,False,J5-440G8B02,225.0,HP,True
9SIA0ZXK8D2676,laptop,"Lenovo ThinkBook 16 Gen 7 16.0"" Touch Screen AMD Ryzen 7 7735HS AMD Radeon 680M 16GB Memory 512 GB SSD Windows 11 Pro 21MW0003US",0.0,0,False,21MW0003US,760.93,Lenovo,False
9SIB9ADKA22623,laptop,"HP Probook 440 G5 14"" HD Laptop - GRADE A - Intel Core 8th Gen i5-8250U 1.6GHz, 16GB DDR4 RAM, 128GB M.2 SSD, Windows 11 Pro",1.0,1,False,hp-440-g5-i5-16gb-128gb-11,165.0,HP,True
9SIAKKBKFG1398,laptop,"Lenovo IdeaPad 1i Business&Home Laptop, 15.6"" FHD Touch Display, Intel Core i3-1215U Upto 4.1GHz,16GB RAM,1TBNVMe SSD, HDMI, Card Reader,Wi-Fi,Bluetooth,Windows 11 Pro/Microsoft Office License",0.0,0,False,LENOVO1II3OFF023,499.79,Lenovo,False
9SIB295KGT3131,laptop,"Lenovo V15 Business Laptop,15.6"" FHD Display,AMD Ryzen 7 7730U,40 GB RAM,1 TB PCIe SSD,WiFi6 and Bluetooth 5.2,Win 11 Pro",3.0,1,False,B2C_Lenovo_R7_4-27-25_40_1TP,596.0,Lenovo,False
9SIAKKBKCN5820,laptop,"HP 15.6 FHD business Laptop,Intel Core i5-1235U,Intel Iris Xe Graphics,32GB RAM,512GB SSD,Win 11 Pro, Silver",2.0,1,False,B2C_HP15.6_i5-1235_12-6-24_32_512P,568.79,HP,False
9SIA9PSKCT5115,laptop,"Lenovo Thinkpad T14 (Gen 1) 14"" Touchscreen Laptop, i7 10610U 1.8Ghz, 16GB DDR4, 256GB NVMe SSD, 1080p Full HD, Thunderbolt 3, HDMI, Webcam, Windows 11 Pro",0.0,0,False,DPC-24124,469.0,Lenovo,True
9SIB295K660418,laptop,"HP Essential Laptop, 17.3"" HD+ Touchscreen, 13th Gen Intel Core i7-1355U, 32GB RAM, 1TB PCIe SSD, Webcam, Backlit KB, FP Reader, HDMI, Wi-Fi 6, Windows 11 Home, Silver",0.0,0,False,HP_77L21AV#CTO03_N1-B,832.0,HP,False
9SIB9ADKA53199,laptop,"HP ProBook 640 G2 14"" Laptop - GRADE A - Intel Core i5 6th Gen 6300U (2.40 GHz) - 16GB DDR4 Memory 128GB SSD - Webcam - Windows 10 Home",0.0,0,False,hp-640-g2-i5-16-128-home-a,119.0,HP,True
9SIA24GKE91782,laptop,"MSI Prestige A16 AI+ 16.0"" Laptop Copilot+ PC Ryzen AI 9 365 AMD Radeon 880M 32GB RAM 1 TB PCIe SSD Windows 11 Home A3HMG-016US",4.3,10,False,Prestige A16 AI+ A3HMG-016US,1183.42,MSI,False
9SIADG3KHG1560,laptop,"Lenovo Ideapad 1i Laptop (14"" Anti-Glare Display, Intel Dual Core Processor, 4GB RAM, 256GB SSD), 1 Year Office 365, Student & Home, 720P Webcam w/Privacy Shutter, Wi-Fi 6, Win 11 Home in S, Grey",0.0,0,False,Lenovo IdeaPad Ultra Light 4GB 256GB,209.99,Lenovo,False
9SIB9ADJJ39521,laptop,"HP ProBook 640 G3 - GRADE A - Intel Core I5-7200U 2.5Ghz - 16GB DDR4 RAM - 512GB SSD - 14"" HD Display - Webcam - Windows 10 Pro",0.0,0,False,hp640g3-7200-16-512-a,149.0,HP,True
34-156-791R,laptop,"MSI Prestige 16"" Copilot+ PC Intel Ultra 9 288V Laptop 32GB Memory 2 TB NVMe SSD Windows 11 Home Prestige 16 AI+ Evo B2VMG-071US (TAA)",0.0,0,False,Prestige 16 AI+ Evo B2VMG-071US,1211.13,MSI,False
9SIB0GJKC97453,laptop,"HP 17t Business Professional Rose Gold Laptop, 17.3"" HD+ Touchscreen, Intel Core i5-1334U, 32GB RAM, 1TB SSD, Webcam, FP Reader, Backlit KB, HDMI, Wi-Fi 6, Windows 11 Pro",0.0,0,False,ESSENTIAL1565_CTO_N1-J,749.0,HP,False
9SIAMJPKJB2268,laptop,"Microsoft - Surface Laptop Studio 2 14.4"" Touch-Screen-Intel Core i7-13700H with 16GB Memory-GeForce RTX 4050-512GB SSD  - Platinum",0.0,0,False,YZY-00001,2488.0,Microsoft,False
34-725-244,laptop,GIGABYTE AORUS ELITE 16 Gaming Laptop - 165Hz 2560x1600 WQXGA - NVIDIA GeForce RTX 5070 - Intel Core Ultra 9 275HX - 1TB SSD with 32GB DDR5 RAM - Windows 11 Home AD,0.0,0,False,AORUS ELITE 16 BWHC3USC64SH,1779.99,AORUS,False
9SIA6ABHU48981,laptop,"Lenovo Grade A Laptop ThinkPad T480 Intel Core i5 8th Gen 8350U (1.70GHz) 8GB Memory 256 GB SSD Intel UHD Graphics 620 14.0"" Windows 10 Pro 64-bit",3.5,2,False,T480.i5.8.256.Pro,249.99,Lenovo,True
9SIA4R8K2T2907,laptop,Dell Latitude 7390 13.3” FHD 2-IN-1 Touchscreen Laptop - 8th Gen Intel Quad Core i5-8350U 8GB RAM 256GB SSD Webcam Windows 11 Pro,4.3,3,False,DELL 7390 TOUCH CORE I5 8GB 256GB,223.0,DELL,True
9SIB0GJKGR9461,laptop,"Lenovo ThinkPad E16 Gen 2 Business Laptop, 16"" WUXGA, AMD Ryzen 7 7735U up to 4.75GHz, 64GB DDR5 RAM, 2TB SSD, Fingerprint, Backlit, HDMI, Wi-Fi 6, Win 11 Pro",0.0,0,False,E162693-E_CTO_N1,1279.0,Lenovo,False
9SIA57XKJM1606,laptop,"ASUS ROG FLOW - 13.4"" AMD Radeon 8060S Graphics - AMD Ryzen Al Max+ 395 - 32GB Memory - 1 TB SSD - Windows 11 Pro GAMING LAPTOP - 180 Hz IPS (ROG FLOW Z13 2025 )",0.0,0,False,GZ302EA-XS96,2169.0,ASUS,False
9SIBPMFKEH0486,laptop,"Dell Inspiron 15.6"" Full HD Touchscreen Business Laptop AMD Ryzen 7 7730U (Beat i7-1355U) AMD Radeon graphics 32GB RAM 1TB SSD Realtek Wi-Fi 5 Bluetooth 5 HDMI 1.4 USB-C 3.2 Windows 11 Home Black",0.0,0,False,HC320011032425SUB,752.0,DELL,False
9SIAEYJKKZ5768,laptop,ASUS TUF 16 WUXGA 144Hz Gaming Laptop | AMD Ryzen 7 7445HS 3.2GHz | NVIDIA GeForce RTX 4050 | Backlit | Webcam |  16GB RAM DDR5 | 512GB SSD  | Windows 11 Home | Bundle with USB 3.0 Hub,0.0,0,False,TEMP-BE8-NoMod+S99,759.99,ASUS,False
9SIC0CCKJK5781,laptop,"HP Victus 15 Gaming Laptop 15.6"" FHD IPS Anti-glare 144Hz Intel 8-core i5-12450H 16GB DDR4 512GB SSD GeForce RTX 3050 Backlit B&O Fast Charging Win11 Blue",0.0,0,False,Victus151-0814-001,728.0,HP,False
34-156-794,laptop,MSI Prestige 14 AI+ Copilot+ PC Laptop Intel Core Ultra 9 288V 32GB RAM 1TB NVMe SSD Windows 11 Home (C2VMG-034US),0.0,0,False,Prestige 14 AI+ Evo C2VMG-034US,999.99,MSI,False
34-236-676,laptop,"ASUS TUF Gaming - 18"" GeForce RTX 5070 Laptop GPU - AMD Ryzen 7 260 - 32GB Memory - 1.5 TB SSD - Windows 11 Home Gaming Laptop - 240 Hz IPS (FA808UP-NS74 )",4.0,4,False,FA808UP-NS74,1929.99,ASUS,False
9SIBPMFK215063,laptop,"HP high-performance 17.3"" IPS FHD Laptop,Intel Core i5-1335U,intel Iris Xe Graphics,Wi-Fi 6 and Bluetooth 5.3, Windows 11 Home,32 GB RAM 512 GB SSD,Silver",0.0,0,False,B2C_HP17-cn3053cl_10-5-23_32_512H_2,626.0,HP,False
9SIB0GJKJJ2631,laptop,"Lenovo IdeaPad Slim 3 Laptop, 15.6"" FHD Display, AMD Ryzen 5 5625U, 16GB RAM, 512GB SSD, Backlit KB, SD Card Reader, Webcam, HDMI, Wi-Fi 6, Windows 11 Home, Grey",0.0,0,False,SLIM4750-A_CTO_N1,429.0,Lenovo,False
9SIA0ZXKFE3263,laptop,"Lenovo ThinkBook 16 Gen 8 16.0"" Touch Screen Intel Core 7 240H 16GB Memory 512GB SSD Windows 11 Pro 21SH0002US",0.0,0,False,21SH0002US,912.13,Lenovo,False
9SIA4P0KH86025,laptop,"MSI Vector - 18"" GeForce RTX 5080 Laptop GPU - AMD Ryzen 9 9955HX - 64GB Memory - 2 TB SSD - Wi-Fi 7 Windows 11 Pro Gaming Laptop - 240 Hz IPS (Vector A18 HX A9WIG-076US )",2.5,2,False,Vector A18 HX A9WIG-076US,3315.6,MSI,False
9SIA7ABKFB3331,laptop,"Lenovo ThinkPad E16 Gen 2 Business Laptop 16.0"" IPS FHD Display (Intel Core Ultra 7 155U, 32GB DDR5, 1TB PCIe SSD, Intel Graphics, Backlit KB, Fingerprint, Thunderbolt 4, WiFi 6, Win 11 Pro)",0.0,0,False,ME-225256331225,1251.24,Lenovo,False
9SIAKKBKFJ9387,laptop,"Dell Inspiron 15.6 FHD Touch laptop,13th Gen Intel Core i5-1335U,WiFi 6 and Bluetooth,32 GB RAM|512 GB SSD,Windows 11 Pro,Black",0.0,0,False,B2C_Dell-i513th_3-8-24_32_512P,588.79,DELL,False
9SIADG3KF33128,laptop,"Lenovo Yoga 7 7i 2-in-1 Laptop (16"" FHD+ Touchscreen, AMD Ryzen 7 8840HS (Beat i7-1355U), 16GB RAM, 1TB SSD, IST Precision Pen), AI PC, Backlit, Fingerprint, FHD IR Webcam, Win 11 Home, Arctic Grey",0.0,0,False,Yoga 7i Ryzen 7 8840HS,799.99,Lenovo,False
9SIA77GKDD7698,laptop,"Lenovo Thinkpad T14 Gen 1 14"" Full HD 1920 x 1080 IPS Touchscreen Ultrabook - 10th Gen Intel QUAD Core i7-10510U 1.8GHz  40 GB RAM DDR4 1TB SSD, Wi-Fi, Bluetooth, Webcam Windows 11 Pro",0.0,0,False,Lenovo.T14Gen1.TCH.i7_9,426.55,Lenovo,True
9SIBVVAKMU1757,laptop,"Apple MacBook Air 15"" IPS Retina M3 8C 4.05GHz GPU 10C 16GB RAM 256GB SSD, Space Gray",0.0,0,False,MC9D4LL/A-NW,899.99,Apple,False
9SIBYRBKJG7840,laptop,Apple MacBook Pro (2022) 13.3-inch - Apple M2 chip: 8-Core/10-Core GPU - 256GB - Space Grey - 8GB RAM - Excellent (Grade A),0.0,0,False,07DEB558D15958Z,640.0,Apple,True
9SIABVCKG35886,laptop,"Apple MacBook Pro (13"", 2022, M2 Pro Chip, 8GB RAM, 512GB SSD) Space Gray",0.0,0,False,MNEJ3LL/A-CR,794.95,Apple,True
9SIA4P0KGE0783,laptop,"HP 14-dq3210nr 14"" HD Touchscreen Laptop, Intel Celeron N4500 1.1GHz, 4GB RAM, 64GB eMMC, Windows 11 Home S Mode, Jet Black",0.0,0,False,B89MSUA#ABA,239.0,HP,False
9SIADUMKJM5650,laptop,"Lenovo Thinkpad T14 Gen 2 14"" Touchscreen Laptop, Ryzen 5 PRO 5650U 2.3Ghz, 24GB DDR4, 1TB NVMe SSD, 1080p Full HD, HDMI, Webcam, Windows 11 Pro",0.0,0,False,DPC-26202,514.99,Lenovo,True
9SIADUMKJM5650,laptop,"Lenovo Thinkpad T14 Gen 2 14"" Touchscreen Laptop, Ryzen 5 PRO 5650U 2.3Ghz, 24GB DDR4, 1TB NVMe SSD, 1080p Full HD, HDMI, Webcam, Windows 11 Pro",0.0,0,False,DPC-26202,514.99,Lenovo,True
9SIA4P0KGE0783,laptop,"HP 14-dq3210nr 14"" HD Touchscreen Laptop, Intel Celeron N4500 1.1GHz, 4GB RAM, 64GB eMMC, Windows 11 Home S Mode, Jet Black",0.0,0,False,B89MSUA#ABA,239.0,HP,False
9SIABVCKG35886,laptop,"Apple MacBook Pro (13"", 2022, M2 Pro Chip, 8GB RAM, 512GB SSD) Space Gray",0.0,0,False,MNEJ3LL/A-CR,794.95,Apple,True
9SIAKKBKAM4170,laptop,"Lenovo Ideapad 1i 15.6 FHD Touch Laptop,Intel Core i3-1215U(Beats i5-1135G7),Intel UHD Graphics,16GB RAM,512GB SSD,Win 11 Pro,Grey",0.0,0,False,B2C_Lenovo_i3touch_7-15-24_16_512P,488.79,Lenovo,False
9SIB9ADKH34600,laptop,Dell Latitude 5480 i5 2.3GHz 16GB 240GB SSD 10H,0.0,0,False,DL-NB-B000055,134.0,DELL,True
34-236-578R,laptop,"ASUS ROG Strix Scar- 18"" GeForce RTX 5090 Laptop GPU - Intel Core Ultra 9 275HX - 32GB Memory - 2 TB PCIe SSD - Wi-Fi 7 Windows 11 Pro GAMING LAPTOP - 240 Hz (G835LX-XS97 )",0.0,0,False,90NR0LF1-M00720,3371.41,ASUS,False
9SIBPMFK9R1725,laptop,"Dell Inspiron 3530 15.6"" FHD Touch Laptop,Intel Core i7-1355U,Intel Iris Xe Graphics,Wi-Fi6 and Bluetooth 5.3,32 GB RAM|1 TB SSD,Windows11 Pro,Carbon Black",0.0,0,False,B2C_Dell-i3530_11-29-23_32_1TP,869.0,DELL,False
9SIAKDCKBG7449,laptop,HP 650 G4 8th Gen Core i7 16GB RAM 256GB SSD Windows 11 Pro,0.0,0,False,HP 650,268.4,HP,True
9SIAANWKN56091,laptop,"HP PROBOOK X360 435 G8 NOTEBOOK PC 13.3"" FHD AMD RYZEN 5 5600U WITH RADEON GRAPHICS - 16GB RAM, 256GB SSD - Touchscreen, Backlit Keyboard, Fingerprint Reader, Webcam, Bluetooth - Windows 11 Pro",0.0,0,False,14-HP-435G8-01,225.0,HP,True
9SIAE4NKP73250,laptop,"Dell Inspiron 15.6"" Full HD Touchscreen Business Laptop AMD Ryzen 7 7730U (Beat i7-1355U) AMD Radeon graphics 16GB RAM 512GB SSD Realtek Wi-Fi 5 Bluetooth 5 HDMI 1.4 USB-C 3.2 Windows 11 Pro Black",0.0,0,False,HC165122032425SUB,558.99,DELL,False
34-156-741,laptop,"MSI Stealth - 18"" GeForce RTX 5090 Laptop GPU - Intel Core Ultra 9 275HX - 64GB Memory - 2 TB SSD - Wi-Fi 7 Windows 11 Pro Gaming Laptop - 120 Hz (Stealth 18 HX AI A2XWJG-035US )",0.0,0,False,Stealth 18 HX AI A2XWJG-035US,3999.99,MSI,False
34-818-364,laptop,"HP 645 G9 Laptop AMD Ryzen 5 Pro 5675U 2.3GHz 16GB Memory 256GB SSD 14"" FHD Windows 11 Pro 64-bit",0.0,0,False,J5-645G9B02,224.99,HP,True
9SIBPMFKP55111,laptop,"Acer Aspire Go 15 Laptop 15.3"" WUXGA IPS Intel core i5-1334U (Beat Intel core 5 120U) 16G DDR5 RAM 512G PCIe Gen4 SSD Intel UHD Graphics Webcam HDMI 2.1 Wi-Fi 6 USB-C Long Battery Windows 11 Home Gray",0.0,0,False,HC165121110225SUB,429.0,Acer America,False
9SIADG3KHH0777,laptop,"HP ProBook 455 G10 Laptop (15.6"" FHD Anti-Glare, AMD Ryzen 7 7730U (> Intel i7-1255U), 32GB RAM, 1TB SSD) for Business, Enterprise, Backlit, Fingerprint, Webcam, Ethernet, Win 11 Pro w/ AI Copilot",0.0,0,False,HP ProBook 455 G10 R7 32GB 1TB,899.99,HP,False
9SIAKDCKBG6595,laptop,"DELL Grade A Laptop Latitude Intel Core i7-8650U 32GB Memory 1 TB SSD Intel UHD Graphics 620 14.0"" Non-Touch Screen Windows 11 Pro 64-bit 5490",0.0,0,False,J5-5490A32,318.33,DELL,True
9SIA9PSJTF0465,laptop,"Lenovo ThinkPad T14 Business Laptop, 14"" FHD (1920x1080) Touchscreen, 10th Gen Intel Core i7-10610U, 16GB RAM, 512GB SSD, Intel UHD Graphics Windows 11 Pro",5.0,1,False,LT14i716512TW11,449.0,Lenovo,True
9SIA9PSKAW1376,laptop,"DELL Latitude 5410 Laptop Intel Core i7-10610U (1.80GHz) 32 GB Memory 512 GB SSD Intel UHD Graphics 14.0"" Windows 11 Pro",3.7,3,False,LT-DE5410/i7-G10-32-512-11,389.0,DELL,True
9SIAKVUKJG9021,laptop,"HP EliteBook 845 G8 14"" FHD IPS AMD Ryzen 7 PRO 5850U 1.9 GHz up to 4.4 GHz 16GB DDR4 512GB PCIe NVMe TLC SSD AMD Radeon, Webcam, Windows 11 Pro Laptop, Silver - 49V27UC-I001",0.0,0,False,49V27UC-I001-RBB,339.99,HP,True
9SIBPMFKEH0500,laptop,"Dell Inspiron 15.6"" Full HD Touchscreen Business Laptop AMD Ryzen 7 7730U (Beat i7-1355U) AMD Radeon graphics 64GB RAM 2TB SSD Realtek Wi-Fi 5 Bluetooth 5 HDMI 1.4 USB-C 3.2 Windows 11 Pro Black",0.0,0,False,HC640022032425SUB,899.0,DELL,False
9SIA24GKBJ3281,laptop,"Microsoft Surface Laptop Copilot+ PC (7th Edition) Touchscreen 15"" 2496 x 1664 Qualcomm Snapdragon X Elite 16GB RAM 1TB SSD Windows 11 Home - Graphite",0.0,0,False,ZYT-00026,1199.99,Microsoft,False
34-817-351,laptop,"Dell Pro 16"" Laptop  AMD Ryzen 5 220 AMD Radeon 740M Graphics 16GB RAM 256GB SSD - Windows 11 Pro - 4THRP",0.0,0,False,4THRP,699.99,DELL,False
9SIAA0SKP26875,laptop,"Lenovo V15 G4 Laptop, 15.6"" FHD Display, AMD Ryzen 3 7320U Upto 4.1GHz, 16GB RAM, 512GB SSD, Windows 11 Home",0.0,0,False,V15G4R373-16512nH,399.99,Lenovo,False
9SIAE4NKMX9204,laptop,"Lenovo IdeaPad Slim 5|16"" TouchScreen Display| Intel Core 7 240H| 64GB DDR5| 2TB SSD| Windows 11 Pro| Backlit Keyboard| Lightweight Grey Notebook",0.0,0,False,LENIDP5C7642TBSD11PRO,1149.99,Lenovo,False
9SIAKKBKH41834,laptop,"HP 15.6"" Full HD LED TouchScreen Business and School Laptop,Intel 13th Core i7-1355U (Beat i5-1255U) 10-Core Processor,32GB DDR4 RAM,1TB SSD,Intel Iris Xe Graphics, Windows 11 Pro",0.0,0,False,FD0127DX23,816.79,HP,False
9SIAE4NKEK2119,laptop,"Lenovo V15 Business Laptop, 15.6"" Full HD Display,Intel Core i7-13620H Processor,40GB DDR4,2TB SSD,Intel UHD Graphics,WiFi-6, Windows 11 Pro",0.0,0,False,LENV15i713620H402TBSD11PR,829.99,Lenovo,False
34-156-851,laptop,"MSI Venture Pro A15 AI+ 15.6"" TouchScreen Copilot+ PC Laptop AMD Ryzen AI 7 350 - Nvidia GeForce RTX 5050 - 16GB RAM 1TB SSD (A3HWETG-083US)",0.0,0,False,VenturePro A15 AI+ A3HWETG-083US,1199.99,MSI,False
9SIAA0SKJ71090,laptop,"Acer Aspire 3 Laptop, 15.6"" FHD Display, AMD Ryzen 7 7730U Upto 4.5GHz, 32GB RAM, 1TB SSD, Backlit keys, Windows 11 Pro",0.0,0,False,Asp3R77U-321nP,679.99,Acer America,False
9SIBPMFKG82769,laptop,"ASUS Vivobook Business Laptop 14"" LED Full HD Intel Core 13th Gen i3-1315U (Beat i5-1235U) 16GB RAM 512GB SSD Intel UHD Graphics HDMI 1.4 USB-C 3.2 Bluetooth, Wi-Fi 5 Windows 11 Home Blue",0.0,0,False,HC165121061725SUB,349.0,ASUS,False
9SIADG3KF63259,laptop,"Lenovo ThinkPad E16 Business Laptop (16"" FHD+ Anti-Glare, Intel 13th Gen 10-Core i5-1335U, 16GB RAM, 1TB SSD), Backlit, Fingerprint, FHD Webcam, Thunderbolt 4, Wi-Fi 6, Win 11 Pro, Black",0.0,0,False,ThinkPad E16 i5-1335U 16GB 1TB,899.99,Lenovo,False
9SIA24GKHM1078,laptop,"Microsoft 13"" Surface Laptop Copilot+ PC, Snapdragon X Plus 8-Core, 16GB RAM, 512GB UFS, Violet, Latest Model",0.0,0,False,EP2-33426,799.99,Microsoft,False
9SIBYRBKJH4886,laptop,Apple MacBook Air 13.3-inch (2020) - M1 - Apple M1 Chip: 8-Core CPU/8-Core GPU - 512GB - Space Grey - 16GB RAM - Excellent (Grade A),0.0,0,False,166344F3DD6AFBZ,650.0,Apple,True
9SIA4R8KNP4365,laptop,"Dell Latitude 5400 14"" Touchscreen Notebook, Intel Core i5-8365U, 16GB (8GB x 2) DDR4, 256GB SSD, Windows 11 Pro 64-Bit",0.0,0,False,LT-DE5400/i5-G8-16-256,234.89,DELL,True
9SIBYRBKJG6707,laptop,Apple MacBook Pro (2021) 16-inch - Apple M1 Pro chip: 10-Core CPU/16-Core GPU - 1TB - Space Grey - 16GB RAM - Excellent (Grade A),0.0,0,False,AE75968F690F51Z,1009.39,Apple,True
9SIBPMFKJC0216,laptop,"Lenovo ThinkPad L14 Gen 5 Business 14"" WUXGA IPS Touch Intel Core Ultra 5 135U vPro (Beat i7-1355U)  Intel Graphics 32GB DDR5 RAM 512GB SSD Fingerprint Reader Backlit KB Wi-Fi 6E BT 5.3 Windows 11 Pro",0.0,0,False,HC325122073125SUB,989.0,Lenovo,False
34-236-691,laptop,"ASUS TUF Gaming - 18"" GeForce RTX 5070 Laptop GPU - AMD Ryzen 7 260 - 64GB Memory - 2 TB SSD - Windows 11 Home Gaming Laptop - 240 Hz IPS (FA808UP-NS74 )",4.0,4,False,FA808UP-NS74,2099.99,ASUS,False
9SIAD35KED1355,laptop,"Acer Aspire 3 A315-24P-R7VH Slim Laptop | 15.6"" Full HD IPS Display | AMD Ryzen 3 7320U Quad-Core Processor | AMD Radeon Graphics | 8GB LPDDR5 | 128GB NVMe SSD | Wi-Fi 6 | Windows 11 Home in S Mode",0.0,0,False,A315-24P-R7VH-0,329.0,Acer America,False
9SIACVBKE58949,laptop,"Lenovo ThinkPad X1 Carbon Gen 12 14.0"" Touch Screen Intel Core Ultra 7 155U Intel Graphics 32GB Memory 512GB Storage Windows 11 Pro 21KC00A7US",0.0,0,False,21KC00A7US,1342.0,Lenovo,False
9SIB295KG64794,laptop,"Lenovo V15 G4 Business Laptop,15.6 FHD Display,Intel Core i5-13420H(Beat i7-1355U),40GB RAM,1 TB NVMe SSD,Windows 11 Pro,Black",0.0,0,False,B2C_Lenovo_i5_3-26-25_40_1TP_2,599.0,Lenovo,False
9SIAFVFKJJ7793,laptop,"HP ZBook Firefly G11 A 14"" Mobile Workstation - AMD Ryzen 7 8840HS - 32GB - 1TB SSD - Windows 11 Pro - AMD Radeon 780M Graphics - Webcam - IEEE 802.11ax Wireless LAN Standard   BX8E0AT#ABA",0.0,0,False,BX8E0AT#ABA,1761.1,HP,False
9SIA8X5K5H6445,laptop,HP Victus - 15.6'' GeForce RTX 4050 Laptop GPU - Intel Core i5-13500H - 16GB Memory - 512 GB PCIe SSD - Windows 11 Home 64-bit Gaming Laptop - 144 Hz IPS (15-fa1010nr ),0.0,0,False,7H9Y6UA#ABA,922.99,HP,False
9SIAKDCDZ25429,laptop,"DELL Latitude E5470 Laptop Intel Core i5 6th Gen 6300U (2.40 GHz) 8 GB Memory 256 GB SSD 14.0"" Windows 10 Pro 64-bit Grade A",5.0,4,False,NE5-30991,145.03,DELL,True
9SIA7WPKC73081,laptop,"Apple MacBook Air Laptop Core i5 1.8GHz 8GB RAM 128GB SSD 13"" Silver MQD32LL/A (2017) - Excellent Condition",0.0,0,False,MQD32A812818AB75,184.97,Apple,True
9SIA7ABKCD0415,laptop,"Lenovo Yoga 7i Home & Business 2-in-1 Laptop (Intel Core Ultra 7 155U 12-Core, 16GB LPDDR5X 7466MHz RAM, 1TB M.2 2242 PCIe SSD, Intel Graphics, 16.0"" 60 Hz Touch Wide UXGA (1920x1200), Win 11 Pro)",0.0,0,False,ME-197301321320,1076.24,Lenovo,False
9SIAE4NKEK2116,laptop,"Lenovo V15 Business Laptop, 15.6"" Full HD Display,Intel Core i7-13620H Processor,24GB DDR4,512GB SSD,Intel UHD Graphics,WiFi-6, Windows 11 Pro",0.0,0,False,LENV15i713620H24512SD11PR,629.99,Lenovo,False
9SIA5WMJUX3545,laptop,"Dell Latitude 7490 Core i7-8650U 1.90GHz 32GB RAM 512GB SSD 14"" Laptop Grade B Windows 11 Pro",0.0,0,False,DELL-7490-32-32GB-512-SGGB-512GB-Ea,254.97,DELL,True
1TS-000D-1RH70,laptop,"HP EliteBook 845 G8 14"" FHD IPS AMD Ryzen 7 PRO 5850U 1.90 GHz up to 4.40 GHz 16GB DDR4-3200 512GB SSD AMD Radeon Graphics Windows 11 Pro Laptop, Silver - 49V27UC-I001",0.0,0,False,49V27UC-I001-RB-,309.99,HP,True
34-156-815,laptop,"MSI Creator A16 AI+ 16"" QHD+ 240Hz Ultra Thin and Light Workstation Laptop AMD Ryzen AI 7-350 RTX 4060 32GBLPDDR5x 1TB NVMe SSD Win 11 Home 1 year Warranty (Creator A16 AI+ A3HVFG-286US )",0.0,0,False,Creator A16 AI+ A3HVFG-286US,1649.99,MSI,False
9SIA4R8JJZ8500,laptop,"DELL Laptop Latitude 7490 Intel Core i5 8th Gen 8350U (1.70GHz) 16GB Memory 256 GB PCIe SSD Intel UHD Graphics 620 14.0"" Windows 10 Pro 64-bit",5.0,4,False,14-DL-7490-14,198.9,DELL,True
9SIAEWJKJJ7660,laptop,"Microsoft Surface Laptop 7 15"" Touchscreen Notebook - Qualcomm Snapdragon X Elite - 32 GB - 1 TB SSD - Windows 11 Home - Graphite -English Keyboard - 22 Hours Battery Run Time  ZHR-00001",0.0,0,False,ZHR00001,1495.0,Microsoft,False
9SIA8X5K3P5623,laptop,Aorus - 17.3'' GeForce RTX 4070 Laptop GPU - Intel Core i7-13700H - 16GB Memory - 1 TB Gen4 SSD - Windows 11 Home 64-bit Gaming Laptop - 240 Hz (17 BSF-73US654SH ),4.0,1,False,AORUS 17 BSF-73US654SH,1621.99,AORUS,False
9SIB0GJKK34165,laptop,"THUNDEROBOT Zero 18 Pro Laptop, 18"" QHD+, 240Hz Hummingbird Display, Intel Ultra 9 275HX, GeForce RTX 5070Ti, 64GB DDR5 RAM, 2TB SSD, Wi-Fi 6E",0.0,0,False,Zero Pro6513-C_CTO_N1,2559.0,Thunderobot,False
9SIADFMJAE2349,laptop,"Dell Latitude 7490 14"" Laptop, Intel Core i7 8650U 1.9Ghz, 32GB DDR4, 1TB M.2 NVMe PCIe SSD, FHD 1080p, Thunderbolt 3, HDMI, Webcam, (Grade B) Windows 11 Pro",0.0,0,False,DPC-17766a,489.0,DELL,True
9SIBPMFKKY3553,laptop,"ASUS Vivobook 15.6"" FHD Touchscreen Business Laptop Intel core i7-1355U Intel Iris Xe Graphics 24GB RAM 1TB SSD Backlit Keyboard Wi-Fi 6E Bluetooth 5.3 HDMI USB-C Webcam Windows 11 Home Silver",0.0,0,False,HC320011090424SUB,696.0,ASUS,False
9SIAE4NKKX7800,laptop,"Dell 15.6"" Full HD Laptop - Intel Core 3 100U | 16GB DDR4 | 512GB SSD | Wi-Fi 6 | Windows 11 Pro | Slim & Powerful Notebook",0.0,0,False,DELLDCC316512SD11PRO,449.0,DELL,False
9SIAKKBKG90110,laptop,"Dell Inspiron 3000 Home & Business Laptop Notebook ,15.6"" FHD Touch Display,13th Gen Intel i5-1334U(Beat I7-1250U),32GB RAM,1TB SSD, Bluetooth, Wi-Fi, Windows 11 Pro/Microsoft Office License",0.0,0,False,DELL3530I5226,629.79,DELL,False
9SIBPMFKDF0687,laptop,"ASUS Vivobook 15.6"" Full HD Laptop Intel core i5-1235U (Beats i7-1165G7) 24GB RAM 1TB SSD Wi-Fi Bluetooth HDMI 1.4 USB-C 3.2 Webcam HD Long Battery life Windows 11 Home Blue | Valued Gift Set",0.0,0,False,HC240011012725SUB,579.0,ASUS,False
9SIA24GKFX1776,laptop,"ASUS Vivobook S16 16"" Copilot+ PC Laptop AMD Ryzen AI 7 350 16GB Memory 1 TB NVMe SSD AMD Radeon 860M 1 Windows 11 Home M5606KA-DS76",5.0,4,False,M5606KA-DS76,1230.59,ASUS,False
34-236-642,laptop,"ASUS ROG Strix G16 - 16"" GeForce RTX 5060 Laptop GPU - Intel Core Ultra 9 275HX - 32GB Memory - 1 TB NVMe SSD - Windows 11 Home Gaming Laptop - 240 Hz IPS (G615LM-DS96 )",0.0,0,False,G615LM-DS96,2039.99,ASUS,False
9SIA4P0KGE0198,laptop,"Lenovo ThinkPad 14.0"" Touch Screen Intel Core i7-1355U 16GB Memory 512GB Storage Windows 11 Pro 21JK0053US",0.0,0,False,21JK0053US,952.84,Lenovo,False
9SIAA0SKDF5226,laptop,"Lenovo V15 G4 Laptop, 15.6"" FHD Display, Intel Core i7-13620H Upto 4.9GHz, 16GB RAM, 512GB SSD, Windows 11 Home (83CC002EUS)",0.0,0,False,V15G4i713H-16512nH,594.99,Lenovo,False
34-236-693,laptop,"ASUS TUF Gaming A16 - 16"" GeForce RTX 5060 Laptop GPU - AMD Ryzen 7 260 - 16GB Memory - 1.5 TB SSD - Windows 11 Home Gaming Laptop - 165 Hz IPS (FA608UM-NS73 )",4.4,5,False,FA608UM-NS73,1299.99,ASUS,False
9SIB0GJKK34092,laptop,"Thunderobot Storm 17 Gaming Laptop, 17.3"" FHD 144Hz,  Core i5-12450H, GeForce RTX 3050, 16GB RAM, 512GB SSD, RGB Keyboard, Win 11 Home",0.0,0,False,Storm 179703-A_CTO_N1,729.0,Thunderobot,False
9SIA24GKH07905,laptop,"Microsoft 13"" Surface Laptop Copilot+ PC, Snapdragon X Plus 8-Core, 16GB RAM, 512GB UFS, Ocean, Latest Model",0.0,0,False,EP2-33432,789.99,Microsoft,False
1TS-000E-1B1Y1,laptop,"Lenovo ThinkBook 16 Gen 7 16.0"" AMD Ryzen 5 7535HS AMD Radeon 660M 16GB Memory 512 GB SSD Windows 11 Pro 21MW0037US",0.0,0,False,21MW0037US,744.99,Lenovo,False
9SIADT2KH07953,laptop,"HP Elitebook 840 G6 14"" 1920x1080 FHD IPS Notebook PC, Intel i5-8365U 1.6GHz, 16GB DDR4 RAM, 256GB PCIe SSD, Windows 11 Pro Grade B",0.0,0,False,782248430211,211.13,HP,True
9SIB295K883841,laptop,"HP Essential 17t-cn300 17.3"" HD+ Touch Laptop, Laptop, Intel Core i7-1355U,intel Iris Xe Graphics,Wi-Fi 6 and Bluetooth 5.3,Backlit Keyboard,32 GB RAM,1 TB SSD,Windows 11 Pro,Silver",0.0,0,False,B2C_17-cn-300-i7s_1-9-24_32_1TP,959.99,HP,False
9SIA9PSKCG8219,laptop,"HP EliteBook 850 G7 15.6"" Laptop, Intel i7 10610U 1.8GHz, 16GB DDR4 RAM, 512GB NVMe M.2 SSD, 1080p Full HD, USB C Thunderbolt 3, Webcam, Windows 11 Pro",0.0,0,False,DPC-24861,519.0,HP,True
9SIAMJPKJB3123,laptop,"Microsoft - Surface Laptop Studio 2 14.4"" Touch-Screen-Intel Core i7 with 32GB Memory-NVIDIA RTX 2000 Ada Gen-1TB SSD",0.0,0,False,Z1S-00001,3999.0,Microsoft,False
34-156-740R,laptop,"MSI Vector - 16"" GeForce RTX 5070 Ti Laptop GPU - Intel Core Ultra 7 255HX - 16GB Memory - 512 GB SSD - Windows 11 Home Gaming Laptop - 144 Hz IPS (Vector 16 HX AI A2XWHG-061US )",0.0,0,False,Vector 16 HX AI A2XWHG-061US,1349.99,MSI,False
9SIBPMFKDF0697,laptop,"ASUS Vivobook 15.6"" Full HD Laptop Intel core i5-1235U (Beats i7-1165G7) 16GB RAM 512GB SSD Wi-Fi Bluetooth HDMI 1.4 USB-C 3.2 Webcam HD Long Battery life Windows 11 Pro Blue | Valued Gift Set",0.0,0,False,HC165122012725SUB,499.0,ASUS,False
9SIAKKBKJK6233,laptop,"Lenovo IdeaPad 1 Student Laptop, 15.6"" HD Display, Intel Celeron N4500 Upto 2.8GHz, 16GB RAM, 256 Storage(128GB SSD+128GB eMMC), 1 Year Office 365,Windows 11 Pro",0.0,0,False,LENOVON45009,319.79,Lenovo,False
9SIB295K7F1337,laptop,"HP Pavilion 15.6""FHD Laptop,Intel Core i7-1355U,intel Iris Xe Graphics,Wi-Fi 5 and Bluetooth 5,Backlit Keyboard,64 GB RAM,2 TB SSD,Windows 11 Pro,Silver",0.0,0,False,B2C_HP15t-eg300_12-7-23_64_2TP_2,1169.99,HP,False
9SIAA0SKJ71093,laptop,"International Version Acer Aspire 3 Laptop, 15.6"" FHD Display, AMD Ryzen 7 7730U Upto 4.5GHz, 16GB RAM, 512GB SSD, Backlit keys, Windows 11 Pro (ZN.N01SI.03T)",1.0,2,False,Asp3R77U-16512nP,549.99,Acer America,False
9SIB9ADKDF1359,laptop,"Lenovo ThinkPad X1 Carbon 4th Gen 14"" 1920x1080 FHD Ultrabook PC, Intel Core i7-6500U 2.5GHz, 8GB DDR4 RAM, 256GB M.2 PCle SSD, Win-10 Home Grade A",5.0,1,False,782248423820,159.0,Lenovo,True
9SIAKKBKJH5297,laptop,"HP 15 Business Laptop, 15.6"" HD (1366x768) Touchscreen, Intel Core i3-1215U 6 cores Processor, Intel UHD Graphics, 32GB DDR4  1TB PCIe SSD, HDMI, Bluetooth, Wi-Fi, Windows 11 Pro",0.0,0,False,hp15.6320i31215Utouch-027,544.79,HP,False
9SIAEYJKKS9806,laptop,ASUS TUF Gaming 16 16:10 FHD+ 144Hz Display Laptop | AMD Ryzen 5 7535HS 3.3GHz | NVIDIA GeForce RTX 4050 | Backlit | Gray |  16GB RAM DDR5 | 512GB SSD  | Windows 11 Home | Bundle with Mouse Pad,0.0,0,False,TEMP-BE4-NoMod+Z96,799.99,ASUS,False
9SIA4P0KGE0672,laptop,"HP 14-dq3110nr 14"" HD Laptop, Intel Celeron N4500 1.1GHz, 4GB RAM, 64GB eMMC, Windows 11 Home S Mode, Jet Black",0.0,0,False,B89MPUA#ABA,219.99,HP,False
9SIBYRBKJH5309,laptop,Apple MacBook Pro (2019) 16-inch - Intel Core i9 2.4GHz - 512GB - Space Grey - 16GB RAM - 4 Thunderbolts - Touchbar - Acceptable (Grade C),0.0,0,False,553772FFE505E1Z,359.0,Apple,True
2WC-000C-0GXH3R,laptop,"MSI Cyborg - 15.6"" GeForce RTX 4050 Laptop GPU - Intel Core i7-13620H - 16GB Memory - 512 GB SSD - Windows 11 Home Gaming Laptops - 144 Hz IPS (A13VE-218US )",0.0,0,False,A13VE-218US,811.13,MSI,False
9SIB9ADKCU1169,laptop,"HP/ZBook 15U G3/Core i7-6600U 2.6GHz/16GB/512GB SSD/15.6""/Win10P64/CAM/A GRADE",0.0,0,False,NE5-31724,189.0,HP,True
9SIAKKBK6W5742,laptop,"HP 15.6"" Full HD (1920x1080) TouchScreen Laptop,12th Generation Intel Core i7-1255U 10-Core Processor,32GB DDR4 RAM,1TB SSD,Intel Iris Xe Graphics,Wifi-AC,Bluetooth,HDMI, Windows 11 Pro",0.0,0,False,HP11i7321TBSDN,866.85,HP,False
9SIBUHVKDY4431,laptop,"KurieTim 16"" Laptop, AMD Ryzen 3250U(2C/4T, Up to 3.5GHz) Business and Student Laptop, 32GB RAM, 512GB SSD, Windows 11 Pro Laptop Computer, Dual-Band 5G WiFi, Fingerprint Unlock, Backlit Keyboard",0.0,0,False,T160R-3250U-32-512GB,334.99,KurieTim,False
9SIA24GKH07906,laptop,"Microsoft 13"" Surface Laptop Copilot+ PC, Snapdragon X Plus 8-Core, 16GB RAM, 256GB UFS, Platinum, Latest Model",0.0,0,False,EP2-36981,749.99,Microsoft,False
9SIA77GK4P8399,laptop,"HP EliteBook 850 G6 15.6"" Laptop, Intel i7 8665U 1.9GHz, 32GB DDR4 RAM, 1TB NVMe M.2 SSD, 1080p Full HD, USB C Thunderbolt 3, Webcam, Windows 10 Pro (Grade B)",0.0,0,False,DPC-20440,664.05,HP,True
9SIA8X5K6U2396,laptop,"ASUS TUF Gaming F15 - 15.6"" GeForce RTX 3050 Laptop GPU - Intel Core i5-12500H - 16GB Memory - 512 GB PCIe SSD - Windows 11 Home 64-bit Gaming Laptop - 144 Hz IPS (FX507ZC-ES53 )",5.0,2,False,FX507ZC-ES53,890.0,ASUS,False
9SIAKKBKJ76470,laptop,"HP 15.6"" FHD Touch Laptop | Intel Core i5-1334U,32GB DDR4, 1TB SSD, Win 11 Pro | Fast, Sleek & Ready to Work",0.0,0,False,HP1513i5321TBSSDWZ11QZ,562.79,HP,False
9SIA6AB99Y8013,laptop,"Lenovo ThinkPad T540P 15.6"" LED Notebook Laptop Intel Core 4th Gen i7-4600M  16 GB DDR3 RAM 512 GB SSD DVD-RW Webcam WiFi Bluetooth Windows 10 Professional 64-bit",4.0,1,False,PRC-i7.T540p_8,217.0,Lenovo,True
9SIAKKBJV22835,laptop,"HP 15.6"" Full HD Notebook, Intel Core i5-1235U 10-Core Processor,32GB DDR4,256GB SSD,Intel Iris Xe Graphics,Wifi-6, Windows 11 Pro",0.0,0,False,HP15i532256SSD11Z,521.79,HP,False
9SIAMRPKMT8315,laptop,"Asus Vivobook S16 AI PC Laptop 16"" 2.8k OLED 120Hz (600nits, 100% DCI-P3) Intel 16-core Ultra 9 285H 32GB DDR5 1TB SSD RGB Backlit Harman/kardon Wi-Fi7 FHD IR Privacy Camera Win11 Copilot+ AI",0.0,0,False,AsusVivobookS16AI-0924-001,1562.85,ASUS,False
9SIB0GJKMK4537,laptop,"Lenovo IdeaPad Slim 3 Business Laptop, 15.3"" FHD+ 1920×1200, Intel Core i7-13620H, 24GB DDR5 RAM, 1TB SSD, Wi-Fi 6, W11P, AI & Copilot Enabled PC, Grey",0.0,0,False,IdeaPad7785-H_CTO_N2,699.0,Lenovo,False
9SIAR0TKJH7753,laptop,"HP OmniBook 5 Laptop Computer 16"" 2K Touch Screen Intel Core Ultra 7 16 GB",0.0,0,False,B7ND0UA#ABA,629.99,HP,False
34-818-117,laptop,"HP Laptop ZBook Intel Core i7-10810U 32GB Memory 1 TB SSD NVIDIA Quadro P520 15.6"" Non-Touch Screen Windows 11 Pro 64-bit ZBook Firefly 15 G7",0.0,0,False,J5-ZF15G7A14,679.99,HP,True
9SIAKKBKKF5314,laptop,"HP 17 Home & Business Laptop,17.3"" HD+ (1600 x 900) , Intel Core i3-N305 (Beat Ryzen 5 7520U) 32GB  RAM, 1TB SSD, Webcam, Bluetooth, Wi-Fi, MS Office Lifetime Windows 11 Pro/XTREDURA FLASH Drive",0.0,0,False,CP3003BROX11,599.79,HP,False
9SIBRFSJZT6322,laptop,"Auusda 15.6"" Laptop Computer w/AMD Ryzen 7 5700U up to 4.3GHz, 16GB DDR4 RAM 1TB NVMe SSD, Windows 11 Pro Gaming Laptop, Backlit Keyboard, Fingerprint Unlock",4.6,242,True,F146J4105-256,439.99,Auusda,False
1TS-000E-1DF16,laptop,"LENOVO THINKPAD L14 GEN 1 14.0"" FHD INTEL CORE I5-10310U 1.70 GHZ - 32GB RAM, 512GB SSD - Fingerprint Reader, Webcam, Bluetooth - Windows 10 Pro",0.0,0,False,14-LN-L14GEN1-08,339.99,Lenovo,True
9SIAEYJKC18778,laptop,"HP 17 Laptop, 17.3"" FHD Screen, AMD Ryzen 5 5500U, 16GB RAM, 1TB SSD, Webcam, HDMI, Fingerprint Reader, Wi-Fi, Windows 11 Home, Silver",0.0,0,False,HP_8R3M1UA#ABA_N1-D,587.99,HP,False
1TS-000E-1DF16,laptop,"LENOVO THINKPAD L14 GEN 1 14.0"" FHD INTEL CORE I5-10310U 1.70 GHZ - 32GB RAM, 512GB SSD - Fingerprint Reader, Webcam, Bluetooth - Windows 10 Pro",0.0,0,False,14-LN-L14GEN1-08,339.99,Lenovo,True
9SIAKKBKF35328,laptop,"Dell Inspiron 13th Gen i5-1335U laptop, 15.6 FHD (1920 x 1080) Touch,WiFi 6 and Bluetooth,32 GB RAM|1 TB SSD,Windows 11 Pro,Black",0.0,0,False,B2C_Dell-i513th_3-12-24_32_1TP,655.75,DELL,False
34-818-248,laptop,"HP Laptop Intel Pentium Silver N6000 4GB Memory 64GB eMMC SSD Intel UHD Graphics 14.0"" Windows 11 in S mode 14-dq3875nr",0.0,0,False,AJ1U8UAR#ABA,159.99,HP,True
9SIAR0TKGE6606,laptop,"HP OmniBook X Laptop Computer 14"" 2K Touch Screen Intel Core Ultra 7 16 GB",0.0,0,False,B88A6UA#ABA,1299.99,HP,False
9SIA6ABHG95458,laptop,"HP EliteBook 830 G5 13.3"" FHD 1920 x 1080 Notebook – 8th Gen Intel QUAD Core i7-8650U 512 GB SSD 16GB DDR4 RAM Webcam Windows 11 Pro",0.0,0,False,ElitebBook.830(G5)i7_8,298.0,HP,True
1TS-000A-0DD35,laptop,"Dell Latitude 7390 13.3 inch 1920x1080 Full HD Touchscreen Laptop PC, Intel Quad Core i7-8650U 1.9GHz, 16GB Ram, 512GB SSD, Win 10 Pro Grade A",4.7,3,False,782248425142,269.99,DELL,True
9SIA6ABHU11694,laptop,"Lenovo Thinkpad Series T480 T490 14"" FHD 1920 x 1080 Non-Touch Ultrabook - 8th Gen Intel QUAD Core i5 1.6GHz 16 GB RAM DDR4 512 GB SSD, Wi-Fi, Bluetooth, Webcam Windows 10 Pro",0.0,0,False,Lenovo.T480.i5_20,269.99,Lenovo,True
9SIBYRBKK74464,laptop,Apple MacBook Air (2022) 13.6-inch - Apple M2 Chip: 8-Core CPU/8-Core GPU - 256GB - Midnight - 16GB RAM - Excellent (Grade A),0.0,0,False,02462A297723A2Z,575.0,Apple,True
1TS-000A-14FV0,laptop,"DELL LATITUDE 5310 13.3"" FHD INTEL CORE I7-10810U 1.10 GHZ - 16GB RAM, 512GB SSD - Backlit Keyboard, Webcam, Bluetooth - Windows 11 Pro",0.0,0,False,14-DL-5310-24,234.99,DELL,True
9SIBBPDHZK4888,laptop,"DELL Laptop Intel Core 2 Duo T5600 2GB Memory 80GB HDD Integrated Graphics 14.1"" Windows XP Professional 32-bit Latitude D620",3.4,33,False,Latitude D620,145.0,DELL,True
9SIA4R8KFU7335,laptop,"DELL Grade A Laptop Latitude Intel Core i7-1185G7 16GB Memory 512 GB SSD Intel Iris Xe Graphics 15.6"" Non-Touch Screen Windows 11 Pro 64-bit 5520",0.0,0,False,J5-5520A05,619.0,DELL,True
9SIB295K6J9430,laptop,"HP 17 Laptop Computer, 17.3"" HD+ Touchscreen Display, AMD Ryzen 5 7530U(Beats i7-1165G7) Processor, 32GB RAM, 1TB SSD, Wi-Fi 6, HDMI, Numeric Keypad, Webcam, Bluetooth 5.3, Windows 11 Home, Sliver",0.0,0,False,HP-TS-R5-3,679.0,HP,False
9SIBPMFKJH6682,laptop,"HP Business Laptop 17.3"" HD+ Touchscreen, Intel Core i7-1355U Intel Iris Xe Graphics 64GB RAM 2TB SSD Backlit KB Wi-Fi 6 Bluetooth HDMI Webcam FP Reader Windows 11 Pro Silver",0.0,0,False,HC640022080625,1066.0,HP,False
34-841-962,laptop,"HP Grade A Laptop Intel Core i5-1235U 16GB Memory 256 GB PCIe SSD Intel Iris Xe Graphics 15.6"" Non-Touch Screen Windows 11 Pro 64-bit 15-FD0185NR",0.0,0,False,J5-FD0185NRM01,457.99,HP,True
9SIBPMFKKY3556,laptop,"ASUS Vivobook 15.6"" FHD Touchscreen Business Laptop Intel core i7-1355U Intel Iris Xe Graphics 16GB RAM 1TB SSD Backlit Keyboard Wi-Fi 6E Bluetooth 5.3 HDMI USB-C Webcam Windows 11 Pro Silver",0.0,0,False,HC160012090424SUB,685.0,ASUS,False
9SIB295KEU1702,laptop,"HP 17.3 FHD Ryzen 5 7430U Laptop,16 GB RAM,1 TB PCIe SSD,Windows 11 Pro",0.0,0,False,B2C_HP-R5-7430_12-31-24_16_1TP_2,538.0,HP,False
9SIAEYJKE30362,laptop,Lenovo IdeaPad 1i 15.6 inch FHD Laptop | Intel Core i5-1235U | Intel Iris Xe Graphics | HDMI | Abyss Blue| 16GB RAM | 512GB SSD | Windows 10 S | Bundle with USB 3.0 Hub,0.0,0,False,TEMP-AR5-16-512-0+S99,514.99,Lenovo,False
34-236-689,laptop,"ASUS TUF Gaming - 18"" GeForce RTX 5070 Laptop GPU - AMD Ryzen 7 260 - 64GB Memory - 1 TB SSD - Windows 11 Home Gaming Laptop - 240 Hz IPS (FA808UP-NS74 )",4.0,4,False,FA808UP-NS74,1999.99,ASUS,False
9SIAKKBHZM7068,laptop,"Dell Inspiron 3511 15.6"" Full HD 1920 x 1080, 11th Gen Intel Core i5-1135G7 Quad-Core Processor, 16GB DDR4 RAM, 256GB SSD, Intel UHD Graphics, Wifi-AC, Bluetooth,HDMI,USB, Windows 11 Pro",0.0,0,False,DELL3511i516256SD,548.79,DELL,False
9SIAKKBKF17412,laptop,"2023 HP 15.6"" HD Touchscreen Premium Business Laptop, 12th Gen Intel 6-Core i3-1215U upto 4.4GHz, 16GB RAM, 1TB PCIe SSD, Intel UHD Graphics, Windows 11 Pro, Silver",0.0,0,False,15-DY5033DX-P-Fly-7,466.79,HP,False
9SIA0ZXK9Z5108,laptop,"Lenovo ThinkPad E16 Gen 2 16.0"" AMD Ryzen 5 7535U AMD Radeon 660M 8GB Memory 256GB SSD Windows 11 Pro 21M5000HUS",0.0,0,False,21M5000HUS,628.57,Lenovo,False
34-233-634,laptop,"GIGABYTE - 16"" GeForce RTX 5070 Laptop GPU - Intel Core i7-13620H - 64GB Memory - 1.5 TB SSD - Windows 11 Home Gaming Laptops - 165 Hz IPS (GAMING A16 CWHI3US894SH )",4.3,6,False,A16 CWHI3US894SH,1559.99,GIGABYTE,False
9SIAA0SKD07071,laptop,"HP ProBook 440 G11 Laptop, 14"" FHD+ Display, Intel Core Ultra 7 155U Upto 4.8GHz, 32GB RAM, 1TB SSD, Backlit keys, Fingerprint Reader, Windows 11 Pro",0.0,0,False,440G11Ult7-321nP,1169.99,HP,False
9SIAJZDKPJ8738,laptop,"Asus Zenbook 14 OLED Business Laptop 14"" WUXGA Lumina OLED Touch (100% DCI-P3, 500nits HDR) Intel 16-core Ultra 7 255H (Up to 13 TOPS) 16GB DDR5 1TB SSD Backlit Fingerprint Wi-Fi 7 Win11",0.0,0,False,Zenbook14OLED3-0804-002,999.99,ASUS,False
9SIBBPDHDU4853,laptop,"Dell Latitude E6420 14.0"" Gunmetal Gray Laptop - Intel Core i5 2520M 2nd Gen 2.50GHz 8GB SODIMM DDR3 SATA 256GB SSD Windows 7 Professional 64-Bit",5.0,1,False,14-DL-E6420-24,139.0,DELL,True
9SIAKKBJPD0653,laptop,"Dell Inspiron 3511 15.6"" Full HD TouchScreen Notebook, 11th Gen Intel Core i5-1135G7 Quad Core Processor, 16GB DDR4 RAM, 512GB SSD, Intel UHD Graphics, Wifi-AC, Bluetooth,HDMI,USB, Windows 11 Pro",0.0,0,False,DELL3511i516512SDT,539.79,DELL,False
9SIBPMFKJC0222,laptop,"Lenovo ThinkPad L14 Gen 5 Business 14"" WUXGA IPS Touch Intel Core Ultra 5 135U vPro (Beat i7-1355U)  Intel Graphics 32GB DDR5 RAM 1TB SSD Fingerprint Reader Backlit KB Wi-Fi 6E BT 5.3 Windows 11 Pro",0.0,0,False,HC320012073125SUB,1049.0,Lenovo,False
9SIBYRBKJG7009,laptop,Apple MacBook Pro (2021) 14-inch - Apple M1 Pro chip: 8-Core CPU/14-Core GPU - 512GB - Silver - 16GB RAM - Excellent (Grade A),0.0,0,False,58CCFD72DED9B1Z,739.95,Apple,True
9SIAA0SKK91410,laptop,"ASUS VivoBook X1404 Laptop, 14"" FHD Display, Intel Core i5-1334U Upto 4.6GHz, 16GB RAM, 512GB SSD, Windows 11 Home",0.0,0,False,X1404i5UBLU-16512nH,499.99,ASUS,False
9SIAKKBKKA5383,laptop,"Lenovo Ideapad 1i 15.6"" FHD Touchscreen Business&Home Laptop, 13th Intel Core i5-1334U Upto 4.6GHz, 24GB RAM, 1TB PCle SSD, Windows 11 Home, Lifetime Microsoft Office License, Blue",0.0,0,False,LENOVO1II513354,566.79,Lenovo,False
9SIAGA5KKE4032,laptop,"HP 2025 14"" Student Laptop Computer, Intel Processor N150(Up to 3.6GHz), Microsoft Copilot AI, 16GB RAM 128B UFS, Wi-Fi 6, Bluetooth 5.4, Microsoft 365, Green, Win11 Home S",0.0,0,False,004035-198990456935-16-128,269.0,HP,False
9SIA5WMK9F2732,laptop,Dell Latitude 5590 i5 1.7GHz 32GB 256GB SSD 11P,0.0,0,False,DL-NB-B004976,259.0,DELL,True
9SIB0GJKC89936,laptop,"HP Newest 17.3"" FHD Business Laptop, Intel Core i5-1334U, Intel Iris Xe Graphics, 32GB RAM, 1TB PCIe SSD, Fingerprint Reader, Backlit KB, Webcam, Wi-Fi 6, HDMI, Windows 11 Pro, Silver",0.0,0,False,ESSENTIAL4201_CTO_N1-L,719.0,HP,False
9SIACBWKE97921,laptop,"HP 16-ag00 Pavilion 16"" Laptop AMD Ryzen 7-8840U 8GB 512GB W11H",0.0,0,False,HP9J546UAR,389.99,HP,True
9SIAKKBJ9D4119,laptop,"HP 15t Home & Business Laptop (Intel i5-1135G7 4-Core, 32GB RAM, 1TB PCIe SSD, 15.6"" Full HD (1920x1080), Intel Iris Xe, Fingerprint, Wifi, Bluetooth, Webcam, 2xUSB 3.1, 1xHDMI, Win 11 Pro)",0.0,0,False,ME-119270225949,556.79,HP,False
9SIA4DMKN09641,laptop,"Apple MacBook Air Laptop Apple M1 8-Core CPU 7-Core GPU 8GB RAM 128GB SSD 13"" Space Gray MGN53LL/A (2020) - Excellent Condition",0.0,0,False,MGN53A8128M187A99,346.81,Apple,True
9SIBPMFKHU1192,laptop,"Dell Inspiron Business Laptop 15.6"" IPS Full HD Touchscreen Intel core i5-1334U (Beat i7-1255U) Intel UHD Graphics 16GB RAM 512GB SSD HDMI 1.4 USB-C 3.2 Bluetooth Wi-Fi 6 Webcam Windows 11 Pro Black",0.0,0,False,HC165122071925,496.0,DELL,False
9SIAA0SKEB8541,laptop,"Lenovo ThinkBook 16 G6 Laptop, 16"" FHD+ Display, Intel Core i5-13420H Upto 4.6GHz, 16GB RAM, 512GB SSD, Windows 11 Pro",0.0,0,False,G6i513H-16512nP,699.99,Lenovo,False
9SIB0GJKK34095,laptop,"Thunderobot Storm 17 Gaming Laptop, 17.3"" FHD 144Hz,  Core i5-12450H, GeForce RTX 3050, 32GB RAM, 1TB SSD, RGB Keyboard, Win 11 Home",0.0,0,False,Storm 179703-C_CTO_N1,879.0,Thunderobot,False
9SIB9ADKFV4830,laptop,"HP ProBook 440 G7 Laptop | 14"" 1920x1080 FHD TOUCHSCREEN | Core i3 - 10110U - 256GB SSD Hard Drive - 8GB RAM | 2 cores @ 4.1 GHz Win 11 Pro",0.0,0,False,440-G7-FHD-I3-10110U-8-256,169.0,HP,True
9SIB32ZKPC8185,laptop,"ASUS Zenbook 14 OLED 14 WUXGA Touchscreen Laptop, AMD Ryzen 7 8840HS, 16GB Memory, 512GB SSD, Jade Black, UM3406HA-WS74T",0.0,0,False,UM3406HA-WS74T,789.99,ASUS,False
9SIADG3KF49582,laptop,"HP ProBook 450 G10 Business Laptop (15.6"" FHD Anti-Glare, Intel 10-Core i5-1334U, 32GB RAM, 1TB SSD, (Beats i7-1255U)) Backlit KB, Webcam, Ethernet, Wi-Fi 6E, Win 11 Pro w/ AI Copilot, Silver",0.0,0,False,ProBook 450 G10 i5 32GB 1TB,899.99,HP,False
34-820-040,laptop,"Microsoft Surface Laptop Copilot+ PC (7th Edition) 15"" Touchscreen 2496 x 1664 Qualcomm Snapdragon X Elite 32GB RAM 1TB SSD Windows 11 Home - Black",0.0,0,False,ZHI-00001,1499.99,Microsoft,False
9SIB0GJKC86874,laptop,"HP Portable Laptop, 17.3"" HD+ Touchscreen, Intel Core i5-1334U, 16GB RAM, 1TB SSD, Webcam, HDMI, FP Reader, Backlit KB, Wi-Fi 6, Windows 11 Home, Silver",0.0,0,False,ESSENTIAL5691_CTO_N1-B,649.0,HP,False
9SIA6ABKBH1346,laptop,"HP ZBook Firefly 15 G7 15.6"" FHD Sleek Mobile Workstation Laptop - 10th Gen Intel QUAD Core i7 up to 4.9GHz  32GB RAM DDR4 1TB SSD, Windows 11 Pro with NVIDIA Graphics",0.0,0,False,HP.Zbook15G7.i7_8,684.99,HP,True
9SIA4R8KKS2426,laptop,"DELL Laptops Precision 3560 Intel Core i7-1165G7 32GB Memory 1 TB SSD Intel Iris Xe Graphics 15.6"" Non-Touch Screen Windows 11 Pro 64bit",0.0,0,False,J5-5420A07,494.89,DELL,True
1TS-000D-1RAG8,laptop,"HP 17-c3000 17-cn3019nr 17.3"" Touchscreen Notebook - Intel N-Series i3-N305 - 8GB - 512GB SSD - Windows 11 Home - Intel UHD Graphics - Webcam - 9.75 Hrs Battery - IEEE 802.11ax Wireless   B89NPUA#ABA",0.0,0,False,B89NPUA#ABA,579.99,HP,False
9SIBPMFKG96112,laptop,"HP 15.6"" IPS FHD Touchscreen Business and School Laptop Intel core i5-1334U (Beat i7-1255U) 16GB RAM 512GB SSD Intel Iris Xe Graphics HDMI USB-C Long battery life AI Copilot Windows 11 Pro Silver",0.0,0,False,HC165122062025SUB,526.0,HP,False
9SIACVBKMT1019,laptop,"Lenovo Gen 12 ThinkPad X1 Carbon Laptop with Intel Ultra 7 155U Processor, 14"" WUXGA 100% sRGB Touchscreen, 32GB 6400MHz RAM, 1TB Gen4 Performance SSD, FHD+ IR+ RGB Camera, and Windows 11 Pro",0.0,0,False,21KC00A7US+1TB-2,1579.0,Lenovo,False
9SIA0ZXK9X1189,laptop,"Lenovo ThinkPad E16 Gen 2 16.0"" AMD Ryzen 5 7535U AMD Radeon 660M 16GB Memory 256GB SSD Windows 11 Pro 21M5000GUS",0.0,0,False,21M5000GUS,722.13,Lenovo,False
9SIAEVRKD15740,laptop,Lenovo Thinkpad P14s Gen 1 i7 1.8GHz 32GB 1000GB SSD 11P,0.0,0,False,LN-NB-B004879,408.99,Lenovo,True
9SIAKZ3C2A4554,laptop,"ASUS VivoBook 14 Laptop, 14"" FHD, AMD Ryzen 7-3700U, AMD Radeon RX Vega 10 Graphics, 8 GB DDR4 RAM, 512 GB PCIe SSD, Backlit KB, Fingerprint, Windows 10 Home, Slate Grey, F412DA-NH77",4.5,90,False,F412DA-NH77,469.0,ASUS,False
9SIA4R8KHR2644,laptop,"DELL Grade A Laptop Latitude Intel Core i7-1185G7 32GB Memory 1 TB SSD Intel Iris Xe Graphics 15.6"" Non-Touch Screen Windows 11 Pro 64-bit 5520",0.0,0,False,J5-5520A04,688.99,DELL,True
9SIBPMFKMZ9373,laptop,"HP Business Laptop 17.3"" IPS Full HD Intel Core i5-1335U Intel Iris Xe Graphics 16GB RAM 512GB SSD Fingerprint Reader Backlit Keyboard Long-Battery WiFi 6 Bluetooth 5.2 Webcam Windows 11 Home Silver",0.0,0,False,HC165121093025SUB,579.0,HP,False
9SIAKKBKCS3061,laptop,"Lenovo IdeaPad 1 15.6 FHD business Laptop,Intel Core i5-1235U(Up to 4.40GHz),Intel Iris Xe Graphics,20GB RAM,1 TB SSD,Win 11 Home,Grey",0.0,0,False,B2C_Lenovo_i5_7-25-24_20_1TH,549.79,Lenovo,False
9SIAKKBJGM5298,laptop,"HP 15.6"" Full HD (1920x1080) TouchScreen Laptop, 11th Gen Intel Core i7-1165G7 Processor, 32GB DDR4 RAM, 1TB SSD, Intel Iris Xe Graphics, Wifi-AC, Bluetooth,HDMI,USB, Windows 11 Pro",0.0,0,False,HP11i7321TBSD,779.79,HP,False
34-343-847,laptop,"DELL Grade A Laptop Latitude Intel Core i7-1185G7 32GB Memory 512 GB SSD Intel Iris Xe Graphics 14.0"" Touch Screen Windows 11 Pro 64-bit 7420",0.0,0,False,J5-7420A06,755.99,DELL,True
9SIBUHVKC45691,laptop,"KurieTim 15.6"" Laptop, Windows 11 Laptop Computer, 32GB RAM 512GB SSD, FHD 1920x1080, Quad-Core N95 Processor(Up to 3.4GHz), Backlit Keyboard, Fingerprint Reader Unlock, Webcam, USB3.0x2",5.0,1,False,T152A-32-512,299.99,KurieTim,False
9SIBYRBKJG6416,laptop,Apple MacBook Air (2022) 13.6-inch - Apple M2 Chip: 8-Core CPU/8-Core GPU - 256GB - Silver - 8GB RAM - Excellent (Grade A),0.0,0,False,9E52E7B19B0D9FZ,579.0,Apple,True
9SIC0D6KMF3188,laptop,"Lenovo Laptop IdeaPad 3, 15.6"" FHD IPS,12th Generation Intel Core i7-1255U,16GB,  Iris Xe Graphics, 512GB SSD,Win 11 Home",0.0,0,False,82RKX084US,569.0,Lenovo,True
34-236-574,laptop,"ASUS ROG Strix Scar- 16"" GeForce RTX 5080 Laptop GPU - Intel Core Ultra 9 275HX - 32GB Memory - 2 TB PCIe SSD - Wi-Fi 7 Windows 11 Pro GAMING LAPTOP - 240 Hz (G635LW-XS97 )",5.0,1,False,90NR0LD1-M005N0,3475.99,ASUS,False
9SIB9ADJH20779,laptop,"HP EliteBook 850 G6 15.6"" FHD Laptop - i7-8565U (1.80GHz) - GRADE A - 32GB DDR4 RAM - 1TB PCIe SSD - 1920 x 1080 - Windows 11 Pro",5.0,1,False,hp850i7-a-32-1tb,429.0,HP,True
34-817-340,laptop,"Dell Precision 3561 Laptop Intel Core i5-11500H 2.9GHz 32GB Memory 512GB SSD NVIDIA T600 4GB Graphics 15.6"" FHD Windows 11 Pro 64-bit",0.0,0,False,J5-P3561A05,613.99,DELL,True
34-817-338,laptop,"Dell Precision 3561 Laptop Intel Core i5-11500H 2.9GHz 16GB Memory 512GB SSD NVIDIA T600 4GB Graphics 15.6"" FHD Windows 11 Pro 64-bit",0.0,0,False,J5-P3561A06,535.99,DELL,True
9SIAR0TKDR3045,laptop,"HP Victus by HP Laptop Computer 15.6"" FHD AMD Ryzen 7 16 GB memory; 1 TB SSD",0.0,0,False,B5NS0UA#ABA,799.99,HP,False
9SIBPMFKK48147,laptop,"HP 15.6"" Full HD Touchscreen Business Laptop Intel Core i7 1355U Intel Iris Xe Graphics 32GB RAM 1TB SSD HDMI USB-C Wi-Fi 6 Webcam AI copilot Windows 11 Pro Silver",0.0,0,False,HC320012081725SUB,896.0,HP,False
9SIAKKBKCJ9965,laptop,"HP 15.6"" Full HD Notebook, Intel Core i5-1235U 10-Core Processor,16GB DDR4,512GB SSD,Intel Iris Xe Graphics,Wifi-6, Windows 11 Pro",0.0,0,False,HP15i516512SSDWZ11Q,478.79,HP,False
9SIBPMFKKY3551,laptop,"ASUS Vivobook 15.6"" FHD Touchscreen Business Laptop Intel core i7-1355U Intel Iris Xe Graphics 24GB RAM 1TB SSD Backlit Keyboard Wi-Fi 6E Bluetooth 5.3 HDMI USB-C Webcam Windows 11 Pro Silver",0.0,0,False,HC320012090424SUB,749.0,ASUS,False
9SIBPMFKKN5026,laptop,"HP 17.3"" HD+ Business Laptop Intel core i3-N305 8-core 3.8GHz (Beat i3-1215U) Intel UHD Graphics 16GB RAM 512GB SSD Webcam HDMI 1.4 USB-C 3.0 Bluetooth Wi-Fi 6 Windows 11 Home Silver | Vertical Mouse",0.0,0,False,HC165121082725SUB,469.0,HP,False
9SIBPMFKKV8775,laptop,"Dell Inspiron 16"" FHD+ Touch Laptop,Intel Core 7-150U(Beats i7-1355U),Backlit KB with Fingerprint Reader,64 GB RAM,1 TB SSD,Win 11 Pro",0.0,0,False,B2C_Dell-16-Core7_10-16-24_64_1TP_2,1088.0,DELL,False
9SIA24GKGU8371,laptop,"MSI Raider - 18"" GeForce RTX 5090 Laptop GPU - Intel Core Ultra 9 285HX - 64GB DDR5 6400MHz Memory - 2 TB SSD - Windows 11 Pro Gaming Laptop - 120 Hz Mini LED (Raider 18 HX AI A2XWJG-069US )",4.5,2,False,Raider 18 HX AI A2XWJG-069US,4539.04,MSI,False
9SIA77GKM99321,laptop,"Dell Precision 3561 Laptop Intel Core i5-11500H 2.9GHz 32GB Memory 1TB SSD NVIDIA T600 4GB Graphics 15.6"" FHD Windows 11 Pro 64-bit Touchscreen",0.0,0,False,J5-P3561A04,664.99,DELL,True
9SIAKDCJMT6046,laptop,"Dell Latitude 7390 13.3"" FHD 1920 x 1080 Touchscreen Ultrabook  8th Gen Intel QUAD Core i7-8650U 1TB SSD 32GB DDR4 RAM Webcam Windows 11 Pro",0.0,0,False,Dell7390.Lap_48,374.53,DELL,True
9SIB9ADKHU1018,laptop,Dell Precision 3551 - GRADE B - 15.6in FHD Display - Intel Core i7-10850H GHz - 32GB RAM - 512GB SSD - Windows 11 Pro,0.0,0,False,3551-i7-32-512-11-Chipped paint,288.0,DELL,True
9SIAR0TKM11562,laptop,"HP OmniBook 5 Laptop Computer 16"" 2K Touch Screen Snapdragon X Plus 32 GB",0.0,0,False,BX7N1UA#ABA,899.99,HP,False
9SIBBPDKH04998,laptop,"Dell Latitude E5450 14"" 1366x768 HD Laptop PC, Intel Core i5-5200U 2.2GHz, 8GB DDR3 RAM, 256GB SSD, Windows 10 Pro Grade B",0.0,0,False,782248423631,139.0,DELL,True
9SIA7ABKK15782,laptop,"HP ProBook 465 G11 16"" Notebook - WUXGA - AMD Ryzen 5 7535U - 8 GB - 256 GB SSD - Pike Silver Aluminum  - Windows 11 Pro - English Keyboard   A1RM6UT#ABA",0.0,0,False,A1RM6UT#ABA,599.99,HP,False
9SIBVVAKJS9446,laptop,"HP Dragonfly G4 13.5"" 3K2K Intel Core i7-1365U 1.8GHz 16GB RAM 256GB SSD WIN11P, Slate Blue",0.0,0,False,C1PA0U8-23-ABA-NW,979.99,HP,False
9SIB0GJKGR9456,laptop,"Lenovo ThinkPad E16 Gen 2 Business Laptop, 16"" WUXGA, AMD Ryzen 7 7735U up to 4.75GHz, 64GB DDR5 RAM, 1TB SSD, Fingerprint, Backlit, HDMI, Wi-Fi 6, Win 11 Pro",0.0,0,False,E162693-D_CTO_N1,1179.0,Lenovo,False
9SIADG3KHH9231,laptop,"Lenovo ThinkPad P16s Gen 3 Mobile Workstation Laptop (16"" FHD+, Intel 16-Core Ultra 7 155H, 64GB DDR5, 2TB SSD, NVIDIA RTX 500 Ada), AI PC for Designer, Engineer, 3-Year WRT, 5MP IR Webcam, Win 11 Pro",0.0,0,False,Lenovo ThinkPad P16s Gen 3 U7 64GB 2TB,2099.99,Lenovo,False
9SIAE4NKKG0321,laptop,"Lenovo V-Series V15 Business Laptop, 15.6"" FHD Display, AMD Ryzen 7 7730U,40GB RAM, 1TB SSD,Wi-Fi, Windows 11 Pro, Black",0.0,0,False,LENV15RYZ7401TBSD11PROBLK,629.0,Lenovo,False
9SIAKKBK525189,laptop,"2023 Dell Inspiron 15 3520 15.6"" FHD Touchscreen Premium Business Laptop, 11th Gen Intel 4-Core i5-1155G7 upto 4.5GHz, 32GB RAM, 1TB PCIe SSD, Intel UHD Graphics, Windows 11 Pro, Black",0.0,0,False,15-fd0083wm-P-SP-11,646.79,DELL,False
34-236-705,laptop,"ASUS TUF Gaming F16 Gaming Laptop, 16” FHD+ 165Hz 16:10 Display, Intel® Core™ i7-14650HX, NVIDIA RTX 5050,   16GB Memory - 1.5 TB SSD - Windows 11 Home Gaming Laptops - 165 Hz IPS (FX608JHR-ES73 )",5.0,2,False,FX608JHR-ES73,1299.99,ASUS,False
9SIAKDCKA22387,laptop,"Lenovo Thinkpad Series T480 T490 14"" FHD 1920 x 1080 Touchscreen Ultrabook - 8th Gen Intel QUAD Core i7 1.8GHz 32 GB RAM DDR4 1TB SSD, Wi-Fi, Bluetooth, Webcam Windows 11 Pro",4.0,2,False,Lenovo.T480.i7_36,498.08,Lenovo,True
9SIADFMKNG3758,laptop,"Dell Latitude 5520 15.6"" 16GB 256GB SSD Core i5-1145G7 2.6GHz WIN11P, Gray",0.0,0,False,5520-I5-1145G7-256/16GB-RF-RB,274.0,DELL,True
9SIBPMFKHX4806,laptop,"HP 17.3"" HD+ 1600 X 900 Touchscreen Business Intel Core Ultra 7 255U (Beat i9-12900H) Intel AI Boost Intel Graphic 64GB DDR5 RAM 2TB SSD WiFi 6 Bluetooth 5.4 Backlit KB Webcam Windows 11 Pro Silver",0.0,0,False,HC640022072325SUB,1189.0,HP,False
9SIAKKBKH42313,laptop,"HP 15.6"" Full HD LED TouchScreen Business and School Laptop,Intel 13th Core i7-1355U (Beat i5-1255U) 10-Core Processor,32GB DDR4 RAM,1TB SSD,Lifetime Office 365, Windows 11 Pro/Xtredura Flash Drive",0.0,0,False,FD0127DX51,816.79,HP,False
9SIAE4NKGD3615,laptop,"Lenovo V15 G4 Business Laptop,15.6 FHD Display,Intel Core i5-13420H(Beat i7-1355U),24GB RAM,512GB NVMe SSD,Windows 11 Pro,Black",0.0,0,False,B2C_Lenovo_i5_3-26-25_24_512P_2,524.0,Lenovo,False
9SIAE4NK765988,laptop,"13th Generation Intel Core i7-1355U Processor,16GB LPDDR5,1TB SSD, Acer Aspire Vero 15.6"" Full HD Laptop,Intel Iris Xe Graphics,Windows 11 Pro",0.0,0,False,ACERVROi7161TBSDBZX,669.0,Acer America,False
9SIAKDCJMM0861,laptop,"Dell Latitude 7390 Laptop, 1.9 GHz Intel Core i7 8th Gen, 16GB RAM, 256GB SSD, Windows 11 Pro, 13.3"" 1920 x 1080 FHD Touch Screen, Backlit Keyboard, Grade A",0.0,0,False,698869514846,279.02,DELL,True
9SIA57XKGR8275,laptop,"ASUS ROG Strix Scar - 18"" GeForce RTX 5070 Ti Laptop GPU - Intel Core Ultra 9 275HX - 32GB Memory - 1 TB PCIe SSD - Windows 11 Pro GAMING LAPTOP - 240 Hz (G835LR-XS96 )",1.0,1,False,90NR0LS1-M003K0,2699.0,ASUS,False
9SIB295KFJ6634,laptop,"Dell Inspiron 16"" FHD+ Touchscreen Business Intel core 7 150U (Beats i7-1355U) 16GB DDR5 RAM 1TB SSD Intel Graphics Wi-Fi 6E Bluetooth 5.3 HDMI USB-C 3.2 Backlit Fingerprint Windows 11 Pro Ice Blue",0.0,0,False,HC160012093024SUB,869.0,DELL,False
9SIB9ADKGD0581,laptop,"Dell Latitude 3000 Series (3450) 14"" HD LED Intel Core i3-4005U 16 GB RAM 256 GB SDD HDMI Webcam Windows 10 Professional",0.0,0,False,Dell3450_11,129.0,DELL,True
9SIA9PSKE11762,laptop,"Dell Latitude 7420 Business Laptop, 14.0"" FHD (1920x1080) Non-Touch, 11th Gen Intel Core i7-1185G7, 16GB RAM, 512GB SSD, Windows 11 Pro",0.0,0,False,L7420-219,399.0,DELL,True
9SIB9B8KHW5850,laptop,"Dell Precision Precision 5690 16"" 32GB 512GB SSD Core Ultra 7 165H 1.4GHz WIN11P, Titan Gray",0.0,0,False,PRECISION 5690-512/32GB-NEW-NW,1599.99,DELL,False
9SIAKKBKKP2754,laptop,"HP 17 Home & Business Laptop,17.3"" FHD 1920 x 1080 , AMD Ryzen 5  7520U (Beat i5-1135G4) 8GB DDR5 RAM, 256GB SSD, Webcam, Bluetooth, Wi-Fi, MS Office License  Windows 11 Home/XTREDURA FLASH Drive",0.0,0,False,CPB2025OFF5,456.79,HP,False
9SIA0ZXK9G0363,laptop,"Lenovo ThinkPad T16 Gen 3 16.0"" Touch Screen Intel Core Ultra 7 165U 32GB Memory 1TB SSD Windows 11 Pro 21MN005HUS",0.0,0,False,21MN005HUS,2075.76,Lenovo,False
9SIAKVUKJG9023,laptop,"HP EliteBook 845 G8 14"" FHD IPS AMD Ryzen 7 PRO 5850U 1.9 GHz up to 4.4 GHz 16GB DDR4 512GB PCIe NVMe TLC SSD AMD Radeon, Webcam, Windows 11 Pro Laptop, Silver - 49V27UC-I010",5.0,1,False,-49V27UC-I010-RBB,330.0,HP,True
9SIAKKBJFZ7501,laptop,"HP 15-dy2073dx Home & Business Laptop (Intel i7-1165G7 4-Core, 15.6"" 60Hz Touch Full HD (1920x1080), Intel Iris Xe, 32GB RAM, 1TB PCIe SSD, Wifi, HDMI, Webcam, Bluetooth, SD Card, Win 11 Pro)",0.0,0,False,ME-129052226373,776.99,HP,False
9SIAMRPK9D0653,laptop,"ASUS VivoBook 14 Business Laptop 14"" FHD Anti-glare Intel Hexa-core i3-1215U 16GB DDR4 512GB SSD USB-C Privacy Webcam SonicMaster Win11 Blue",0.0,0,False,VivoBook14-0709-001,409.0,ASUS,False
9SIB9ADKBK5120,laptop,"DELL Grade A Laptop (4G LTE) Intel Core i7-6600U 16GB Memory 256 GB SSD Intel HD Graphics 520 14.0"" Non-Touch Screen Windows 10 Pro 64-bit 14 Rugged 5414",0.0,0,False,J5-5414A07,279.0,DELL,True
9SIAE4NKKX7802,laptop,"Dell 15.6"" Full HD Laptop - Intel Core 3 100U | 32GB DDR4 | 512GB SSD | Wi-Fi 6 | Windows 11 Pro | Slim & Powerful Notebook",0.0,0,False,DELLDCC332512SD11PRO,499.0,DELL,False
9SIA60GKMT6572,laptop,Dell Latitude 9420 2-in-1 Laptop - Intel Core i7-1185G7 3GHz (4 core) Processor - 16GB LPDDR4 Memory - 512GB NVMe SSD - 14-inch 2560 x 1600 Touchscreen Display - Windows 11 Home 64-bit,0.0,0,False,L9420-GR8BCK3,399.0,DELL,True
9SIBPMFKHZ5439,laptop,"HP 17 Business Laptop, 17.3"" HD+ Touchscreen, Intel Core 7 150U 10-Core Processor, Intel Graphics, 32GB DDR4  512GB PCIe SSD, Backlit Keyboard, Wi-Fi 6, Bluetooth 5.3, Windows 11 Pro",0.0,0,False,HP17605Core7150Utouch-026,899.0,HP,False
34-820-081,laptop,"Microsoft Surface 15"" Copilot+ Laptop 7th Edition - 15"" PixelSense Flow Display - Intel Core Ultra 7 (Series 2) - 32GB Memory - 1 TB SSD - Wi-Fi 7 - Windows 11 Pro  - Black  EP2-33232",0.0,0,False,EP2-33232,2547.99,Microsoft,False
34-236-625R,laptop,"ASUS ROG Flow - 13.4"" AMD Radeon 8060S Graphics - 3.0GHz - 128GB Memory - 1 TB SSD - Windows 11 Pro Gaming Laptop - 180 Hz IPS (GZ302EA-XS99 )",0.0,0,False,GZ302EA-XS99,2761.13,ASUS,False
9SIAKDCKBG6591,laptop,"DELL Grade B Laptop Latitude Intel Core i7-8650U 16GB Memory 256 GB SSD Intel UHD Graphics 620 14.0"" Non-Touch Screen Windows 11 Pro 64-bit 5490",0.0,0,False,J5-5490B12,266.11,DELL,True
9SIAE4NKFV9994,laptop,"Lenovo V-Series V15 G4 15.6"" Full HD Business Laptop Intel Core i7-13620H 40GB RAM 2TB SSD HDMI RJ45 Webcam Wi-Fi Bluetooth USB-C 3.2 Numeric Keypad Windows 11 Pro Black",0.0,0,False,HC400022040825SUB,819.99,Lenovo,False
9SIAA0SKDF5232,laptop,"Lenovo V15 G4 Laptop, 15.6"" FHD Display, Intel Core i7-13620H Upto 4.9GHz, 16GB RAM, 512GB SSD, Windows 11 Pro",0.0,0,False,V15G4i713H-16512nP,599.99,Lenovo,False
9SIBPMFKG82527,laptop,"ASUS Vivobook Business Laptop 14"" LED Full HD Intel Core 13th Gen i3-1315U (Beat i5-1235U) 16GB RAM 1TB SSD Intel UHD Graphics HDMI 1.4 USB-C 3.2 Bluetooth, Wi-Fi 5 Windows 11 Home Blue",0.0,0,False,HC160011061725,409.0,ASUS,False
9SIAA0SKK91412,laptop,"ASUS VivoBook X1404 Laptop, 14"" FHD Display, Intel Core i5-1334U Upto 4.6GHz, 16GB RAM, 1TB SSD, Windows 11 Pro",0.0,0,False,X1404i5UBLU-161nP,589.99,ASUS,False
9SIB9ADJ0E9807,laptop,"HP Elitebook 8570p 15.6"" HD (1366 x 768) LED Laptop Intel 3rd Gen Core i7 2.90 GHz Mobile CPU 16 GB DDR3 RAM 1TB SSD DVD-R FireWire DisplayPort WiFi Bluetooth Webcam Windows 10 Pro",0.0,0,False,HP.8570p.i7_12,190.0,HP,True
9SIB295KAF6375,laptop,"Dell Inspiron 15 3000 Series 3520 Laptop, 15.6"" FHD Touchscreen, 12th Gen Intel Core i7-1255U, 32GB RAM, 1TB PCIe SSD, Webcam, HDMI, Wi-Fi 6, Windows 11 Home, Black",0.0,0,False,884116640745,779.0,DELL,False
9SIA6ABF7C6093,laptop,"HP Elitebook 8470p 14"" LED Laptop 3rd Gen Intel QUAD Core i7 2.60 GHz Mobile CPU 8 GB DDR3 RAM 500 GB HD DVD-R FireWire DisplayPort WiFi Bluetooth Webcam Windows 10 Pro",0.0,0,False,HP.8470p.i7QM_1,157.01,HP,True
9SIAT9BK9V3267,laptop,"Dell Latitude 5300 13.3'' HD Business Laptop, Intel Core i5-8365U Notebook, 16GB DDR4 RAM, 512GB SSD, 1.6GHz, Webcam, Wi-Fi, Type-C, RJ-45, For Education, Home, Gaming, Windows 11",0.0,0,False,Dell-5300-i5-8365U-16-512-11,184.0,DELL,True
9SIA4R8KMJ5215,laptop,"Panasonic Toughbook FZ-55 MK1 Rugged Laptop Intel Core i5 14"" FHD Touchscreen 16GB/512GB SSD Infrared Webcam Dual Pass USB-C Windows 11 Pro",0.0,0,False,55158-16512-XXX-W11,914.99,Panasonic,True
9SIA77GKMT9606,laptop,"Dell Precision 7730 7740 17.3"" FHD 1920 x 1080 Mobile Workstation  8th Gen Intel Six Core i7-8750H 256 GB M.2 + 4TB M.2 SSD 128GB DDR4 RAM Webcam Windows 11 Pro",0.0,0,False,Dell.Precision7730.i7_136,1472.49,DELL,True
9SIACVBKKD8425,laptop,"Lenovo Idea Tab Pro TB373FU Tablet - 12.7"" 3K - MediaTek Dimensity 8300 Octa-core - 8 GB - 128 GB Storage - Android 14 - Luna Gray - Cortex A715 Single-core (1 Core) 3.35 GHz + Cortex A715 Triple",0.0,0,False,ZAE50165US,309.99,Lenovo,False
9SIAKKBKJK6230,laptop,"Lenovo IdeaPad 1 Student Laptop, 15.6"" HD Display, Intel Celeron N4500 Upto 2.8GHz, 12GB RAM, 256 Storage(128GB SSD+128GB eMMC), 1 Year Office 365,Windows 11 Pro",0.0,0,False,LENOVON45008,319.79,Lenovo,False
9SIAA0SKJ70678,laptop,"ASUS VivoBook X1404 Laptop, 14"" FHD Display, Intel Core i7-1355U Upto 5GHz, 24GB RAM, 2TB SSD, Windows 11 Pro",0.0,0,False,X1404i7UBLU-242nP,889.99,ASUS,False
9SIBYRBKJG6528,laptop,Apple MacBook Pro (2019) 13.3-inch - Intel Core i7 2.8GHz - 256GB - Space Grey - 16GB RAM - 4 Thunderbolts 3 Ports - Touchbar - Good (Grade B),0.0,0,False,87FC3CB8EB5CA1Z,306.8,Apple,True
9SIB9ADKDH9982,laptop,HP MT44 Mobile Think Client AMD Ryzen 3 2300U 2.0GHz 8GB RAM 256GB SSD Windows 10 Pro,0.0,0,False,HPMT4423008256,139.0,HP,True
9SIBPMFKG96115,laptop,"HP 15.6"" IPS FHD Touchscreen Business and School Laptop Intel core i5-1334U (Beat i7-1255U) 32GB RAM 2TB SSD Intel Iris Xe Graphics HDMI USB-C Long battery life AI Copilot Windows 11 Pro Silver",0.0,0,False,HC320022062025SUB,769.0,HP,False
9SIA4R8KMU5308,laptop,"DELL Precision 3551 Laptop Intel Core i7-10850H 2.70 GHz 16GB RAM 512 GB M.2 SSD 15.0"" FHD Display Windows 10 Pro",0.0,0,False,NBR-DE-3551_I7_16_512,498.99,DELL,True
9SIA1CZKJ12732,laptop,"Lenovo IdeaPad Slim 3 15.6"" Intel Core 5 120U 8GB Memory 256 GB SSD Windows 11 Home 83E6002EUS",0.0,0,False,83E6002EUS,349.99,Lenovo,False
9SIB295K7W6416,laptop,"HP 17.3"" Full HD IPS Notebook,13th Gen Intel Core i7-1355U 10-Core Processor,16GB DDR4,256GB SSD,Intel Iris Xe Graphics,Wifi-6,Bluetooth,HDMI,Windows 11 Pro",0.0,0,False,HP1713i716256SSDQ,799.0,HP,False
9SIA77GK4K4687,laptop,Lenovo Thinkpad T480 i5 1.6GHz 8GB 256GB SSD 10P,0.0,0,False,CT-742488743184,249.49,Lenovo,True
9SIAKKBKAY0112,laptop,"12th Gen Intel Core i5-1235U Processor,16GB DDR4, 512GB SSD,Dell Inspiron 3520 15.6"" Full HD TouchScreen Laptop,Intel UHD Graphics, Wifi,Bluetooth,HDMI,Windows 11 Pro",0.0,0,False,DELL352012i516512SDZTCH,511.79,DELL,False
9SIB0GJKG64535,laptop,"Lenovo IdeaPad 1 Everyday Laptop, 14"" HD Display, 8GB RAM, 256GB Storage(128GB eMMC + 128GB PCIe), 1 Yr Office 365 Included, Intel Core Processor, SD Card Reader, HDMI, Wi-Fi 6, Win 11 Home, Grey",0.0,0,False,IDEALPAD8424-C_N1,209.0,Lenovo,False
9SIB295KDF6549,laptop,"Dell Inspiron 15.6"" FHD Touch Laptop,Intel Core i5-1235U,Intel UHD Graphics,32 GB RAM,512 GB SSD,Windows 11 Pro,Black",0.0,0,False,B2C_Dell-15.6-i5_10-10-24_32_512P,539.0,DELL,False
9SIBPMFKKY3562,laptop,"ASUS Vivobook 15.6"" FHD Touchscreen Business Laptop Intel core i7-1355U Intel Iris Xe Graphics 40GB RAM 2TB SSD Backlit Keyboard Wi-Fi 6E Bluetooth 5.3 HDMI USB-C Webcam Windows 11 Pro Silver",0.0,0,False,HC640022090424SUB,949.0,ASUS,False
9SIA6ABKAW3177,laptop,"Lenovo Thinkpad T15 Gen 1 15.6"" Full HD 1920 x 1080 IPS Non-touch Ultrabook - 10th Gen Intel QUAD Core i7-10510U 1.8GHz  40 GB RAM DDR4 1TB SSD, Wi-Fi, Bluetooth, Webcam Windows 11 Pro",4.0,1,False,Lenovo.T15Gen1.NT.i7_9,660.0,Lenovo,True
9SIADG3KHA8627,laptop,"Dell XPS 13 9345 Laptop, Copilot+ AI PC (13.4"" FHD+ 120Hz, Qualcomm 12-Core Snapdragon X Elite, 32GB 8848MT/s RAM, 2TB SSD) Thin & Light, 27 Hours Battery Life, IR Webcam, Wi-Fi 7, Win 11 Pro,2025",0.0,0,False,DELL XPS 13 9345 Snap X Elite 32GB 2TB,1599.99,DELL,False
9SIB9ADK4H8703,laptop,"Dell Latitude E5550 Laptop Computer, 2.90 GHz Intel i5 Dual Core Gen 5, 8GB DDR3 RAM, 120GB Solid State Drive (SSD) SSD Hard Drive, Windows 10 Home 64Bit, 15"" Widescreen Screen",0.0,0,False,648609407310,129.0,DELL,True
9SIB9ADH2R9702,laptop,"DELL Laptop Latitude 5480 Intel Core i5 7th Gen 7440HQ (2.80GHz) 8 GB Memory 256 GB SSD Intel HD Graphics 630 14.0"" Windows 10 Pro 64-bit Grade A",0.0,0,False,NE5-33382,129.0,DELL,True
9SIBPMFKDT7302,laptop,"HP 14"" HD Everyday Laptop  Intel Celeron N4120 16GB RAM 64GB eMMC (1 Year Microsoft 365 Included) Intel UHD Webcam Long Battery (11-hour) Wi-Fi 5 Bluetooth USB-C HDMI Windows 11 Pro Silver | Gift Set",0.0,0,False,HC160642021325SUB,259.0,HP,False
34-818-055,laptop,HP EliteBook 645 G10 Notebook (NON-TOUCH) AMD Ryzen 5 PRO 7530U 16GB AMD Radeon Graphics 512GB SSD 14.0-inch FHD Display Windows 11 Pro 64-Bit,0.0,0,False,97R41U8R#ABA,469.98,HP,True
9SIA77GKNU7434,laptop,"DELL LATITUDE 5310 13.2"" FHD INTEL CORE I7-10610U 1.80 GHZ - 32GB RAM, 1TB SSD - Backlit Keyboard, Webcam, Bluetooth - Windows 10 Pro",0.0,0,False,14-DL-5310-50,607.99,DELL,True
9SIBPMFKDF0695,laptop,"ASUS Vivobook 15.6"" Full HD Laptop Intel core i5-1235U (Beats i7-1165G7) 16GB RAM 1TB SSD Wi-Fi Bluetooth HDMI 1.4 USB-C 3.2 Webcam HD Long Battery life Windows 11 Home Blue | Valued Gift Set",0.0,0,False,HC160011012725SUB,549.0,ASUS,False
9SIA77GK8H9871,laptop,"Dell G15 5511 Gaming Laptop (2021) | 15.6"" FHD | Core i7 - 1TB SSD - 32GB RAM - RTX 3060 | 8 Cores @ 4.6 GHz - 11th Gen CPU - 12GB GDDR6",0.0,0,False,196105117979,1091.55,DELL,True
9SIBPMFKE83003,laptop,"Lenovo V15 G4 IRU 15.6"" Full HD Business Laptop Intel Core i5-13420H (Beat i7-1355U) 24GB RAM 512GB SSD HDMI RJ45 Webcam Wi-Fi Bluetooth USB-C 3.2 Numeric Keypad Windows 11 Pro Black",0.0,0,False,HC245122030425,518.0,Lenovo,False
9SIBYRBKJG6380,laptop,Apple MacBook Air (2017) 13.3-inch - Intel Core i5 1.8GHz - 128GB - Silver - 8GB RAM - Acceptable (Grade C),0.0,0,False,A1045B3E66A01EZ,139.0,Apple,True
9SIB295K031958,laptop,"HP Laptop 17.3"" IPS Full HD Intel Iris Xe Graphics Intel core 13th Gen i5-1335U 32GB RAM 1TB SSD Wi-Fi 6 Bluetooth 5.3 Backlit Keyboard HDMI Windows 11 Home Silver",0.0,0,False,B2C_17-cn3053cl_6-30-23_32_1SD_H,699.99,HP,False
9SIA8X5KPD9807,laptop,"ASUS VivoBook X1404 Laptop, 14"" FHD Display, Intel Core i7-1355U Upto 5GHz, 12GB RAM, 512GB SSD, Windows 11 Home (X1404VA-I712512)",0.0,0,False,X1404i7UBLU-12512nH,522.99,ASUS,False
9SIBPMFKDF0700,laptop,"ASUS Vivobook 15.6"" Full HD Laptop Intel core i5-1235U (Beats i7-1165G7) 40GB RAM 2TB SSD Wi-Fi Bluetooth HDMI 1.4 USB-C 3.2 Webcam HD Long Battery life Windows 11 Pro Blue | Valued Gift Set",0.0,0,False,HC400022012725SUB,669.0,ASUS,False
9SIA77GKF34670,laptop,Dell Latitude 5490 i7 1.9GHz 32GB 512GB SSD 11P,0.0,0,False,DL-NB-B006778,322.99,DELL,True
9SIAA0SKKC6399,laptop,"Lenovo V15 G4 Laptop, 15.6"" FHD Display, AMD Ryzen 5 7520U Upto 4.3GHz, 16GB RAM, 512GB SSD, Windows 11 Pro",0.0,0,False,V15G4R575-16512nP,499.99,Lenovo,False
9SIA6AB8U56677,laptop,"Dell Latitude E6520 15.6"" LED Laptop Intel Core i7 Mobile CPU 16GB 256 SSD DVD-RW WiFi Bluetooth Windows 10 Pro",5.0,1,False,DellE6520_12,155.0,DELL,True
9SIA4R8KDF6795,laptop,Dell Latitude 7490 Business Laptop 14 inch HD Core i5 8th Gen 8350U Upto 3.60 Ghz  16GB Memory 512GB SSD Webcam / Backlit Keyboard / Windows 10 Professional -64 Bit,0.0,0,False,DELL 7490 LT-HD----,228.0,DELL,True
9SIA7ABKEX5261,laptop,"ASUS ProArt P16 AI Creator Laptop 16.0"" Touchscreen OLED 4K Display (AMD Ryzen AI 9 HX 370, 32GB LPDDR5X, 2x2TB SSD (4TB), GeForce RTX 4060, Copilot+, Backlit KB, Win 11 Home)",0.0,0,False,ME-222158217354,2549.99,ASUS,False
9SIA5WMJCR8733,laptop,"Dell Latitude 7490 QUAD Core i5-8250U 1.60GHz 16GB 1TB SSD 14"" FHD SCREEN 1920X1080 WEBCAM BLUETOOTH BACKLIT KEYBOARD Windows 11 Pro",0.0,0,False,7490 i5 16 1t,259.76,DELL,True
9SIAMRPKMT8357,laptop,"MSI Thin A15 Gaming Laptop 15.6"" FHD IPS 144Hz AMD Hexa-core Ryzen 5 7535HS 16GB DDR5 1TB SSD GeForce RTX 4060 Backlit USB-C Wi-Fi6E Win11",0.0,0,False,MSIThinA152-0924-002,939.0,MSI,False
9SIA4P0KGE0670,laptop,"HP 14-dq3140nr 14"" HD Laptop, Intel Celeron N4500 1.1GHz, 4GB RAM, 64GB eMMC, Windows 11 Home S Mode, Honey Lavender",0.0,0,False,B8SU1UA#ABA,219.99,HP,False
9SIADG3KHF5072,laptop,"Acer Chromebook Plus 514 Laptop w/ Google AI (14"" FHD Touchscreen, Intel 8-Core i3-N305, 8GB RAM, 640GB Storage, 2TB Cloud Storage) Business, Student, 11-Hr Long Battery Life, 1080p Webcam, Chrome OS",0.0,0,False,Acer Chromebook Plus 514 i3 8GB 640GB,399.99,Acer America,False
9SIBUU5K6W7825,laptop,"ACEMAGIC Laptop Computer 15.6 FHD 12th Alder Lake N97(Up to 3.6GHz) 16GB DDR4 512GB SSD, Intel Quad-Core Laptop with Metal Body Support 2.4G/5G WiFi, BT5.0, 2×Speaker, Mic, USB3.2, Type_C",4.7,3,False,728725994144,269.99,ACEMAGIC,False
9SIA0ZXKNS2386,laptop,"Lenovo ThinkBook 14 G8 IAL 14"" Touchscreen Notebook - Intel Core Ultra 7 255H - 16 GB - 512 GB SSD - Windows 11 Pro - Intel Arc Graphics 140T - Webcam - Wi-Fi 6E (21SJ008RUS)",0.0,0,False,21SJ008RUS,1073.0,Lenovo,False
9SIB0GJKKT7533,laptop,"ASUS TUF F16 RTX 4050 Gaming Laptop, 16"" FHD+ 144Hz, Intel Core 5 210H(Beats Intel i5-14500), NVIDIA RTX 4050,16GB DDR5 RAM, 1TB SSD, RGB Backlit KB",0.0,0,False,TUF0362-A_CTO_N1,1059.0,ASUS,False
9SIBPMFKG46603,laptop,"Lenovo IdeaPad Slim 3 Business Laptop 15.6"" IPS Full HD Touchscreen AMD Ryzen 7 5825U AMD Radeon Graphic 16GB RAM 1TB SSD HDMI 1.4 Wi-Fi 6 Bluetooth Webcam Long Battery Life Windows 11 Home Grey",0.0,0,False,HC160011061325SUB,639.0,Lenovo,False
1TS-000E-1C390,laptop,"Lenovo ThinkPad T14 Gen 1 Laptop Intel Core i5-10310U 16 GB Memory 256GB SSD 14.0"" FHD Windows 11 Pro",0.0,0,False,NBR-LE-T14_I5_16_256,269.99,Lenovo,True
9SIBPMFKG82771,laptop,"ASUS Vivobook Business Laptop 14"" LED Full HD Intel Core 13th Gen i3-1315U (Beat i5-1235U) 16GB RAM 512GB SSD Intel UHD Graphics HDMI 1.4 USB-C 3.2 Bluetooth, Wi-Fi 5 Windows 11 Pro Blue",0.0,0,False,HC165122061725SUB,349.0,ASUS,False
34-817-322,laptop,"Dell Precision 3561 Core i5-11500H 2.9GHz, 32GB RAM, 512GB SSD, 15.6"" FHD, NVIDIA T600 4GB, Windows 11 Pro, Autopilot",0.0,0,False,J5-P3561A07,631.99,DELL,True
9SIAMRPKEV7980,laptop,"Dell Inspiron 7440 2-in-1 14.0"" Touchscreen WUXGA Business Laptop (Intel Core 7 150U, 64GB DDR5 RAM, 4TB PCIe SSD, Backlit KB, Fingerprint, Wifi 6E, BT 5.3, SD Reader, Webcam, Win 11 Pro)",0.0,0,False,ME-195731272160,1263.85,DELL,False
9SIA4R8KNY0478,laptop,DELL Latitude 5520 Laptop Intel Core i7-1185G7 32GB Memory 256 GB SSD Windows 11 Pro,0.0,0,False,EBNB5520i71132256,488.99,DELL,True
1TS-000A-14ZH3,laptop,"Grade B DELL LATITUDE 7400 2-IN-1 14.0"" FHD INTEL CORE I7-8665U 1.90 GHZ - 16GB RAM, 256GB SSD - Touchscreen, Backlit Keyboard, Fingerprint Reader, Smartcard Reader, Webcam, Bluetooth - Windows 10 Pro",0.0,0,False,14-DL-74002IN1-14,169.99,DELL,True
9SIAE4NKN31123,laptop,"ASUS Vivobook Laptop, 15.6"" FHD Touchscreen 60Hz 250 nits Display, Intel Core i7-1355U, 40GB RAM 1TB PCIe SSD, Intel Iris Xe Graphics, Wi-Fi 6E, Bluetooth 5.3, Backlit Keyboard, Win11 Pro",0.0,0,False,004118-197105920996-40-1024-P,799.0,ASUS,False
34-236-680,laptop,"ASUS TUF Gaming F16 Gaming Laptop, 16” FHD+ 165Hz 16:10 Display, Intel® Core™ i7-14650HX, NVIDIA RTX 5050,  16GB Memory - 1 TB SSD - Windows 11 Home Gaming Laptops - 165 Hz IPS (FX608JHR-ES73 )",5.0,2,False,FX608JHR-ES73,1249.99,ASUS,False
9SIAA0SHJX1391,laptop,"HP EliteBook MT44 Notebook, 14"" FHD Touch Display, AMD Ryzen 3 Pro 2300U Upto 3.4GHz, 8GB RAM, 256GB SSD, Vega 6, HDMI, DisplayPort via USB-C, Wi-Fi, Bluetooth, Windows 10 Pro",0.0,0,False,MT44Ry3ProR-8256P,729.99,HP,True
9SIA0ZXKFJ7770,laptop,"Lenovo ThinkBook 16 Gen 8 16.0"" Intel Core 5 210H 16GB Memory 512GB SSD Windows 11 Pro 21SH000GUS",4.0,1,False,21SH000GUS,814.23,Lenovo,False
9SIA0ZXJTV0738,laptop,"MSI Prestige 13Evo 13.3"" Laptop A13M-074US, Intel Evo i7-1360P, 16GB RAM, 1TB SSD, Win 11 Home, Iris Xe Graphics",0.0,0,False,Prestige 13Evo A13M-074US,861.97,MSI,False
9SIAB6HK783838,laptop,"Excellent Grade Macbook Pro 13.3-inch (Retina, Space Gray, Touch Bar) 2.8Ghz Quad Core i7 (2019) MV982LL/A 512GB SSD 16GB Memory 2560x1600 Display Parallels Dual Boot MacOS/Win 10 Pro Power Adapter",0.0,0,False,MV982LL/A-Cust8-P-E,640.45,Apple,True
9SIAR0TKGE6608,laptop,"HP OmniBook X Laptop Computer 16"" 3K Touch Screen Intel Core Ultra 7 16 GB",0.0,0,False,B88BZUA#ABA,1299.99,HP,False
1TS-000A-150V1,laptop,"DELL LATITUDE 7320 13.2"" FHD INTEL 11TH GEN CORE I7-1185G7 3.00 GHZ - 16GB RAM, 256GB SSD - Backlit Keyboard, Fingerprint Reader, Smartcard Reader, Webcam, Bluetooth - Windows 11 Pro",0.0,0,False,14-DL-7320-23,249.99,DELL,True
9SIAKKBHHB6090,laptop,"Newest HP Laptop, 17.3"" HD+ Non-Touch Display, 11th Gen Intel Core i3-1115G4 Processor, 16GB RAM, 512GB PCIe NVMe SSD, Webcam, Bluetooth, Wireless-AC, HDMI, USB-A 3.0, RJ-45, Windows 11 Home, Silver",5.0,1,False,NOTEBOOK0732_CTO_N004,494.85,HP,False
9SIAKVUKN47191,laptop,"HP 15-fd0105ds 15.6"" Touch Intel Processor N100 0.7 GHz up to 3.4 GHz 4GB DDR4-3200 128GB UFS Intel UHD Graphics Windows 11 Home Laptop, Aquamarine Sky - A93VBUA",0.0,0,False,A93VBUA-R,189.99,HP,True
9SIA0ZXKGE9415,laptop,"HP 14-dq3230nr 14"" HD Touchscreen Laptop, Intel Celeron N4500 1.1GHz, 4GB RAM, 64GB eMMC, Windows 11 Home S Mode, Pale Gold/Natural Silver",0.0,0,False,B8SW1UA#ABA,250.3,HP,False
9SIC11PKKS9639,laptop,"Exsurf T160R Laptop, AMD Ryzen 7 7840HS, 16"" 1920×1200 IPS Display, 32GB DDR5 RAM, 1TB NVMe SSD, WiFi 6, Bluetooth 5.3, Windows 11 Pro Supported, Gray",0.0,0,False,T160R-7840HS-32+1TB,619.99,Exsurf,False
9SIB295KN95198,laptop,"HP OmniBook 5 16"" 2K Touchscreen Laptop,Intel Ultra 9-285H,Intel Arc Graphics,Backlit KB,32 GB RAM,2 TB PCIe SSD,Win 11 Pro",0.0,0,False,B2C_HP-U9-285_11-10-25_32_2TP,1269.99,HP,False
9SIBPMFKP55096,laptop,"Acer Aspire Go 15 Laptop 15.3"" WUXGA IPS Intel core i5-1334U (Beat Intel core 5 120U) 16G DDR5 RAM 1TB PCIe Gen4 SSD Intel UHD Graphics Webcam HDMI 2.1 Wi-Fi 6 USB-C Long Battery Windows 1 1 Home Gray",0.0,0,False,HC160011110225,499.0,Acer America,False
9SIB71NKM15203,laptop,"Dell Pro 16 Plus PB16255 16"" Notebook - AMD Ryzen 7 PRO 250 - 16 GB - 512 GB SSD - Windows 11 Pro - AMD Radeon 780M Graphics - Webcam - 11.90 Hours Battery - IEEE 802.11be Wireless LAN Standard  8089X",0.0,0,False,8089X,849.73,DELL,False
9SIB0GJKK34044,laptop,"HP 17.3"" HD+ Touchscreen Laptop, AMD Ryzen 5 7430U, 16GB RAM, 2TB PCIe SSD, Backlit Keyboard, Fingerprint Reader, Webcam, HDMI, Wi-Fi 6, Windows 11 Home, Blue",0.0,0,False,ESSENTIAL2614-D_CTO_N1,729.0,HP,False
9SIAKKBHWS3853,laptop,"HP 15.6"" Full HD IPS LED Notebook,11th Gen Intel Core i5-1135G7 Quad-Core Processor,32GB DDR4 RAM,2TB SSD,Intel Iris Xe Graphics,Wifi-AC,Bluetooth,USB,HDMI, Windows 11 Pro",0.0,0,False,HP15i5161TBSSD11,564.79,HP,False
9SIBURPKPE5557,laptop,"Lenovo V15 G4 15.6"" Laptop, Intel Core i3-1315U, 16GB RAM, 512GB SSD, Windows 11 Home - 83A100PBUS",4.0,4,False,83A100PBUS,458.85,Lenovo,False
9SIAKKBJGM5296,laptop,"New HP 15.6"" Full HD (1920x1080) TouchScreen Laptop, 11th Gen Intel Core i7-1165G7 Processor, 16GB DDR4 RAM, 512GB SSD, Intel Iris Xe Graphics, Wifi-AC, Bluetooth,HDMI,USB, Windows 11 Pro",0.0,0,False,HP11i716512SD,699.79,HP,False
9SIAKDXK771535,laptop,"Lenovo Thinkpad C13 Yoga Gen 1 Chromebook 13.3"" Athlon 4GB 32GB Chrome OS Touch",0.0,0,False,LN.CH.B63502,89.99,Lenovo,False
9SIBPMFKM34983,laptop,"HP 15.6"" IPS FHD Touchscreen Everyday Laptop Intel core i5-1334U (Beat i7-1255U) 16GB RAM 512GB SSD Intel Iris Xe Graphics HDMI USB-C Long battery life AI Copilot Windows 11 Pro Silver | Cooling Fan",0.0,0,False,HC165122062025R1,526.0,HP,False
9SIBPMFKP55113,laptop,"Acer Aspire Go 15 Laptop 15.3"" WUXGA IPS Intel core i5-1334U (Beat Intel core 5 120U) 16G DDR5 RAM 512G PCIe Gen4 SSD Intel UHD Graphics Webcam HDMI 2.1 Wi-Fi 6 USB-C Long Battery Windows 11  Pro Gray",0.0,0,False,HC165122110225SUB,429.0,Acer America,False
9SIAKKBKPH5247,laptop,"HP 15.6"" Full HD TouchScreen Laptop|13th Gen Intel Core i7-1355U|32GB DDR4|1TB SSD|Intel Iris Xe Graphics|Wifi-6| Windows 11 Pro|Silver",0.0,0,False,HP13i7161TBSDNOSD,786.79,HP,False
9SIAA5PKFP3251,laptop,DELL Precision 7760 Intel Quad Core i7 11850H 2.50Gz 32GB RAM 1TB NVMe 17.3 FHD NVIDIA RTX A3000 Video Card WIFI Webcam Bluetooth Backlit Keyboard HDMI Type C Windows 11 Pro,0.0,0,False,Dell Precision 7760,835.0,DELL,True
9SIAAUAKKF1017,laptop,"HP ProBook 460 G11 16"" Notebook - WUXGA - 16 GB - 512 GB SSD - Pike Silver Aluminum - 1920 x 1200 - Windows 11 Pro - In-plane Switching (IPS) Technology - IEEE 802.11ax Wireless LAN Standard",0.0,0,False,A1LD7UT#ABA,745.99,HP,False
9SIAMRPKNY0508,laptop,"HP OmniBook X Flip 2-in-1 Copilot+ Laptop, AMD Ryzen AI 7-350, 24 GB LPDDR5x RAM, 2 TB PCIe SSD, 16"" 2K (1920x1200) Touchscreen, AMD Radeon 860M, Backlit Keyboard, W11 Pro, Meteor Silver",0.0,0,False,HP OmniBook X Flip,979.0,HP,False
9SIA7WPKAR3400,laptop,"Apple MacBook Air Laptop Core i5 1.6GHz 4GB RAM 128GB SSD 11"" Silver MJVM2LL/A (2015) - Good Condition",0.0,0,False,MJVM2A412816CP65,119.97,Apple,True
9SIB0GJKMH6230,laptop,"ASUS Vivobook 15 Business Laptop, 15.6"" FHD Touchscreen, Intel Core i7-1255U, 40GB RAM, 2TB SSD, Backlit KB, Fingerprint, HDMI, Win11 Home, Silver",0.0,0,False,Vivobook6447-F_CTO_N1,1059.0,ASUS,False
9SIAMRPKNY0508,laptop,"HP OmniBook X Flip 2-in-1 Copilot+ Laptop, AMD Ryzen AI 7-350, 24 GB LPDDR5x RAM, 2 TB PCIe SSD, 16"" 2K (1920x1200) Touchscreen, AMD Radeon 860M, Backlit Keyboard, W11 Pro, Meteor Silver",0.0,0,False,HP OmniBook X Flip,979.0,HP,False
34-233-633,laptop,"GIGABYTE - 16"" GeForce RTX 5070 Laptop GPU - Intel Core i7-13620H - 64GB Memory - 1 TB SSD - Windows 11 Home Gaming Laptops - 165 Hz IPS (GAMING A16 CWHI3US894SH )",4.3,6,False,A16 CWHI3US894SH,1499.99,GIGABYTE,False
9SIAKVUKN30347,laptop,"HP 17.3"" FHD Notebook AMD Ryzen 5 7430U 8GB RAM 256GB SSD Natural Silver - AMD Ryzen 5 7430U Hexa-Core - 17.3"" FHD (1920x1080) Anti-glare Display - 8GB DDR4 Memory (Upgradeable) - 256 GB SSD",0.0,0,False,B13H9UA#ABA,399.99,HP,False
9SIAA0SKP20875,laptop,"ASUS VivoBook F1504VA Laptop, 15.6"" FHD Touch Display, Intel Core i7-1355U Upto 5GHz, 16GB RAM, 1TB SSD, Backlit keys, Windows 11 Pro",0.0,0,False,1504VAi7U-161nP,699.99,ASUS,False
9SIAA0SKP45387,laptop,"ASUS VivoBook F1504VAP Laptop, 15.6"" FHD Display, Intel Core 5 120U Upto 5GHz, 24GB RAM, 512GB SSD, Windows 11 Pro",0.0,0,False,F1504512U-24512nP,619.99,ASUS,False
9SIAJZDKKC0569,laptop,"Acer Aspire Copilot + PC AI Laptop, 14"" WUXGA Touchscreen 300-Nits Display, Intel Core Ultra 7 258V(>Ultra 9 185H), Intel ARC 140V, 32GB LPDDR5X / 1TB SSD, Wi-Fi 6E, FHD Webcam, Backlit KB, Win11 Pro",0.0,0,False,004098-195133282581-32-1024-P,800.99,Acer America,False
9SIBPMFKMN0351,laptop,"HP Business Laptop 17.3"" Touchscreen HD+ 1600 X 900 Intel core 13th Gen i7-1335U Intel Iris Xe Graphics 16GB RAM 512GB SSD Backlit KB Wi-Fi 6 Bluetooth HDMI Webcam FP Reader Windows 11 Pro Silver",0.0,0,False,HC165122080625SUB,749.0,HP,False
9SIAKKBKKP2882,laptop,"HP 17.3"" HD+ Business Laptop Intel core i3-N305 8-core 3.8GHz (Beat i3-1215U) Intel UHD Graphics 16GB RAM 512GB SSD Webcam HDMI 1.4 USB-C 3.0 Bluetooth Wi-Fi 6 Windows 11 Home Silver",0.0,0,False,HB165121082725SUB,466.79,HP,False
9SIAA0SKP26872,laptop,"Lenovo V15 G4 Laptop, 15.6"" FHD Display, AMD Ryzen 3 7320U Upto 4.1GHz, 16GB RAM, 1TB SSD, Windows 11 Home",0.0,0,False,V15G4R373-161nH,459.99,Lenovo,False
9SIADUMKCH7086,laptop,"Lenovo Thinkpad T14s (Gen 1) 14"" Laptop, Intel i7 10610U 1.8Ghz, 16GB DDR4, 1TB NVMe SSD, 1080p Full HD, Windows 11 Pro (Grade B)",0.0,0,False,DPC-24982,354.99,Lenovo,True
9SIB9ADJHW8825,laptop,"Dell Latitude 5490 - GRADE A - Intel Core i5-8350U 1.7GHz Quad Core (up to 3.6GHz), 16GB DDR4, 512GB SSD, 14"" 1920x1080 FHD Display - WebCam, Backlit Keyboard, Windows 10 Pro",5.0,1,False,dell-5490-i5-16-512-8350-fhd-a,175.0,DELL,True
9SIAKKBKH42318,laptop,"HP 15.6"" Full HD LED TouchScreen Business and School Laptop,Intel 13th Core i7-1355U (Beat i5-1255U) 10-Core Processor,64GB DDR4 RAM,2TB SSD,Lifetime Office 365, Windows 11 Pro/Xtredura Flash Drive",0.0,0,False,FD0127DX56,1051.79,HP,False
9SIAE4NKHM7572,laptop,"Lenovo V15 G4 Laptop, 15.6"" FHD Display, Intel Core i5-13420H Upto 4.6GHz, 16GB RAM, 512GB SSD, Windows 11 Pro",0.0,0,False,V15G4i513H-16512nP,489.0,Lenovo,False
34-818-374,laptop,"HP 845 G8 Laptop AMD Ryzen 5 Pro 5650U 2.3GHz 16GB Memory 256GB SSD 14"" FHD Windows 11 Pro 64-bit",0.0,0,False,J5-845G8B02,224.99,HP,True
9SIA9PSKP47620,laptop,"Lenovo ThinkPad P15 Gen 2 - 15.6"" FHD Laptop Intel Core i7-11800H 2.3GHz 32GB RAM 1TB SSD NVIDIA T1200 - Windows 11 Pro",0.0,0,False,PF3YP8NG,849.0,Lenovo,True
9SIB9ADKFV6589,laptop,"Lenovo Thinkpad X1 Carbon Laptop Gen 6 - 14"" FHD Display - i7-8650U - 16GB RAM - 512GB SSD - Windows 11 Pro - GRADE A",1.0,1,False,x1-g6-i7-8650u-16-512-11-A,379.0,Lenovo,True
9SIAKKBJS43606,laptop,"Dell Inspiron 3511 Laptop, 15.6"" FHD Touch Display, Intel Core i5-1135G7 Upto 4.20GHz, 32GB RAM, 1TB NVMe SSD, HDMI, Card Reader, Wi-Fi, Bluetooth, Windows 11 Pro S",0.0,0,False,3511Ti511-321nP,611.79,DELL,False
9SIBUU5K8Z0441,laptop,ACEMAGIC Laptop 17.3 FHD Intel Alder Lake N95 up to 3.4GHz 16GB DDR4 512GB SSD with Windows 11 Pro,0.0,0,False,MX16U5125U,329.0,ACEMAGIC,False
9SIBW2AKKC2891,laptop,"N-one Windows 11 Laptop 15.6"" Computer, 16GB RAM 512G SSD, Intel 13th Gen N150 Processor(4C/4T Up to 3.6GHz) FHD Fingerprint Num Pad Backlit KB WiFi5 BT5.1 Business Student Portatil PC",0.0,0,False,NBook Lite,288.86,N-one,False
9SIAKKBJS43610,laptop,"Dell Inspiron 3511 Laptop, 15.6"" FHD Touch Display, Intel Core i5-1135G7 Upto 4.20GHz, 32GB RAM, 512GB NVMe SSD, HDMI, Card Reader, Wi-Fi, Bluetooth, Windows 11 Pro S",0.0,0,False,3511Ti511-32512nP,569.79,DELL,False
9SIAKKBKP47838,laptop,"HP 15.6"" FHD Touchscreen Laptop | Intel Core i5-1334U | 32GB DDR4 | 512GB SSD | Intel Iris Xe Graphics | Wi-Fi 6 | Windows 11 Pro",0.0,0,False,HP1513i532512SSDWZ11Q,558.79,HP,False
34-817-352,laptop,"Dell Pro 16 PC16255 16"" Copilot+ PC Notebook - AMD Ryzen 5 220 - 8 GB - 256 GB SSD - Windows 11 Pro - AMD Radeon 740M Graphics - Webcam - 11.10 Hours Battery - IEEE 802.11ax Wireless   P0CRN",0.0,0,False,P0CRN,612.99,DELL,False
9SIB9ADK7G7246,laptop,Dell Latitude 5480 i5 2.4GHz 16GB 256GB SSD 10P,0.0,0,False,14-DL-5480-20,137.0,DELL,True
9SIADFMKA69853,laptop,"Lenovo 100e Chromebook Gen 3 82UY0000US 11.6"" Chromebook - HD - 1366 x 768 - Intel Celeron N4500 Dual-core (2 Core) 1.10 GHz - 4 GB Total RAM - 4 GB On-board Memory - 32 GB Flash Memory - Gray -",0.0,0,False,82UY0000US,123.99,Lenovo,False
9SIA8TKHU53693,laptop,"Lenovo Thinkpad T14 Gen 2 Business Laptop (Intel i5-1135G7, 48GB RAM, 1TB PCIe SSD, 14.0"" FHD 1920x1080, Iris Xe Graphics, WiFi-6, Ethernet Port, Dual Boot Windows 10 Pro & Linux Mint)",0.0,0,False,202202231135GG92,1149.99,Lenovo,False
9SIA8HFKE34777,laptop,"Apple Laptop MacBook Pro with Touch Bar (2019) Intel Core i9-9880H 16GB Memory 512 GB SSD AMD Radeon Pro 560X 15.4"" Non-Touch Screen macOS 10.14 Mojave MV912LL/A",0.0,0,False,MV912LL/A,398.73,Apple,True
9SIBPMFKDF0627,laptop,"ASUS Vivobook 15.6"" Full HD Laptop Intel core i5-1235U (Beats i7-1165G7) 16GB RAM 512GB SSD Wi-Fi Bluetooth HDMI 1.4 USB-C 3.2 Webcam HD Long Battery life Windows 11 Home Blue | Valued Gift Set",0.0,0,False,HC165121012725,489.0,ASUS,False
1TS-000A-14M86,laptop,"DELL LATITUDE 5310 13.3"" FHD INTEL CORE I7-10810U 1.10 GHZ - 32GB RAM, 1TB SSD - Backlit Keyboard, Webcam, Bluetooth - Windows 10 Pro",0.0,0,False,14-DL-5310-27,319.99,DELL,True
9SIAFJ8KDU7750,laptop,"Lenovo ThinkPad E16 Gen 2 16.0"" Touch Screen AMD Ryzen 7 7735U AMD Radeon 680M 16GB Memory 512GB SSD Windows 11 Pro 21M5000KUS",0.0,0,False,21M5000KUS,959.87,Lenovo,False
9SIAR0TKGE6607,laptop,"OMEN MAX Gaming Laptop 16"" WQXGA AMD Ryzen AI 7 16 GB memory;1 TB SSD  Windows",0.0,0,False,B96S7UA#ABA,2299.99,HP,False
9SIBPMFKMZ9359,laptop,"HP Business Laptop 17.3"" IPS Full HD Intel Core i5-1335U Intel Iris Xe Graphics 16GB RAM 512GB SSD Fingerprint Reader Backlit Keyboard Long-Battery WiFi 6 Bluetooth 5.2 Webcam Windows 11 Home Silver",0.0,0,False,HC165121093025,579.0,HP,False
9SIC0E9KPJ6279,laptop,"Lenovo ThinkPad X9 14 Gen 1 14.0"" Intel Core Ultra 7 268V 32GB Memory 1TB SSD Windows 11 Pro 21QA0006US",0.0,0,False,21QA0006US,1539.0,Lenovo,False
9SIAKKBJ093301,laptop,"HP 15 Laptop, 15.6"" FHD Display, Intel Core i5-1135G7 Upto 4.2GHz, 16GB RAM, 256GB NVMe SSD, HDMI, Card Reader, Wi-Fi, Bluetooth, Windows 10 Home",0.0,0,False,15dyi511-16256nH,449.99,HP,False
9SIBPMFKJF7868,laptop,"HP ProBook 460 G11 Business 16"" WUXGA Intel Core Ultra 7 155U (Beat i7-1355U) Intel Graphics 32GB DDR5 RAM 2TB SSD Backlit KB Fingerprint Reader 1080p Webcam Wi-Fi 6E BT 5.3 Windows 11 Pro Silver",0.0,0,False,HC320022080425SUB,1149.0,HP,False
9SIA686KJR7853,laptop,"HP EliteBook X G1i 14"" AI Laptop: Intel Core Ultra 7 258V, 32GB DDR5 RAM, 1TB SSD, 14"" Full HD+ Touchscreen Display, Backlit Keyboard, Windows 11",0.0,0,False,14-EBXG1i7,1229.99,HP,False
9SIC0CCKGS4611,laptop,"ASUS Vivobook 17 Everyday Value Laptop 17.3"" IPS FHD Display (Intel i3-1215U, 16GB DDR4, 512GB PCIe SSD, Intel UHD, WiFi 6E, Webcam, Bluetooth 5.3, Win 11 Home)",0.0,0,False,ME-221397189012,549.0,ASUS,False
9SIAKVUKKG2131,laptop,"HP EliteBook 845 G8 14"" FHD AMD Ryzen 5 PRO 5650U 2.3 GHz up to 4.2 GHz 16 GB DDR4 256 GB SSD AMD Radeon Graphics Windows 11 Pro Laptop, Silver, Minor Scratches - 5R6C2UC-I001",0.0,0,False,LT-HP-5R6C2UC-I001-RB-,229.99,HP,True
9SIAKKBKJK6231,laptop,"Lenovo IdeaPad 1 Student Laptop, 15.6"" HD Display, Intel Celeron N4500 Upto 2.8GHz, 16GB RAM, 256 Storage(128GB SSD+128GB eMMC), 1 Year Office 365,Windows 11 Home",0.0,0,False,LENOVON45006,346.79,Lenovo,False
9SIADFMJRJ3197,laptop,"DELL Grade A Laptop Latitude Intel Core i5-8265U 16GB Memory 500 GB M.2 NVMe SSD Intel UHD Graphics 14.0"" Non-Touch Screen Windows 11 Pro 64-bit 5400",3.7,3,False,NE5-33666,230.0,DELL,True
9SIA9PSKNP0450,laptop,"Lenovo ThinkPad T14 Gen 5 - 14"" Touch- Intel Ultra 7 165U- 32GB- 1TB SSD - W11",0.0,0,False,21ML0058US(21813120942180),949.0,Lenovo,True
9SIA0ZXK959201,laptop,"HP EliteBook 865 G11 16"" Touchscreen Notebook - WUXGA - AMD Ryzen 7 PRO 8840U - 16 GB - 512 GB SSD - English Keyboard - AMD Chip - 1920 x 1200 - Windows 11 Pro - AMD Radeon 780M Graphics - In-pla",0.0,0,False,A6TC2UT#ABA,1867.19,HP,False
9SIAKKBKJK6229,laptop,"Lenovo IdeaPad 1 Student Laptop, 15.6"" HD Display, Intel Celeron N4500 Upto 2.8GHz, 12GB RAM, 256 Storage(128GB SSD+128GB eMMC), 1 Year Office 365,Windows 11 Home",0.0,0,False,LENOVON45005,299.79,Lenovo,False
9SIA77GK4K4704,laptop,"Lenovo ThinkPad T480 14"" i5-8250U 8GB 256GB SSD Windows 10 Pro Laptop Notebook B",0.0,0,False,726597575683,249.49,Lenovo,True
9SIBPMFKKN5025,laptop,"HP 17.3"" HD+ Business Laptop Intel core i3-N305 8-core 3.8GHz (Beat i3-1215U) Intel UHD Graphics 32GB RAM 512GB SSD Webcam HDMI 1.4 USB-C 3.0 Bluetooth Wi-Fi 6 Windows 11 Home Silver | Vertical Mouse",0.0,0,False,HC325121082725SUB,499.0,HP,False
9SIA8TKKC50266,laptop,"4G LTE 4K Lenovo ThinkPad X1 Yoga - 14"" WQUXGA (3840x2400) UHD Touchscreen,  Core i7-1185G7, 32GB RAM, 1TB SSD, Windows 11 Pro, WWAN Mobile Broadband, Pen",0.0,0,False,202411031259AAE26,1999.99,Lenovo,False
1TS-000D-1PHT4,laptop,"HP EliteBook 860 G11 16"" WUXGA Intel Core Ultra 7 165H 16GB RAM 512GB SSD Windows 11 Pro",0.0,0,False,BD5K7U8-23-ABA-NW,1154.99,HP,False
9SIAKDCKA22392,laptop,"Lenovo Thinkpad Series T480 T490 14"" FHD 1920 x 1080 Touchscreen Ultrabook - 8th Gen Intel QUAD Core i7 1.8GHz 32 GB RAM DDR4 256 GB SSD, Wi-Fi, Bluetooth, Webcam Windows 11 Pro",4.0,1,False,Lenovo.T480.i7_30,355.09,Lenovo,True
9SIAKKBKMT5847,laptop,"Dell Inspiron 3000 Home & Business Laptop Notebook ,15.6"" FHD Touch Display,AMD Ryzen 7 7730U (Beat I5-1235U),64GB RAM,2TB SSD, Wi-Fi, Lifetime Microsoft Office, Windows 11 Home/XTREDURA FLASH Drive",0.0,0,False,DELL3535roff98,869.79,DELL,False
9SIAKKBKKP2758,laptop,"HP 17 Home & Business Laptop,17.3"" FHD 1920 x 1080 , AMD Ryzen 5  7520U (Beat i5-1135G4) 8GB DDR5 RAM, 512GB SSD, Webcam, Bluetooth, Wi-Fi, MS Office License  Windows 11 Home/XTREDURA FLASH Drive",0.0,0,False,CPB2025OFF6,466.79,HP,False
9SIACVBKKR3245,laptop,"Lenovo ThinkPad X9 14 Gen 1 14.0"" Intel Core Ultra 7 258V 32GB Memory 1TB SSD Windows 11 Pro 21QA0004US",0.0,0,False,21QA0004US,1298.75,Lenovo,False
9SIBYRBKK68157,laptop,Apple MacBook Pro (2019) 13.3-inch - Intel Core i5 1.4GHz - 128GB - Space Grey - 8GB RAM - 2 Thunderbolts 3 Ports - Touchbar - Excellent (Grade A),0.0,0,False,745E1DB920FE84Z,269.99,Apple,True
9SIAANWKN55936,laptop,"HP ZBOOK FIREFLY 14 INCH G8 MOBILE WORKSTATION PC 14.0"" FHD INTEL 11TH GEN CORE I7-1185G7 3.00 GHZ - 16GB RAM, 512GB SSD - Backlit Keyboard, Fingerprint Reader, Smartcard Reader, Webcam, Bluetooth - W",0.0,0,False,14-HP-FIREG8-13,449.0,HP,True
9SIB9ADH1S5541,laptop,"Dell Latitude E5550 15.6"" Business Laptop - Grade A - 5th Gen Intel Core i5-5200U (upto 2.70 GHz), 16GB RAM, 256GB SSD, WebCam, Windows 10 Pro 64 Bit",0.0,0,False,DELL Latitude E5550,148.0,DELL,True
9SIA8X5KNT7839,laptop,"GIGABYTE - 14"" GeForce RTX 4050 Laptop GPU - Intel Core i7-13700H - 16GB Memory - 1 TB Gen4 SSD - Windows 11 Home 64-bit Gaming Laptop - 90 Hz OLED (AERO 14 OLED BMF-72USBB4SH )",4.0,1,False,AERO 14 OLED BMF-72USBB4SH,1127.99,GIGABYTE,False
9SIC0D6KMU0777,laptop,Lenovo ThinkPad P16 Gen 2 16 WQUXGA OLED Touch RTX 4000Ada i9-13950HX 64GB 1TB W11P,0.0,0,False,21FAX011US,2799.0,Lenovo,True
9SIADG3KHE8476,laptop,"Lenovo ThinkPad E14 Gen 5 Business Laptop (14"" FHD+ Anti-Glare, Intel 10-Core i7-1355U, 40GB RAM, 1TB SSD) Backlit, Fingerprint, Fast Charge, 1080p RGB Webcam, Wi-Fi 6, Win 11 Pro w/Copilot",0.0,0,False,Lenovo ThinkPad E14 Gen 5 i7 40GB 1TB,999.99,Lenovo,False
9SIA77GH885972,laptop,"Lenovo ThinkPad P50 Mobile 15.6"" Workstation - Core i7 6th gen Quad-core - 16GB DDR4, 1TB SSD - NVIDIA M1000M GPU - WiFi - Bluetooth - Windows 10 Professional 64Bit",0.0,0,False,SD_134knd69,459.83,Lenovo,True
9SIB71NKHP9284,laptop,"Dell Precision 5000 5490 14"" Mobile Workstation - Full HD Plus - Intel Core Ultra 7 155H - vPro Technology - 16 GB - 512 GB SSD - Aluminum Titan Gray - 7T7WH",0.0,0,False,7T7WH,1207.74,DELL,False
9SIACNFKFP3409,laptop,"Acer Chromebook 311 C721-61PJ 11.6"" Chromebook HD A69220C 4GB 32GB eMMC ChromeOS",0.0,0,False,NXHBNAA005,54.99,Acer America,False
9SIADGYKJX3755,laptop,"Dell Latitude 5420 14"" 16GB 512GB SSD Core i7-1185G7 3.0GHz WIN11P, Silver",0.0,0,False,LATITUDE 5420-I7-512GB-RF-RB,461.99,DELL,True
9SIAKVUKK63025,laptop,"HP 15-dy2713st 15.6"" FHD Intel Core i3-1125G4 2.0 GHz up to 3.7 GHz 8GB DDR4 256GB SSD Intel UHD Graphics Windows 11 Home Laptop, Silver - Minor Scratches and Dents",0.0,0,False,7H384UA-RB,204.99,HP,True
9SIAE4NKEK0437,laptop,"Lenovo ThinkPad E14 Notebook,14"" Full HD+ 1920x1200,Intel Core i7-1355U Processor,16GB DDR4,512GB SSD,Intel Iris Xe Graphics,Wifi-AX,Windows 11 Pro",0.0,0,False,LENE14I716512SDR,789.99,Lenovo,False
9SIB295KG56092,laptop,"Newest HP 17 Notebook Laptop, 17.3"" HD+ LED Display, 11th Gen Intel Core i3-1125G4(Up to 4.1GHz, Beat i5-1030G7), 32GB DDR4 RAM, 1TB PCIe SSD, Wi-Fi, Bluetooth, HD Webcam, Windows 11 Home, Cefesfy",0.0,0,False,HP-i7-32-1T,543.0,HP,False
9SIA24GKGS3834,laptop,"Lenovo ThinkBook 14 Gen 8 14.0"" Touch Screen Intel Core 5 210H 16GB Memory 512 GB SSD Windows 11 Pro 21SG000JUS",0.0,0,False,21SG000JUS,864.34,Lenovo,False
9SIB9ADKDF1281,laptop,"HP Elitebook 840r G4 14"" Touchscreen Laptop - 1920x1080 FHD - Intel Core i5-8250U - 16GB DDR4 RAM, 128GB SSD, Windows 10 Pro - Grade B",2.0,1,False,840r-i5-fhd-16-128,139.0,HP,True
9SIBUAGKN45870,laptop,"Lenovo ThinkPad X1 Carbon 7th Gen 14"" Touchscreen Ultrabook - 1920x1080 - Core i5 i5-8365U - 16 GB RAM - 256 GB SSD - Windows 10 Pro 64-bit - Intel UHD Graphics",0.0,0,False,X1C7G-i5-16GB-256GB-W10-NT,324.99,Lenovo,False
9SIADFMKGF3857,laptop,"Dell Latitude 7400 14"" 16GB 512GB SSD Core i5-8365U 1.6GHz WIN11P, Black",0.0,0,False,LATITUDE7400-CR,218.99,DELL,True
9SIBYRBKK74985,laptop,Apple MacBook Pro 16-inch (2023) - M3 - Apple M3 Max chip: 14core CPU/30Core GPU - 1TB - Silver - 36GB RAM - Excellent (Grade A),0.0,0,False,EEB5282CCB4A0BZ,2069.0,Apple,True
9SIB9ADHS71463,laptop,"Dell Latitude 5480 Notebook PC - 14"" FHD Display - Intel Core i5-7440HQ 2.8GHz Quad Core CPU - 256GB SSD - 8GB RAM - Wi-Fi/Bluetooth - Windows 10 Pro - AC Adapter Included",0.0,0,False,DELL-5480-8-256-i57440hq,159.0,DELL,True
9SIB9ADKK34933,laptop,"HP EliteBook 840 G8 Laptop Intel Core i5-1145G7 2.6GHz 16GB Memory 256GB SSD 14"" FHD Windows 11 Pro 64-bit Touch",0.0,0,False,J5-840G8B02,289.0,HP,True
9SIAKKBKEB6005,laptop,"Lenovo IdeaPad 1 Laptop - 15.6 FHD Touch - Intel Core i5-1235U - 12GB RAM,512GB PCIe SSD- Win 11 Pro -Abyss Blue",0.0,0,False,B2C_Lenovo_i5_3-6-25_12_512P,469.79,Lenovo,False
9SIADT2KK57869,laptop,"Dell Latitude 7330 13.3"" FHD Touchscreen Business Laptop, 12th Gen Intel Core i7-1265U vPro, 16GB RAM, 1TB NVMe SSD, IR Webcam, Backlit, Thunderbolt 4, Win 11 Pro Grade B",0.0,0,False,782248430701,439.99,DELL,True
9SIA8HFKC78614,laptop,"Apple MacBook Air MD711LL/A Grade C Intel Core i5-4250U X2 1.3GHz 4GB 128GB SSD,Silver(Scratch and Dent)",0.0,0,False,A1465 MD711LL/A C,98.73,Apple,True
9SIB9ADHDP6052,laptop,"Dell Latitude E6540 Core i7-4600M 2.90GHz 16GB RAM 500GB SSD 16"" Laptop Grade B",0.0,0,False,DE6540I716G500GB,169.0,DELL,True
34-818-037,laptop,"HP ZBook Studio G7 Laptop Intel Core i9-10885H 32GB Memory 1TB SSD NVIDIA Quadro T2000 4GB 15.6""   Windows 11Pro 64bit",0.0,0,False,J5-ZSG7A07,989.99,HP,True
9SIA24GKKU4914,laptop,"HP ZBook X G1i 16"" Mobile Workstation - Intel Core Ultra 7 255HX - 32 GB - 512 GB SSD - Windows 11 Pro - Intel RTX Pro 500 Blackwell Generation with 6 GB - Webcam - IEEE 802.11be Wireless C3BE3UT#ABA",0.0,0,False,C3BE3UT#ABA,1987.69,HP,False
9SIA8HFK4D5881,laptop,"Apple A Grade Macbook Pro 16-inch (Retina XDR, 32-GPU, Space Gray, 1yr Warranty) 3.2Ghz 10-Core M1 Max (2021) MK1A3LL/A 1TB Flash 64GB Memory 3456x2234 Display Mac OS Power Adapter",0.0,0,False,MK1A3LL/A-15,1398.73,Apple,True
9SIBFRRK6K6583,laptop,"MSI GF63 Thin 15 Gaming Laptop, 15.6"" FHD Display, 11th Generation Intel Hexa-Core i5-11400H 6 core Processor, GeForce GTX 1650 4GB, 32GB DDR4  1TB PCIe SSD, Backlit Keyboard, Windows 11 Pro",0.0,0,False,15110811400H1650-pu-008,1069.0,MSI,False
9SIAKKBKCR9145,laptop,"HP 17.3"" Full HD IPS Notebook,AMD Ryzen 5 7430U Processor,32GB DDR4,2TB SSD,AMD Radeon Graphics,Wifi-6,Windows 11 Pro",0.0,0,False,HP1711RYZ57430322TBSSD,728.79,HP,False
9SIBBPDKE51809,laptop,"DELL Latitude E5520 Laptop Intel Core i5 2520M 2.50GHz  8GB RAM 120GB SSD DVDRW WIFI Bluetooth Ethernet 15.6"" HD Screen Numeric Keyboard HDMI Working Battery Dell AC Adapter Windows 7 Pro 64 Bit",0.0,0,False,Latitude E5520 3,129.0,DELL,True
9SIBYRBKJT8648,laptop,Apple MacBook Pro (2017) 13.3-inch - Intel Core i5 2.3GHz - 256GB - Silver - 8GB RAM - 2 Thunderbolts 3 Ports - Non-Touchbar - Good (Grade B),0.0,0,False,AE021FFE4F90C7Z,252.83,Apple,True
9SIB9ADHDP6185,laptop,Dell Latitude E6540 Laptop i7-4600M 2.9GHz 8GB 256GB SSD,2.5,2,False,LatE6540-i7-256SSD,169.0,DELL,True
34-818-300,laptop,"HP Notebooks EliteBook Intel Core i5-8365U 16GB Memory 256 GB SSD Intel UHD Graphics 14.0"" Touch Screen Windows 11 Pro 64-bit 840 G6",0.0,0,False,A58YWU8Q#ABA,289.99,HP,True
9SIA8HFK7H7619,laptop,"Lenovo ThinkPad 14.0"" Touch Screen Intel Core i5-1335U 16GB Memory 512GB Storage Windows 11 Pro 21JK0052US",0.0,0,False,21JK0052US,718.73,Lenovo,False
9SIAKYJJR59403,laptop,"Dell Precision 7520 Mobile Workstation 15.6"" FHD 1920 x 1080 Intel i7 Quad Core 2.70GHz 64GB RAM 256GB SSD nVidia Quadro M2200 4GB Camera Backlit Keyboard Bluetooth WiFi Windows 10 Professional 64-bit",0.0,0,False,7520_64_256,344.99,DELL,True
9SIAKKBKMA0830,laptop,"HP 15.6 HD Touchscreen Business&Home  Laptop - with Microsoft Office Lifetime License,13th Generation Intel core i3-1315U 6-Core Processor 8GB RAM, 256 GB PCIe SSD Windows 11 Pro/Xtredura Flash Drive",0.0,0,False,FD0123DXOFF16,399.79,HP,False
9SIA77GKMC3215,laptop,"Dell Precision 5530 15.6"" Ultrasharp FHD IGZO4 Mobile Workstation - 8th Gen Hexa-Core i7-8850H (upto 4.30GHz) 16GB DDR4 RAM 512GB M.2 SSD Nvidia Quadro P1000 4GB VRAM Windows 11 Pro",0.0,0,False,Precision 5530 Core i7 16GB 512GB P1000,403.99,DELL,True
9SIB9ADJB42157,laptop,"HP EliteBook 850 G5 G6 15.6"" FHD 1920 x 1080 Notebook  8th Gen Intel QUAD Core i5 512 GB SSD 16GB DDR4 RAM WiFi BT Webcam Windows 11 Pro",5.0,1,False,ElitebBook.850(G5)i5_8,375.0,HP,True
9SIAKDCKBF4123,laptop,"Dell Precision 5520 15.6"" Touch 16GB 512GB SSD Core i7-7820HQ 2.9GHz Win10H, Silver",0.0,0,False,Prec5520-i7-16-512-CR,328.36,DELL,True
9SIAE4NKMX9212,laptop,"Lenovo IdeaPad Slim 5|16"" TouchScreen Display| Intel Core 7 240H| 32GB DDR5| 2TB SSD| Windows 11 Pro| Backlit Keyboard| Lightweight Grey Notebook",0.0,0,False,LENIDP5C7322TBSD11PRO,989.99,Lenovo,False
9SIAAJ2KCW9968,laptop,"Dell Precision 7560 15.6"" Touch Screen Laptop Core i7 32GB 1TB SSD M.2 Integrated Graphics Win 11 Pro 1 Yr Wty B v.WCA",0.0,0,False,D7560BTWCi7OABHO1,654.99,DELL,True
9SIA9PSKCG8288,laptop,"HP 650 G5 Laptop Intel Core i5-8265U 16GB Memory 256GB SSD Intel UHD Graphics 620 15.6"" Windows 11Pro 64bit",0.0,0,False,J5-650G5A01,299.0,HP,True
9SIAKDCKBG6965,laptop,"Dell Latitude 7480 14"" Full HD 1920 x 1080 Ultrabook- 6th Gen Intel Core i5-6300U 2.4GHz – 16 GB RAM DDR4 512 GB SSD, HDMI, DisplayPort via USB-C, Wi-Fi, Bluetooth, Windows 10 Pro",0.0,0,False,PRC.Dell7480_8,180.56,DELL,True
9SIA4R8K9W9643,laptop,"DELL Latitude 5400 Laptop Intel Core i5-8365U (1.60GHz) 16GB Memory 512 GB NVMe SSD Intel UHD Graphics 620 14.0"" FHD Windows 11 Pro 64-bit",4.5,11,False,NE5-33294,278.99,DELL,True
9SIAKKBKG90125,laptop,"Dell Inspiron 3000 Home & Business Laptop Notebook ,15.6"" FHD Touch Display,13th Gen Intel i5-1334U(Beat I7-1250U),32GB RAM,512GB SSD, Bluetooth, Wi-Fi, Windows 11 Home/Microsoft Office License",0.0,0,False,DELL3530I5194,579.79,DELL,False
9SIA6ABF802649,laptop,"HP Elitebook 8460p 14"" LED Laptop Intel 2nd Gen Intel QUAD Core i7 Mobile CPU 8 GB DDR3 RAM 256 GB SSD DVD-R FireWire DisplayPort WiFi Bluetooth Webcam Windows 10 Pro",0.0,0,False,HP.8460p.i7QM_7,219.99,HP,True
9SIBVVAKMU8677,laptop,"Apple 2019 MacBook Pro 16"" Intel Core i9-9880H 2.3GHz 32GB RAM 512GB SSD Radeon Pro 5500M, Silver",0.0,0,False,Z0Y1002KC-R1-RB,474.99,Apple,True
9SIB295KGH5016,laptop,"HP 15.6 HD Touch Laptop - Intel Core i3-1215U - Intel UHD Graphics - 16GB RAM,1 TB SSD - Win 11 Home - Silver",0.0,0,False,B2C_HP15.6_i3-touch_4-8-25_16_1TH_3,456.0,HP,False
9SIAKVUKK62801,laptop,"HP Envy x360 16-ad0023dx 16"" WUXGA IPS AMD Touch  Ryzen 7 8840HS 3.3 GHz 16GB RAM 1TB SSD AMD Radeon 780M Windows 11 Home Laptop, Meteor Silver - Minor Scratches and Dents",0.0,0,False,9S1M4UA-RB,589.99,HP,True
9SIA6ABF802649,laptop,"HP Elitebook 8460p 14"" LED Laptop Intel 2nd Gen Intel QUAD Core i7 Mobile CPU 8 GB DDR3 RAM 256 GB SSD DVD-R FireWire DisplayPort WiFi Bluetooth Webcam Windows 10 Pro",0.0,0,False,HP.8460p.i7QM_7,219.99,HP,True
9SIB9B8KKJ0818,laptop,"Dell Latitude 5410 14"" 16GB 256GB SSD Core i5-10210U 1.6GHz WIN11P, Silver",0.0,0,False,5410-256GB-10210U-SND-SD,159.99,DELL,False
9SIB9ADJT13078,laptop,Dell Latitude 5591 Intel Core i5-8400H 2.50GHz 8GB RAM 1TB SSD  Windows 11 Pro,0.0,0,False,D5591840081000a,237.0,DELL,True
9SIA6AB99Y8006,laptop,"Lenovo ThinkPad T540P 15.6"" LED Notebook Laptop Intel Core 4th Gen i5-4200M  16 GB DDR3 RAM 256 GB SSD DVD-RW Webcam WiFi Bluetooth Windows 10 Professional 64-bit",0.0,0,False,PRC-T540p_6,157.0,Lenovo,True
9SIAZ2GKK34878,laptop,"Dell Precision 3571 - 15.6"" FHD Laptop Intel Core i7-12700H 1.80GHz 16GB RAM 1TB SSD NVIDIA T600
 - Windows 11 Pro",0.0,0,False,BCFZBS3,449.99,DELL,True
9SIAKDCKA22141,laptop,"HP EliteBook 840 G5 14"" FHD 1920 x 1080 Notebook – 8th Gen Intel QUAD Core i5-8350U 512 GB SSD 32GB DDR4 RAM Webcam Windows 11 Pro",0.0,0,False,ElitebBook.840(G5)i5_9,309.53,HP,True
34-820-130,laptop,"Microsoft Surface Laptop (2025) 13"" Touchscreen Copilot+ PC Notebook - Qualcomm Snapdragon X Plus X1P-42-100 (3.20 GHz) - 16 GB - 256 GB SSD - Windows 11 Pro - Wireless LAN Standard  EP2-33442",0.0,0,False,EP2-33442,979.0,Microsoft,False
9SIAA0SKEB8542,laptop,"Lenovo ThinkBook 16 G6 Laptop, 16"" FHD+ Display, Intel Core i5-13420H Upto 4.6GHz, 32GB RAM, 2TB SSD, Windows 11 Pro",0.0,0,False,G6i513H-322nP,939.99,Lenovo,False
9SIA8TKJSH9930,laptop,"New Lenovo ThinkPad E14 Gen 2 14"" Full HD IPS Intel core i5-1135G7 Intel Iris Xe Graphics 32GB RAM 512GB SSD FP Backlit KB Windows 11 Pro",0.0,0,False,B2C_20TA004JUS_32_512_Pro,999.99,Lenovo,False
34-820-148,laptop,"Microsoft Surface Laptop 7 13.8"" Touchscreen Copilot+ PC Notebook - Intel Core Ultra 7 268V (2.20 GHz) - 32 GB - 256 GB SSD - Windows 11 - Intel Arc Graphics - Webcam - IEEE 802.11be   EP2-33245",0.0,0,False,EP2-33245,1899.99,Microsoft,False
9SIAKKBK9J9293,laptop,"Dell Inspiron 3520 15.6"" Full HD Laptop, 12th Gen Intel Core i5-1235U Processor,32GB DDR4, 512GB SSD,Intel Iris Xe Graphics, Wifi,Bluetooth,HDMI,Windows 11 Pro",0.0,0,False,DELL352012i532512SD,599.79,DELL,False
9SIA8TKK9Z2676,laptop,"Lenovo ThinkPad E15 15.6"" FHD Laptop i5-10210U 8GB 256GB SSD Windows 10 Pro",4.4,8,False,20RD005HUS,1099.99,Lenovo,False
9SIAMRPK6P7361,laptop,"Dell Inspiron 3511 15.6"" Full HD LED Notebook,11th Gen Intel Core i5-1135G7 Quad Core Processor,32GB DDR4 RAM,2TB SSD Plus 1TB HDD,Intel UHD Graphics, Wifi-AC,Bluetooth,Windows 11 Pro",0.0,0,False,DELL3511i5322TBSDTDDD,838.35,DELL,False
9SIAA0SKKC6398,laptop,"Lenovo V15 G4 Laptop, 15.6"" FHD Display, AMD Ryzen 5 7520U Upto 4.3GHz, 16GB RAM, 1TB SSD, Windows 11 Pro",0.0,0,False,V15G4R575-161nP,559.99,Lenovo,False
9SIACBWKFP0508,laptop,"HP Pavilion 16-af 16"" FHD Laptop Intel Core Ultra 7 155U 16GB RAM 512GB SSD W11H",0.0,0,False,A09CBUAR,549.99,HP,True
9SIA0ZXKN40668,laptop,"Lenovo ThinkPad T16 Gen 4 21QE005NUS 16"" Touchscreen Notebook - WUXGA - Intel Core Ultra 7 255U - 32 GB - 512 GB SSD - English Keyboard - Black - Intel Chip - 1920 x 1200 - Windows 11 Pro - Intel",0.0,0,False,21QE005NUS,1762.62,Lenovo,False
9SIB0GJKJJ2632,laptop,"Lenovo IdeaPad Slim 3 Laptop, 15.6"" FHD Display, AMD Ryzen 5 5625U, 16GB RAM, 2TB SSD, Backlit KB, SD Card Reader, Webcam, HDMI, Wi-Fi 6, Windows 11 Home, Grey",0.0,0,False,SLIM4750-C_CTO_N1,509.0,Lenovo,False
9SIAA0SKFB2282,laptop,"HP 255 G10 Laptop, 15.6"" FHD Display, AMD Ryzen 5 7530U Upto 4.5GHz, 16GB RAM, 512GB SSD, Windows 11 Pro",0.0,0,False,255G10R575-16512nP,599.99,HP,False
9SIAKKBKFG1355,laptop,"Lenovo IdeaPad 1i Business&Home Laptop, 15.6"" FHD Touch Display, Intel Core i3-1215U Upto 4.1GHz, 8GB RAM, 256GB NVMe SSD, HDMI, Card Reader, Wi-Fi, Bluetooth, Windows 11 Home/Microsoft Office License",0.0,0,False,LENOVO1II3OFF001,433.79,Lenovo,False
9SIBPMFKG96116,laptop,"HP 15.6"" IPS FHD Touchscreen Business and School Laptop Intel core i5-1334U (Beat i7-1255U) 16GB RAM 1TB SSD Intel Iris Xe Graphics HDMI USB-C Long battery life AI Copilot Windows 11 Pro Silver",0.0,0,False,HC160012062025SUB,589.0,HP,False
34-820-151,laptop,"Microsoft Surface Laptop 7 15"" Touchscreen Copilot+ PC Notebook - Intel Core Ultra 5 236V (2.10 GHz) - 16 GB - 512 GB SSD - Windows 11 - Intel Arc Graphics - Webcam - IEEE 802.11be  EP2-33237",0.0,0,False,EP2-33237,1734.99,Microsoft,False
9SIA8X5JRH0971,laptop,"MSI Laptop Intel Core i7-11800H 16GB Memory 512 GB NVMe SSD GeForce RTX 3060 Laptop GPU 17.3"" 4K / UHD Non-Touch Screen Windows 10 Home 64-bit Creator 17 B11UE-471",5.0,2,False,Creator 17 B11UE-471,1595.99,MSI,False
9SIAKYJKDX7286,laptop,"Dell Precision 7760 Mobile 17.3"" Workstation, i7 11850H 2.5Ghz, 64GB DDR4, 256GB NVMe SSD, Full HD 1080p, NVIDIA RTX A3000 6GB, Thunderbolt 4, Windows 11 Pro (Grade B)",0.0,0,False,DPC-24474,899.89,DELL,True
9SIAKDCE4X6194,laptop,"DELL Grade A Laptop Latitude Intel Core i5-6300U 16GB Memory 480 GB SSD Intel HD Graphics 520 12.5"" Non-Touch Screen Windows 10 Pro 64-bit E7270",5.0,2,False,NE5-32536,174.06,DELL,True
9SIAKKBKC51306,laptop,"HP 14 Inch HD Student&Business Laptop,Intel Celeron N4120,4GB,128GB SSD, Intel UHD Graphics,Wifi,Bluetooth,Windows 11 Home,Silver/XTREDURA FLASH DRIVE",0.0,0,False,DQ0760DX1,219.79,HP,False
9SIA5WMK847962,laptop,"Dell Precision 7510 15.6"" FHD i7-6820HQ 2.7GHz Quad Core 64GB 1TB SSD AMD RADEON R9 375 2GB Graphics Card Webcam 15.6"" FHD Screen 1920x1080 - Win 11 Pro - Gaming Workstation!",0.0,0,False,7510amd641tw11,408.61,DELL,True
9SIAJZDKJC3437,laptop,"Dell Inspiron 14 Business Copilot+PC Laptop, 14"" 16:10 FHD+ (1920x1200) 300nits Display, Intel Core i5-1334U(Up to 4.6 GHz), 16GB DDR5 RAM / 512GB SSD, Intel UHD Graphics, Backlit Keyboard, Win11 Home",0.0,0,False,004073-884116429463-16-512-H,494.99,DELL,False
34-817-337,laptop,"Dell Latitude 5420 Laptop Intel Core i5-1145G7 2.6GHz 32GB Memory 512GB SSD Intel Iris Xe Graphics 14"" FHD Windows 11 Pro 64-bit",0.0,0,False,J5-5420A18,490.47,DELL,True
9SIB295KKW5035,laptop,"Lenovo LOQ 17.3"" FHD Gaming Laptop,Intel Core i5-13450HX Processor,NVIDIA GeForce RTX 5050 GPU,16 GB RAM,1 TB PCIe SSD,Win 11 Pro",0.0,0,False,B2C_Lenovo-LOQi5-5050_9_30-25_16_1TP,999.99,Lenovo,False
9SIADUMK3U2771,laptop,"HP EliteBook 840 G8 14"" Laptop, Intel i7 1165G7 2.8GHz, 32GB DDR4 RAM, 1TB NVMe M.2 SSD, 1080p Full HD, Thunderbolt 4, Webcam, Windows 11 Pro (Grade B)",0.0,0,False,DPC-22801,539.99,HP,True
9SIB295KG02696,laptop,"HP 17 Home & Business Laptop,17.3"" FHD 1920 x 1080 , AMD Ryzen 5  7430U (Beat i7-1255U) 32GB RAM, 512GB SSD, Webcam, Bluetooth, Wi-Fi, Windows 11 Pro/XTREDURA FLASH Drive",0.0,0,False,3005DX30,598.0,HP,False
9SIA57XKKD4704,laptop,"ASUS VivoBook  16.0"" Copilot+ PC Laptop  AMD Ryzen AI 7 350  16GB Memory 1 TB PCIe SSD AMD Radeon Graphics Windows 11 Home M1607KA-DS76",0.0,0,False,M1607KA-DS76,899.0,ASUS,False
9SIB9ADKC98155,laptop,"DELL Grade B Laptop Latitude Intel Core i5-7200U 16GB Memory 256 GB SSD Intel HD Graphics 620 15.6"" Non-Touch Screen Windows 10 Pro 64-bit 5580",4.0,1,False,NE5-33444,149.0,DELL,True
9SIAAJ2KH13873,laptop,"Lenovo ThinkPad P1 G4 16"" Laptop Core i7 32GB 512GB SSD M.2 Dedicated Graphics Win 11 Pro 1 Yr Wty B v.WCB",0.0,0,False,LP1G4BWCi7OBBHK1,739.99,Lenovo,True
9SIB295KJ22132,laptop,"HP 255 G10 Business Laptop,15.6"" FHD (1920 x 1080) Display,AMD Ryzen 7 7730U,AMD Radeon Graphics,64GB RAM,1TB PCIe SSD,Windows 11 Pro,Black",0.0,0,False,B2C_HP-R7-7730_7-4-25_64_1TP_3,899.0,HP,False
9SIBPMFKEH0501,laptop,"Dell Inspiron 15.6"" Full HD Touchscreen Business Laptop AMD Ryzen 7 7730U (Beat i7-1355U) AMD Radeon graphics 64GB RAM 2TB SSD Realtek Wi-Fi 5 Bluetooth 5 HDMI 1.4 USB-C 3.2 Windows 11 Home Black",0.0,0,False,HC640021032425SUB,892.0,DELL,False
9SIA8TKE2P9760,laptop,"Linux Mint Acer Swift 3 Laptop, 14"" Full HD IPS, AMD Ryzen 7 4700U Octa-Core, Radeon Graphics, 8GB RAM, 1TB NVMe-PCIe SSD, Wi-Fi 6, Backlit Keyboard, Thin & Light",0.0,0,False,193199388827,999.99,Acer America,False
9SIAEYJKJ76757,laptop,ASUS Vivobook Go 15.6 FHD Slim Laptop |AMD Ryzen 3 7320U(Beat i3-1315U)| AMD Radeon Graphics |Webcam |WIFI|Black| 8GB RAM DDR5 | 512GB SSD |Windows 11 S |Bundle with HDMI Cable,0.0,0,False,TEMP-BC2-8-512-0+Z95,389.99,ASUS,False
9SIBPMFK8E0849,laptop,"Newest 13th Generation Business Dell Inspiron 15 3530 Laptop, 15.6"" FHD Touchscreen, Intel Core i7-1355U, 64GB RAM, 1TB SSD, Webcam, HDMI, Wi-Fi 6, Windows 11 Pro, Black",0.0,0,False,884116514824,989.0,DELL,False
9SIBPMFKKY3558,laptop,"ASUS Vivobook 15.6"" FHD Touchscreen Business Laptop Intel core i7-1355U Intel Iris Xe Graphics 40GB RAM 1TB SSD Backlit Keyboard Wi-Fi 6E Bluetooth 5.3 HDMI USB-C Webcam Windows 11 Pro Silver",0.0,0,False,HC640012090424SUB,789.0,ASUS,False
9SIA8Z0KAX1695,laptop,Dell Precision 3541 Business Laptop - Intel Core i7-9850H 2.6GHz 6 Core Processor - 16GB DDR4 2666MHz - 512GB NVMe Solid State Drive - 15.6 FHD Non-Touch Screen - Nvidia Quadro P620 - Windows 11 Pro,0.0,0,False,MKT-PRECISION-3541,449.0,DELL,True
34-820-150,laptop,"Microsoft Surface Laptop 7 13.8"" Touchscreen Copilot+ PC Notebook - Intel Core Ultra 5 238V (2.10 GHz) - 32 GB - 256 GB SSD - Windows 11 - Intel Arc Graphics - Webcam - IEEE 802.11be   EP2-33244",0.0,0,False,EP2-33244,1734.99,Microsoft,False
9SIAKKBKG89980,laptop,"Dell Inspiron 3000 Home & Business Laptop Notebook ,15.6"" FHD Touch Display,13th Gen Intel i5-1334U(Beat I7-1250U),32GB RAM,512GB SSD, Webcam, Bluetooth, Wi-Fi, Windows 11 Pro/XTREDURA FLASH Drive",0.0,0,False,DELL3530I5168,579.79,DELL,False
9SIAKKBKAR9547,laptop,"HP 15 Laptop, 15.6"" HD Touch Display, Intel Core i3-1215U Upto 4.4GHz, 32GB RAM, 1TB SSD, Windows 11 Pro",0.0,0,False,15dyTi312-321nP,496.74,HP,False
9SIAGA5KKY4065,laptop,"HP Spectre x360 Business 2-in-1 Laptop 16.0"" Touchscreen IPS WQXGA Display (Intel Ultra 7-155H, 16GB LPDDR5X, 1TB SSD, Backlit KB, Fingerprint, 2 Thunderbolt 4, WiFi 6E, Webcam, Win 11 Home) (Renewed)",0.0,0,False,ME-221226,899.0,HP,True
9SIA24GKBJ3278,laptop,"Microsoft Surface Laptop Copilot+ PC (7th Edition) 13.8"" Touchscreen Laptop Qualcomm Snapdragon X Elite X1E-78-100 16GB RAM 512 GB SSD Windows 11 Home ZGP-00037",0.0,0,False,ZGP-00037,999.99,Microsoft,False
9SIAE4NKHM7560,laptop,"Lenovo V15 G4 IRU 15.6"" Full HD Business Laptop Intel Core i5-13420H (Beat i7-1355U) 16GB RAM 512GB SSD HDMI RJ45 Webcam Wi-Fi Bluetooth USB-C 3.2 Numeric Keypad Windows 11 Pro Black",0.0,0,False,HC165122030425SUB,486.0,Lenovo,False
9SIBPMFKBG4737,laptop,"Dell Inspiron 16"" FHD+ Touchscreen Business Intel core 7 150U (Beats i7-1355U) 64GB DDR5 RAM 2TB SSD Intel Graphics Wi-Fi 6E Bluetooth 5.3 HDMI USB-C 3.2 Backlit Fingerprint Windows 11 Pro Ice Blue",0.0,0,False,HC640022093024SUB,1096.0,DELL,False
9SIAGA5KDE5543,laptop,"HP 255 G10 Business Laptop, 15.6"" FHD (1920 x 1080) Non-Touch, AMD Ryzen 7 7730U, 32 GB RAM, 1 TB SSD, Windows 11 Pro",0.0,0,False,N-HP255G10-201,719.0,HP,False
9SIBPMFJYB2463,laptop,"13th Gen Intel Core i7-1355U 10-Core Processor,16GB DDR4 RAM,1TB SSD,Dell Inspiron 3530 15.6"" Full HD LED TouchScreen Laptop, Intel Iris Xe Graphics,Wifi-AX,Bluetooth,Windows 11 Pro",0.0,0,False,DELL3530Ti7161TBSD11Z,769.0,DELL,False
9SIA77G6UR8562,laptop,"Lenovo ThinkPad T470s - Intel® Core™ i7-7600U 3.90 GHz - 20GB DDR4 RAM - 256GB SSD - 14.0"" FHD (1920x1080) MultiTouch Anti-glare LED Backlight - Windows 10 Pro - 6-Cell Battery - 1 Yr Lenovo Warranty",0.0,0,False,20HGX06100,521.55,Lenovo,True
9SIADG3KH62299,laptop,"HP EliteBook 840 G10 Business Laptop (14"" FHD+ Touchscreen, Intel 10-Core i5-1335U (Beat i7-1255U), 64GB DDR5 RAM, 2TB SSD) Backlit KB, Fingerprint, 5MP IR Webcam, Wolf Security, Win 11 Pro w/ Copilot",0.0,0,False,HP EliteBook 840 G10 i5 64GB 2TB,1399.99,HP,False
9SIA77GKM40624,laptop,"DELL Latitude 7410 Laptop Intel Core i7-10610U 16GB RAM 512 GB SSD Intel UHD Graphics 14.0"" FHD Windows 11 Pro",3.0,1,False,LT-DE7410/i7-G10-16-512-11P,286.89,DELL,True
9SIADUMK923748,laptop,"Lenovo X1 Carbon Gen 8 Touchscreen, Intel i7 10610U 1.8Ghz, 16GB RAM, 1TB NVMe SSD, 1080p FHD, Windows 11 Pro (Grade BLCD)",0.0,0,False,DPC-23878,464.99,Lenovo,True
9SIAA0SKK91609,laptop,"Acer Aspire 3 Laptop, 15.6"" FHD Display, Intel Core i5-1334U Upto 4.3GHz, 32GB RAM, 512GB SSD, Windows 11 Pro",0.0,0,False,Asp3i513U-32512nP,589.99,Acer America,False
9SIA7ABKKJ7414,laptop,"ASUS Vivobook  Laptop 17.3"" IPS FHD Display (Intel i9-13900H, 40GB DDR4, 2TB PCIe SSD, Intel Iris Xe, Backlit KB, Fingerprint, WiFi 6E, Webcam, Bluetooth 5.3, Win 11 Pro)",0.0,0,False,ME-244113227041,1596.24,ASUS,False
9SIA0ZXKAG6895,laptop,"Lenovo ThinkPad E14 Gen 6 14.0"" AMD Ryzen 5 7535U AMD Radeon 660M 8GB Memory 256 GB SSD Windows 11 Pro 21M3000RUS",0.0,0,False,21M3000RUS,707.06,Lenovo,False
9SIA8HFK3G9062,laptop,"Apple MacBook Air MJVM2LL/A 11.6"" 4GB 128GB Intel Core i5-5250U X2 1.6GHz, Silver (Scratch and Dent)",0.0,0,False,MJVM2LL/A-2D-SD,98.73,Apple,True
9SIADG3KHG0579,laptop,"Lenovo IdeaPad 1 (15.6"" FHD Anti-Glare, Intel Core i5-1235U (> i7-1165G7), 40GB RAM, 1TB SSD), Laptop for Home, Student, Business, Webcam w/ Shutter, 10-Hour Long Battery Life, Win 11 Home in S Mode",0.0,0,False,Lenovo IdeaPad 1 i5 40GB 1TB,599.99,Lenovo,False
9SIA4R8JZX8362,laptop,Dell Latitude 5414 Rugged Laptop with Intel Core i5-6300u CPU - 16GB RAM - 256GB SSD - Windows 10 Pro - Grade B,0.0,0,False,5414-i5-16gb-256-B,298.99,DELL,True
9SIA8X5JXH8076,laptop,"ASUS VivoBook 16 Laptop, 16"" WUXGA (1920 x 1200) 16:10 Display, AMD Ryzen 7 7730U CPU, AMD Radeon Graphics, 16GB RAM, 1TB SSD, Fingerprint Sensor, Windows 11 Home, Indie Black, M1605YA-ES74",5.0,4,False,M1605YA-ES74,678.0,ASUS,False
9SIAKVUKKJ2569,laptop,"HP EliteBook x360 1040 G8 14"" FHD Touchscreen Intel Core i7-1185G7 1.20 GHz up to 4.8 GHz 16 GB 512 GB SSD Intel Iris Xe Graphics Windows 11 Pro Laptop, Silver, Minor Scratches and Dents - 406G7UC",0.0,0,False,406G7UC-RB-,409.99,HP,True
34-817-359,laptop,"Dell Pro 16 Plus PB16250 16"" Copilot+ PC Notebook - Intel Core Ultra 7 265U -  - 32 GB - 512 GB SSD - Windows 11 Pro - Intel Arc Graphics - Webcam - 12.60 Hours Battery - IEEE 802.11ax Wireless LAN St",0.0,0,False,8N04V,1599.99,DELL,False
9SIC0D6KME8475,laptop,"Lenovo Yoga Slim 7i Aura Edition 15.3"" 2.8K Touch Ultra 7 256V 16GB 1TB win11P",0.0,0,False,83HMX001US,849.0,Lenovo,True
9SIBZ0YKME2468,laptop,"BiTECOOL 15.6 IPS-FHD-Laptop, 8GB RAM 256GB SSD AMD 3020e (up to 2.6GHz), Full Function Type C Computer for Student-Home WiFi 5 BT5.0 Win 11 Pro",5.0,32,True,BTC518,219.0,BiTECOOL,False
34-817-345,laptop,"Dell Pro 16 PC16250 16"" Notebook - Intel Core 7 150U - 16 GB - 256 GB SSD - Windows 11 Pro - Webcam - 8.70 Hours Battery - IEEE 802.11ax Wireless LAN Standard  0FT5C",0.0,0,False,0FT5C,957.99,DELL,False
9SIBFRRK6P5567,laptop,"ASUS VivoBook 15 Laptop, 15.6"" FHD (1920x1080) Display, Intel i3-1115G4 2 Cores rocessor, Intel UHD Graphics, 20GB DDR4  1TB PCIe SSD, HDMI, Wi-Fi, Windows 11 Pro",0.0,0,False,VivoBook1511101115G4-pu-009,599.0,ASUS,False
9SIBPMFK7Y5476,laptop,"ASUS Vivobook Laptop 14"" Full HD Intel core 12th Gen  i3-1215U 24GB RAM 512GB SSD Intel Iris Xe Graphics HDMI 1.4 USB-C 3.2 Bluetooth, Wi-Fi 6E Windows 11 Pro Blue",0.0,0,False,HC245122050324,369.0,ASUS,False
9SIB5PFKM82420,laptop,"HP 17 Laptop, 17.3"" FHD Display, Intel Core i5-1334U 10 Cores Processor, Intel Iris Xe Graphics, 32GB DDR4  512GB PCIe SSD, Wi-Fi 6, Webcam, Backlit Keyboard, Windows 11 Pro",0.0,0,False,HP 17603i51334U-026,820.0,HP,False
9SIA60GK163041,laptop,"Dell Latitude 5420 Rugged laptop,14"" FHD(1920 x 1080) Intel Core i5-8350U(6MB, 1.70 GHz, Quad-Core), 16GB RAM, 256GB SSD, Wi-fi, Bluetooth, Webcam, Windows 10 Professional",0.0,0,False,5420-i5-8,499.0,DELL,True
9SIBPMFKMU9183,laptop,"Lenovo V15 G4 Laptop, 15.6"" FHD Display, Intel Core i7-13620H Upto 4.9GHz, 24GB RAM, 2TB SSD, Windows 11 Pro",0.0,0,False,V15G4i7-242nP,785.0,Lenovo,False
9SIBPMFKKY3552,laptop,"ASUS Vivobook 15.6"" FHD Touchscreen Business Laptop Intel core i7-1355U Intel Iris Xe Graphics 16GB RAM 512GB SSD Backlit Keyboard Wi-Fi 6E Bluetooth 5.3 HDMI USB-C Webcam Windows 11 Pro Silver",0.0,0,False,HC165122090424SUB,669.0,ASUS,False
34-817-374,laptop,"Dell Inspiron Plus Laptop Intel Core Ultra 9 185H 32GB Memory 2TB SSD 16.0"" Touchscreen Windows 11 Home",0.0,0,False,DEL-i7640-9237BLU-PUS/RB,849.99,DELL,True
9SIAKVUKK62780,laptop,"HP 17-cn2123nr 17.3"" HD+ Intel Core i3-1215U 1.2 GHz up to 4.4 GHz 12GB DDR4 512GB PCIe NVMe M.2 SSD Intel UHD Graphics Windows 11 Home Laptop, Silver - Minor Scratches and Dents",0.0,0,False,8S0F1UA-RB,319.99,HP,True
9SIADUMKH78834,laptop,"Lenovo Thinkpad T14 Gen 2 14"" Laptop, Ryzen 5 PRO 5650U 2.3Ghz, 16GB DDR4, 1TB NVMe SSD, 1080p Full HD, HDMI, Webcam, Windows 11 Pro",0.0,0,False,DPC-25971,479.99,Lenovo,True
9SIAKVUKKT5106,laptop,"HP 17-cn2283st 17.3"" FHD Intel Core i3-1215U 1.2 GHz up to 4.4 GHz 8GB DDR4 512GB PCIe NVMe M.2 SSD Intel UHD Graphics Windows 11 Home Laptop, Silver, Minor Scratches and Dents - 8Q3J6UA",0.0,0,False,8Q3J6UA-RB,259.99,HP,True
9SIA24GKJC3469,laptop,"HP ZBook Ultra G1a 14"" Mobile Workstation - AMD Ryzen AI MAX PRO 390 - 32GB - 1TB SSD - Windows 11 Pro - AMD Radeon 8050S Graphics - Webcam -  IEEE 802.11be Wireless   BF6T8UT#ABA",0.0,0,False,BF6T8UT#ABA,2632.2,HP,False
9SIA7WPKBZ8163,laptop,"Apple MacBook Air Laptop Core i3 1.1GHz 8GB RAM 128GB SSD 13"" Silver MWTK2LL/A (2020) - Good Condition",0.0,0,False,MWTK2A812811CP65,284.97,Apple,True
9SIA77GKM99322,laptop,"Dell Precision 3561 15.6"" Laptop Core i7 32GB 1TB SSD M.2 Dedicated Graphics Win 11 Pro 1 Yr Wty B v.WAB",0.0,0,False,D3561BWAi7OBBHO1,560.49,DELL,True
9SIADUMKJM5651,laptop,"Lenovo Thinkpad T14 Gen 2 14"" Touchscreen Laptop, Ryzen 5 PRO 5650U 2.3Ghz, 24GB DDR4, 2TB NVMe SSD, 1080p Full HD, HDMI, Webcam, Windows 11 Pro",0.0,0,False,DPC-26208,569.99,Lenovo,True
9SIBVVAKMF3452,laptop,"Dell Latitude 5350 13.3"" FHD Touchscreen Notebook -  Intel Ultra 7 165U - 32GB RAM - 512GB SSD - Windows 11 Pro - TAA - 3 Year Dell Pro Support",0.0,0,False,LAT5350U732512T-TAA-NW,919.99,DELL,False
9SIAKYJK9B7925,laptop,Dell Precision 7520 i7-6820HQ 512GB 16GB 4GB GPU Quadro M1200 15.6 Gaming Laptop,5.0,1,False,644275357904,289.99,DELL,True
9SIADG3KHF4097,laptop,"ASUS 2-in-1 Chromebook Flip CR1 (11.6"" Touchscreen, Intel Celeron N5100, 4GB RAM, 160GB Storage) Ruggedized & Water Resistant, Student & Home Laptop, 8MP Webcam, Wi-Fi 6, Stylus Pen, Chrome OS",0.0,0,False,ASUS Chromebook Flip CR1 C 4GB 160GB,299.99,ASUS,False
9SIA6ABHU59492,laptop,"HP ProBook 640 G4 14"" Full HD 1920 x 1080 Ultrabook - 8th Gen Intel QUAD Core i5-8350U 1.7 GHz - 32 GB RAM DDR4 512 M.2 SSD + 1TB HDD,Wi-Fi, Bluetooth, Webcam Windows 11 Pro",0.0,0,False,ProBook.640.G4.i5_21,509.99,HP,True
9SIADG3KHH2049,laptop,"Lenovo ThinkPad E16 Business Laptop (16"" FHD+ Touchscreen, Intel 13th Gen 10-Core i5-1335U, 40GB RAM, 2TB SSD), Backlit Keyboard, Fingerprint, FHD Webcam, Ethernet, Wi-Fi 6, Win 11 Pro, Black",0.0,0,False,Lenovo ThinkPad E16 i5 40GB 2TB,1149.99,Lenovo,False
9SIA24GKK22825,laptop,"Lenovo Legion 5 15AKP10 83F1000VUS 15.1"" Gaming Notebook - AMD Ryzen AI 7 350 (2 GHz) - 32 GB - 1 TB SSD - Windows 11 Pro - NVIDIA GeForce RTX 5070 with 8 GB - Webcam - IEEE 802.11be Wireless",0.0,0,False,83F1000VUS,1956.09,Lenovo,False
34-236-631R,laptop,"ASUS TUF Gaming - 18"" GeForce RTX 5070 Laptop GPU - AMD Ryzen 7 260 - 16GB (8GBx2) Memory - 1 TB PCIe SSD - Windows 11 Home Gaming Laptop - 240 Hz IPS (FA808UP-NS74 )",0.0,0,False,FA808UP-NS74,1611.23,ASUS,False
9SIAE4NKEF3701,laptop,"Lenovo V15 Gen3 Business Laptop,15.6"" FHD(1920 x 1080) Display,Intel Core i7-1255U,Intel Iris Xe Graphics,Wi-Fi 6 and Bluetooth 5.1,40 GB RAM,1 TB SSD,Win 11 Pro,Grey",0.0,0,False,B2C_Lenovo-V15G3-i7_5-16-24_40_1TP,699.99,Lenovo,False
1TS-000D-1P517,laptop,"HP Fortis Flip G1m 11.6"" Touchscreen Convertible 2 in 1 Chromebook - HD - Octa-core (ARM Cortex A76 + Cortex A55) - 64 GB Flash Memory - English Keyboard - Jet Black - MediaTek Kompanio 520 Chip",0.0,0,False,B61BKUT#ABA,327.99,HP,False
9SIAKDCJZY5163,laptop,"HP Grade A EliteBook 840 G3 14.0"" FHD 1920x1080 Laptop - Intel Core i5 6th Gen 6300U (2.40 GHz) 16 GB Memory 512 GB SSD Intel HD Graphics 520 Windows 10 Pro 64-bit",5.0,1,False,HP 840 G3 I5 512,200.09,HP,True
9SIADT2KH10665,laptop,"HP EliteBook 840 G7 14"" 1920x1080 FHD Laptop PC, Intel Core i7-10510U 1.8GHz, 32GB DDR4 RAM, 512GB NVMe SSD, Windows 11 Pro Grade B",0.0,0,False,782248430218,279.99,HP,True
9SIA6ABJ345631,laptop,Dell Latitude 5414 Rugged Laptop with Intel Core i5-6300u CPU - 16GB RAM - 256GB SSD - Windows 10 Pro,0.0,0,False,Latitude5414Rugged i5,294.01,DELL,True
9SIA8TKHNT1283,laptop,"Lenovo Thinkpad T14 Gen 2 Business Laptop (Intel i5-1135G7, 32GB RAM, 1TB PCIe SSD, 14.0"" FHD 1920x1080, Iris Xe Graphics, WiFi-6, Ethernet Port, Linux Mint 20 (Cinnamon))",0.0,0,False,20220131134BGZ86,1049.99,Lenovo,False
9SIAMRPKMT4024,laptop,"Lenovo Yoga 7 2-in-1 Laptop 14"" WUXGA OLED Touch (100% DCI-P3, 600nits HDR) Intel 8-core Ultra 5 226V (Up to 40 TOPS) 16GB DDR5 512GB SSD Backlit Fingerprint 5MP IR Privacy Camera Win11 Copilot AI",0.0,0,False,Yoga73-0923-001,869.0,Lenovo,False
9SIA6ABHUK8745,laptop,"Lenovo Thinkpad T470s 14"" FHD (1920 x 1080p) IPS Display Ultarbook Laptop Intel Core i5-6300U 2.4GHz 8GB DDR4 RAM 128 GB NVMe SSD Webcam WiFi Bluetooth Windows 10 Pro",0.0,0,False,Lenovo.T470s.i5_1,168.01,Lenovo,True
9SIAKKBJYA2190,laptop,"Dell Inspiron 3520 15.6""   Touchscreen Intel core i5-1155G7(Beats i7-1065G7) 4.2 GHz 32GB RAM 512GB SSD Intel UHD Graphics HDMI USB-A 3.2 Windows 11 Pro Carbon Black",5.0,1,False,GCSUB_i3520-5244BLK_32_512_P,569.79,DELL,False
9SIAJZDKEF1791,laptop,"Acer Swift 16 AI Business Laptop, 16"" 3K OLED Touchscreen 100% DCI-P3 Display, Intel 8-core Ultra 7 Series 2 256V(Up to 4.8GHz), 16GB LPDDR5X 1TB SSD, Backlit KB, Wi-Fi 7, Win11 Pro, AI+Copilot PC",0.0,0,False,003973-195133267786-16-1024-P,1053.99,Acer America,False
9SIA77GJY10602,laptop,"Dell XPS 9510 Laptop (2021) | 15.6"" 4K Touch | Core i7 - 1TB SSD - 32GB RAM - RTX 3050 | 8 Cores @ 4.6 GHz - 11th Gen CPU",0.0,0,False,196105957032,1709.05,DELL,True
9SIACBWKJG5687,laptop,"ASUS S5506MA-WS76 Vivobook 15.6"" UHD Ultra 7 155H 3.8GHz Intel Arc Graphics 16GB RAM 1TB SSD Win...",0.0,0,False,ASS5506MA-WS76-R,599.99,ASUS,True
9SIA77GKMT9757,laptop,"Dell Precision 17 7750 Business Laptop, 17.3"", FHD, 1920 x 1080, Non-Touch, 10th Gen Intel Core i7-10850H, 32GB Ram, 1TB SSD, nVidia Quadro RTX 3000, Windows 11 Pro",0.0,0,False,P7750-201,797.99,DELL,True
9SIADFMKN45468,laptop,"HP 845 G8 Laptop EliteBook AMD Ryzen 5 PRO 5650U 16GB Memory 512 GB SSD AMD Radeon Graphics 14.0"" Windows 11 Pro 64-bit Grade A",0.0,0,False,J5-845G8A01,383.99,HP,True
9SIBPMFKMN0349,laptop,"HP Business Laptop 17.3"" Touchscreen HD+ 1600 X 900 Intel core 13th Gen i7-1335U Intel Iris Xe Graphics 32GB RAM 512GB SSD Backlit KB Wi-Fi 6 Bluetooth HDMI Webcam FP Reader Windows 11 Pro Silver",0.0,0,False,HC325122080625SUB,869.0,HP,False
9SIBPMFKDF0696,laptop,"ASUS Vivobook 15.6"" Full HD Laptop Intel core i5-1235U (Beats i7-1165G7) 24GB RAM 2TB SSD Wi-Fi Bluetooth HDMI 1.4 USB-C 3.2 Webcam HD Long Battery life Windows 11 Pro Blue | Valued Gift Set",0.0,0,False,HC240022012725SUB,689.0,ASUS,False
1TS-000D-1K2H9,laptop,HP RENEW GREEN ELITEBOOK 840 G6 NOTEBOOK INTEL I7 8665U 16 GB 256 GB SSD GBE WIFI BLUETOOTH TPM WEBCAM INTEL UHD 620 IGP 14 INCH FHD BL FPR WIN10P 1 YEAR HP WARRANTY,0.0,0,False,9Z7S2U8QABA,379.98,HP,True
9SIAKVUKK63039,laptop,"HP EliteBook 845 G8 14"" FHD AMD Ryzen 7 PRO 5850U 1.9 GHz up to 4.4 GHz 16GB DDR4 512GB SSD AMD Radeon Graphics Windows 11 Pro Laptop, Silver - Minor Scratches and Dents",0.0,0,False,49V27UC-I002-RB,309.99,HP,True
9SIAMRPKEC2811,laptop,"HP 17.3 FHD Ryzen 5 7430U Laptop,32 GB RAM,1 TB PCIe SSD,Windows 11 Pro",1.0,1,False,B2C_HP-R5-7430_12-31-24_32_1TP_2,895.85,HP,False
9SIAKKBK372188,laptop,"HP 17 Laptop, 17.3"" HD+ (1600 x 900) Display, 11th Generation Intel Core i5-1135G7 4-Cores, Intel Iris Xe Graphics, 32GB DDR4  512GB PCIe SSD,  Backlit Keyboard, Windows 11 Pro",0.0,0,False,HP17609i51135G7-027,738.79,HP,False
9SIBPMFKHU1206,laptop,"Dell Inspiron Business Laptop 15.6"" IPS Full HD Touchscreen Intel core i5-1334U (Beat i7-1255U) Intel UHD Graphics 16GB RAM 1TB SSD HDMI 1.4 USB-C 3.2 Bluetooth Wi-Fi 6 Webcam Windows 11 Pro Black",0.0,0,False,HC160012071925SUB,598.0,DELL,False
9SIAEVRJT92318,laptop,Dell Latitude 5590 i5 1.7GHz 16GB 256GB SSD 11P,0.0,0,False,DL-NB-B004956,254.99,DELL,True
9SIA7ABKHD5929,laptop,"ASUS E410KA Laptop 14.0"" FHD Display (Intel Pentium N6000, 4GB LPDDR4, 64GB SSD + 64GB eMMC, Intel UHD, WiFi 5, Webcam, Bluetooth 5.0, Win 11 Home S-Mode) (Renewed)",0.0,0,False,ME-236976,147.19,ASUS,True
9SIAKVUKKT0519,laptop,"HP Pavilion Laptop Intel Core 5 120U 10-Core Processor 16GB 1TB SSD 16.0"" 2K IPS Touchscreen Display Windows 11 Home 16-af0063cl",5.0,1,False,9R8T6UAR#ABA,499.99,HP,True
9SIA24GKG05512,laptop,"Samsung Galaxy Book5 Pro NP964XHA-KG2US 16"" Touchscreen Copilot+ PC Notebook - 3K - Intel Core Ultra 7 258V - Intel Evo Platform - 32 GB - 1 TB SSD - Gray - Intel Chip - 2880 x 1800 - Windows 11",0.0,0,False,NP964XHA-KG2US,2047.87,SAMSUNG,False
9SIA0ZXK8D2684,laptop,"Lenovo ThinkBook 14 Gen 7 14.0"" Touch Screen AMD Ryzen 7 7735HS AMD Radeon 680M 16GB Memory 512GB SSD Windows 11 Pro 21MV000AUS",0.0,0,False,21MV000AUS,754.44,Lenovo,False
9SIBZ5GKEX9538,laptop,"ASUS - Zenbook 14.5"" 2.8K OLED Touch Laptop - Intel Evo Platform - 13th Gen Core i5 Processor with 8GB Memory - 512GB SSD - Inkwell Gray
Tablet Notebook",0.0,0,False,Q410VA-EVO.I5512,499.99,ASUS,False
9SIAMRPKEC0464,laptop,"Dell Inspiron 14 Business 2-in-1 Laptop 14.0"" Touchscreen IPS WUXGA Display (AMD Ryzen 5 8640HS, 16GB DDR5, 512GB M.2  PCIe SSD, Backlit KB, Fingerprint, WiFi 6E, Webcam, Bluetooth 5.3, Win 11 Pro)",0.0,0,False,ME-221699346999,718.0,DELL,False
9SIAGA5KFP1820,laptop,"Lenovo ThinkPad E16 Gen 2 AMD Laptop, 16"" IPS  60Hz,Ryzen 5 7535U,16GB, AMD Radeon 660M, 512GB SSD,6 wifi,Win 11 Pro",0.0,0,False,21M5001FUS,679.0,Lenovo,False
9SIABVCJ9K9128,laptop,"2022 Apple MacBook Pro 13.3"" Laptop (Apple M2 8-Core, 8GB RAM, 256GB SSD, 10-Core GPU) Space Gray",5.0,2,False,MNEH3LL/A-M2-8-25611660,734.95,Apple,True
9SIB295KK13866,laptop,"HP Newest 255 G10 Professional Business Laptop, AMD Ryzen 7 7730U, 15.6"" FHD IPS Display, 32GB RAM, 1TB PCle SSD, HDMI, Wi-Fi 6, Webcam, Windows 11 Pro, Black",4.5,4,False,ESSENTIAL3962-I_CTO_N2,696.99,HP,False
9SIAMRPKA16679,laptop,"MSI Raider GE68HX Gaming Laptop 16"" FHD+ IPS 144Hz Intel 24-core i9-14900HX 64GB DDR5 2TB SSD GeForce RTX 4070 RGB Backlit Thunderbolt4 USB-C Dynaudio FHD IR Privacy Camera Win11 Black",0.0,0,False,14VGG-287-0807-005,2413.85,MSI,False
9SIB9ADJ472799,laptop,"14"" HP Elitebook 840 G4 Laptop - Intel Core i7 2.8 GHz, 16GB RAM, 512GB SSD, 1920x1080 FHD, Windows 10 Pro - Grade B",0.0,0,False,840 g4 i7 512 16 b,159.0,HP,True
9SIBPMFKBG4739,laptop,"Dell Inspiron 16"" FHD+ Touchscreen Business Intel core 7 150U (Beats i7-1355U) 32GB DDR5 RAM 512GB SSD Intel Graphics Wi-Fi 6E Bluetooth 5.3 HDMI USB-C 3.2 Backlit Fingerprint Windows 11 Pro Ice Blue",0.0,0,False,HC325122093024SUB,969.9,DELL,False
9SIA77GKMC3228,laptop,"Dell Precision 5530 15.6"" FHD 1920 x 1080 Mobile Workstation  8th Gen Intel Six Core i7-8850H 256 GB M.2 + 2TB M.2 SSD 32GB DDR4 RAM Webcam Windows 11 Pro",0.0,0,False,Dell.Precision5530.i7_72,712.49,DELL,True
9SIB295KJ14045,laptop,"ASUS Vivobook 14 14"" FHD Laptop,Intel Core i3-1315U,8GB RAM,256 GB SSD,Windows 11 Home,Quiet Blue",0.0,0,False,B2C_ASUS_I3-1315_7-3-25_8_256H,329.99,ASUS,False
9SIA1CZKBP2912,laptop,Acer 14 inch Chromebook Plus 514 - Intel Core i3-N305 - 8GB/128GB - Steel Gray,0.0,0,False,NX.KUTAA.001,283.99,Acer America,False
9SIB295KGH4988,laptop,"HP 17.3 FHD Laptop - AMD Ryzen 5 7430U - AMD Radeon Graphics - 16 GB RAM,1 TB PCIe SSD - Windows 11 Pro",0.0,0,False,B2C_HP-R5-7430_4-8-25_16_1TP_3,538.0,HP,False
9SIB295KJ19004,laptop,"ASUS Vivobook 14 14"" FHD Laptop - Intel Core i3-1315U - Intel UHD Graphics - 8GB RAM,128 GB SSD - Win 11 Home - Quiet Blue",0.0,0,False,B2C_ASUS_I3-1315_7-4-25_8_128H_2,309.0,ASUS,False
9SIBPMFKFU6558,laptop,"Asus Vivobook Business Laptop 15.6"" FHD Touchscreen Intel Core 5 120U (Beat i7-1355U) Intel Graphics 16GB RAM 1TB SSD Backlit KB Wi-Fi 6 Bluetooth 5.2 Fingerprint Webcam HDMI Windows 11 Pro Silver",0.0,0,False,HC160012052625SUB,649.0,ASUS,False
9SIAA0SJHD1750,laptop,"Acer Swift 3 Laptop, 14"" IPS FHD Display, AMD Ryzen 7 5700U Upto 4.3GHz, 8GB RAM, 1TB NVMe SSD, Vega 8, HDMI, Wi-Fi, Bluetooth, Windows 11 Pro",0.0,0,False,SF314Ry75-81nP,769.99,Acer America,False
9SIB9ADK7G7255,laptop,Dell Latitude 5480 14.0-in Laptop - Intel Core i7 6600U 6th Gen 2.60 GHz 16GB 512GB SSD Windows 10 Pro 64-Bit - Webcam,0.0,0,False,14-DL-5480-02,169.0,DELL,True
9SIBPMFKEH0494,laptop,"Dell Inspiron 15.6"" Full HD Touchscreen Business Laptop AMD Ryzen 7 7730U (Beat i7-1355U) AMD Radeon graphics 16GB RAM 2TB SSD Realtek Wi-Fi 5 Bluetooth 5 HDMI 1.4 USB-C 3.2 Windows 11 Home Black",0.0,0,False,HC160021032425SUB,729.0,DELL,False
9SIA4R8K3U5773,laptop,"DELL Latitude 7400 Laptop Intel Core i5-8365U (1.60GHz) 16 GB Memory 256 GB SSD Intel UHD Graphics 14.0"" FHD Windows 10 Pro",4.0,57,False,DE7400-16-256-W10P-EB,239.98,DELL,True
34-236-575R,laptop,"ASUS ROG Strix Scar- 16"" GeForce RTX 5090 Laptop GPU - Intel Core Ultra 9 275HX - 32GB Memory - 2 TB PCIe SSD - Wi-Fi 7 Windows 11 Pro GAMING LAPTOP - 240 Hz (G635LX-XS97 )",0.0,0,False,90NR0L81-M005P0,3182.23,ASUS,False
9SIAEYJKM85453,laptop,"HP OmniBook X Flip 2-in-1 Copilot+ AI PC Laptop 16"" WUXGA IPS Touch (400nits) AMD 6-core Ryzen AI 5 340 (Up to 50 TOPS) 16GB DDR5 1TB SSD Backlit Wi-Fi 6E 5MP IR Privacy Camera Win11",0.0,0,False,OmniBookXFlip1-0801-002,792.99,HP,False
9SIAE4NKFV9990,laptop,"Lenovo V-Series V15 G4 15.6"" Full HD Business Laptop Intel Core i7-13620H 16GB RAM 1TB SSD HDMI RJ45 Webcam Wi-Fi Bluetooth USB-C 3.2 Numeric Keypad Windows 11 Home Black",0.0,0,False,HC160011040825,649.99,Lenovo,False
9SIBPMFKEH0338,laptop,"Dell Inspiron 15.6"" Full HD Touchscreen Business Laptop AMD Ryzen 7 7730U (Beat i7-1355U) AMD Radeon graphics 32GB RAM 1TB SSD Realtek Wi-Fi 5 Bluetooth 5 HDMI 1.4 USB-C 3.2 Windows 11 Pro Black",0.0,0,False,HC320012032425,699.0,DELL,False
9SIA25VKN56364,laptop,"Lenovo ThinkPad P1 Gen 6 Intel Laptop, 16"",13th Generation Intel Core i7-13800H vPro,16GB, RTX 3500 Ada Generation  GPU 12GB GDDR6, 512GB SSD,Win 11 Pro",0.0,0,False,21FWSBAH00,2144.86,Lenovo,False
9SIA8TKHMF3935,laptop,"HP 17 Business Laptop - Linux Mint Cinnamon - Intel Quad-Core i5-10210U, 8GB RAM, 1TB SSD, 17.3"" Inch HD+ (1600x900) Display, SD Card Reader, DVD+-RW Burner",0.0,0,False,192545266450,1199.99,HP,False
9SIB9ADJEB1677,laptop,"Dell Latitude E6530 15.6"" LED Laptop Intel Core i5 Mobile CPU 8GB DDR3 RAM 256GB SSD DVD-RW WiFi Bluetooth Microsoft Windows 10 Professional 64-Bit",3.4,5,False,Dell6530-9,139.0,DELL,True
9SIA6ABFA58401,laptop,"HP EliteBook 840 G3 14"" FHD LED Display Ultrabook Laptop  – 6th Gen Intel Core i5 Dual Core 2.4GHz CPU 512 GB SSD 32 GB DDR4 RAM WiFi Bluetooth Tunderbolt Windows 10 Pro",0.0,0,False,840(g3).i5.FHD_9,224.98,HP,True
9SIA4R8KGK2631,laptop,"Dell Latitude 5521 15.6"" HD Laptop Intel Core i7-11850H 32GB 1TB W11P",0.0,0,False,LT-DE5521/i7-G11-32-1SSD,499.9,DELL,True
9SIADG3KH32384,laptop,"Dell Latitude 7450 7000 Business Laptop (14"" FHD+, Intel 12-Core Ultra 5 135U (> i7-1355U), 32GB RAM, 2TB SSD), Backlit KB, 1080p RGB HDR Webcam, 2 x Thunderbolt 4, Wi-Fi 7, Win 11 Pro, 2025 AI PC",0.0,0,False,DELL Latitude 7450 U5 32GB 2TB,1349.99,DELL,False
9SIAKKBGKM4889,laptop,"HP 15.6"" Full HD IPS LED Notebook,11th Gen Intel Core i5-1135G7 Quad-Core Processor,32GB DDR4 RAM,1TB SSD,Intel Iris Xe Graphics, Wifi-AC, Bluetooth, USB, HDMI, Windows 11 Pro",0.0,0,False,HP15i5321TBSDZHC,576.79,HP,False
9SIBPMFKJF7850,laptop,"HP ProBook 460 G11 Business 16"" WUXGA Intel Core Ultra 7 155U (Beat i7-1355U) Intel Graphics 32GB DDR5 RAM 1TB SSD Backlit KB Fingerprint Reader 1080p Webcam Wi-Fi 6E BT 5.3 Windows 11 Pro Silver",0.0,0,False,HC320012080425,1049.0,HP,False
9SIA686KMA6183,laptop,"Dell Plus 16"" Touchscreen Laptop - Intel Core Ultra 9 288V - 1920 x 1200 - Windows 11 Home - 32GB RAM - 1TB SSD",0.0,0,False,LDB16250-9052BLU-PUS,1199.99,DELL,False
9SIA4R8KA18325,laptop,"DELL Latitude 5410 Laptop Intel Core i5-10310U 1.7GHz 16 GB RAM 256 GB SSD Intel UHD Graphics 630 14.0"" Windows 11 Pro",4.0,4,False,LT-DE5410/i5-G10-16-256-P,298.99,DELL,True
9SIB9ADKB73163,laptop,"Lenovo Thinkpad X1 Carbon G5 - Grade A - 14"" HD Laptop - Intel Core i7 6500u 8GB 512GB SSD - Webcam - Windows 10 Pro",0.0,0,False,x1-carbon-g5-i7-8-512-10,189.0,Lenovo,True
9SIADT2KGZ0166,laptop,"Dell Precision 3560 15.6"" 1920x1080 FHD Touchscreen Workstation Laptop, Intel Core i7-1185G7 3.0GHz, 32GB DDR4 RAM, 1TB NVMe SSD, NVIDIA T500 Win 11 Pro Grade A",0.0,0,False,782248430120,599.99,DELL,True
34-817-384,laptop,"Dell Pro 14 PC14255 14"" Copilot+ PC Notebook - AMD Ryzen 5 PRO 220 - 16 GB - 256 GB SSD - Windows 11 Pro - AMD Radeon 740M graphics - Webcam - 15.10 Hours Battery - IEEE 802.11ax Wireless  5G5NC",0.0,0,False,5G5NC,696.99,DELL,False
9SIB295H774463,laptop,"HP 17t Laptop, 17.3"" HD+ Touch Screen Intel core i7-1165G7 Intel Iris XE 32GB DDR4 RAM 1TB PCIe SSD Backlit Keyboard Windows 11 Home Silver",0.0,0,False,B2C_17-cn0065cl_32_1SD,899.0,HP,False
9SIA7WPKAN5715,laptop,"Apple MacBook Air Laptop Core i5 1.8GHz 8GB RAM 128GB SSD 13"" Silver MQD32LL/A (2017) - Very Good Condition",0.0,0,False,MQD32A812818AB65,184.97,Apple,True
9SIBYRBKJG6122,laptop,Apple MacBook Pro 14-inch (2021) - Apple M1 Pro chip: 8-Core CPU/14-Core GPU - 1TB - Space Grey - 16GB RAM - Excellent (Grade A),0.0,0,False,E16056E616CB6AZ,813.95,Apple,True
9SIA0ZXKJY4541,laptop,MSI VECTOR16HXA2 16 inch QHD Vector AI - Intel Core Ultra 7 255HX - NVIDIA GeForce RTX 5070 Ti - 32GB/1TB - Win 11 Pro,0.0,0,False,VECTOR16HXA2285,2001.53,MSI,False
9SIA7ABJ6M2525,laptop,"HP EliteBook 845 G7 Home & Business Laptop (AMD Ryzen 5 PRO 4650U 6-Core, 14.0"" 60Hz Full HD (1920x1080), AMD Radeon, 16GB RAM, 512GB SSD, Backlit KB, Wifi, USB 3.2, HDMI, Webcam, Win 10 Pro)",2.7,3,False,1V4L6AV-ME1342761,329.0,HP,True
9SIAKKBK9M0507,laptop,"Lenovo IdeaPad 1 15.6"" Full HD TouchScreen Notebook,12th Gen Intel Core i3-1215U Processor,8GB DDR4,256GB SSD,Intel UHD Graphics,WiFi-AX,Bluetooth,Windows 11 Pro",0.0,0,False,LENT1i38256SD,419.79,Lenovo,False
9SIB295K817184,laptop,"HP 17.3"" HD+ Touchscreen Laptop, AMD Ryzen 5 7530U(Beats i7-1165G7) Processor, 32GB RAM, 2TB SSD, Wi-Fi 6 and Bluetooth 5.3, Backlit Keyboard,Windows 11 Pro, Sliver",0.0,0,False,B2C_HP_17.3_R5-7530_12-27-23_32_2TP,929.0,HP,False
9SIBPMFKMU6305,laptop,"HP Essential 17t-cn300 17.3"" HD+ Touch Laptop, Intel Core i7-1355U,intel Iris Xe Graphics,Wi-Fi 6 and Bluetooth 5.3,Backlit Keyboard,32 GB RAM,1 TB SSDWindows 11 ProSilver",0.0,0,False,B2C_17-cn-300-i7s_1-11-24_32_1TP,859.0,HP,False
9SIB9ADK3T9562,laptop,"HP Probook X360 11 G1 Ee 11.6"" Laptop Pentium 1.10 GHz 4 GB 128GB SSD W10P Touch",0.0,0,False,HP.NB.B55512,94.5,HP,True
9SIAA0SKFC5354,laptop,"Lenovo ThinkPad X1 Carbon Gen 12 Laptop, 14"" FHD+ Touch Display, Intel Core Ultra 7 155H Upto 4.8GHz, 32GB RAM, 2TB SSD, Backlit keys, Fingerprint Reader, Windows 11 Pro",0.0,0,False,X1G12Ult7-322nP,1999.99,Lenovo,False
9SIAEYJKJ76798,laptop,ASUS Vivobook Go 15.6 FHD Slim Laptop |AMD Ryzen 3 7320U(Beat i3-1315U)| AMD Radeon Graphics |Webcam |WIFI|Black| 8GB RAM DDR5 | 128GB SSD |Windows 11 S |Bundle with HDMI Cable,5.0,1,False,TEMP-BC2-NoMod+Z95,329.99,ASUS,False
9SIBYRBKJG6576,laptop,Apple MacBook Air 13.3-inch (2020) - M1 - Apple M1 Chip: 8-Core CPU/7-Core GPU - 256GB - Silver - 8GB RAM - Excellent (Grade A),0.0,0,False,AF273D890A8295Z,410.0,Apple,True
9SIACBWKC97532,laptop,"Gateway 14.1"" FHD Touchscreen Laptop Intel Core i5-1235U, 8GB 512GB W11H",0.0,0,False,GAGWTC51427-BK-R,244.99,Gateway,True
9SIAKKBKCS7779,laptop,"HP 17.3"" Full HD IPS Notebook,AMD Ryzen 5 5500U Processor,8GB DDR4 RAM,512GB SSD,AMD Radeon Graphics,Wifi-AC,Bluetooth,USB,HDMI,Windows 10 Pro",5.0,1,False,HP1711i58512SSD,499.79,HP,False
9SIA8X5KDE0386,laptop,Dell - XPS 16 16.3 FHD+ Laptop Intel Core Ultra 7 Evo Edition - 16GB Memory NVIDIA GeForce RTX 4050 - 1TB SSD - Platinum,0.0,0,False,XPS9640-7097SLV-PUS 2,2165.99,DELL,False
9SIAKVUKJF8801,laptop,HP ProBook 445 G8 14 FHD IPS AMD Ryzen 5 5600U 2.30 GHz up to 4.20 GHz 16GB DDR4 256GB SSD AMD Radeon Graphics Windows 11 Pro Laptop Silver - 46T39UC-I002,0.0,0,False,46T39UC-I002-R,279.99,HP,True
9SIB9ADK4U7525,laptop,Dell XPS 12-9Q33 Intel i7-4510U 2.00GHz 8GB RAM 256GB SSD Win 10 Pro Webcam,0.0,0,False,DL-NB-0004321,139.0,DELL,True
9SIBBPDK6P0432,laptop,"Dell Latitude E6420 14.1-Inch Laptop (Intel Core i5 2.5GHz with 3.2G Turbo Frequency, 4G RAM, 128G SSD, Windows 10 Professional 64-bit) (Renewed)",0.0,0,False,-NB-i5-2.6-4-128SSD-,135.0,DELL,False
9SIBPMFKJF7871,laptop,"HP ProBook 460 G11 Business 16"" WUXGA Intel Core Ultra 7 155U (Beat i7-1355U) Intel Graphics 32GB DDR5 RAM 1TB SSD Backlit KB Fingerprint Reader 1080p Webcam Wi-Fi 6E BT 5.3 Windows 11 Pro Silver",0.0,0,False,HC320012080425SUB,1049.0,HP,False
9SIAKKBKCJ9967,laptop,"HP 15.6"" Full HD Notebook, Intel Core i5-1235U 10-Core Processor,32GB DDR4,512GB SSD,Intel Iris Xe Graphics,Wifi-6, Windows 11 Pro",0.0,0,False,HP15i532512SSDZ11Q,517.79,HP,False
9SIADG3KFR7578,laptop,"Lenovo Chromebook 15 (15.6"" FHD, 8GB RAM, 128GB Storage (64GB eMMC + 64GB SD Card), 2TB Cloud Storage, Intel Celeron), Home & Student Laptop, Webcam, 10-Hr Long Battery Life, Wi-Fi 6, Chrome OS",0.0,0,False,82N4003CUS-1,299.99,Lenovo,False
9SIADG3KF63261,laptop,"Lenovo ThinkPad E16 Business Laptop (16"" FHD+ Touchscreen, Intel 13th Gen 10-Core i5-1335U, 16GB RAM, 512GB SSD), Backlit, Fingerprint Reader, FHD Webcam, Ethernet, Wi-Fi 6, Win 11 Pro, Black",0.0,0,False,ThinkPad E16 i5-1335U 16GB 512GB Touch,899.99,Lenovo,False
9SIB9ADJ472734,laptop,"14"" HP Elitebook 840 G4 Laptop - Intel Core i7 2.8 GHz, 16GB RAM, 1TB SSD, 1920x1080 FHD, Windows 10 Pro - Grade B",1.0,1,False,840 g4 i7 1tb 16 b,169.0,HP,True
9SIAKKBKMA0848,laptop,"HP 15.6 HD Touchscreen Business&Home  Laptop - with Microsoft Office Lifetime License,13th Generation Intel core i3-1315U 6-Core Processor 32GB RAM, 1TB PCIe SSD Windows 11 Pro/Xtredura Flash Drive",0.0,0,False,FD0123DXOFF30,554.79,HP,False
9SIAKDCK946649,laptop,"DELL Grade A Laptop Latitude Intel Core i7-8650U 16GB Memory 256 GB SSD Intel UHD Graphics 620 14.0"" Touch Screen Windows 11 Pro 64-bit 7490",5.0,1,False,NE5-33643,364.54,DELL,True
9SIAAJ2KH13513,laptop,"HP EliteBook 745 G6 14"" Laptop AMD Ryzen 7 PRO 3700U 32GB 1TB SSD M.2 Integrated Graphics Win 11 Pro 1 Yr Wty B v.WAA",0.0,0,False,H745G6BWAR7QABHO1,384.99,HP,True
9SIA6ABDZZ8451,laptop,"Dell Latitude E6430 14"" LED Laptop Intel 3rd Gen QUAD Core i7 2.90 GHz Mobile CPU 16 GB DDR3 RAM 1TB SSD DVD-RW HDMI WiFi Bluetooth Webcam Microsoft Windows 10 Professional 64-Bit",0.0,0,False,E6430i7-W10_24,305.0,DELL,True
9SIAA0SKG05602,laptop,"Lenovo IdeaPad 3, 15.6"" FHD Display,Intel Core i3-1005G1 Upto 3.4GHz, 8GB RAM, 256GB SSD, Windows 10 Pro",0.0,0,False,3Ti310-8256nP,299.99,Lenovo,False
9SIAE4NKHM7568,laptop,"Lenovo V15 G4 IRU 15.6"" Full HD Business Laptop Intel Core i5-13420H (Beat i7-1355U) 40GB RAM 1TB SSD HDMI RJ45 Webcam Wi-Fi Bluetooth USB-C 3.2 Numeric Keypad Windows 11 Pro Black",0.0,0,False,HC400012030425SUB,617.99,Lenovo,False
9SIB9ADKH36615,laptop,"HP ProBook 450 G8 15.6"" Laptop FHD 1920 x 1080 IPS Intel i5-1135G7 32GB 1tb SSD Windows 11 Pro B Grade",0.0,0,False,450g8b,329.0,HP,True
9SIBPMFKG82761,laptop,"ASUS Vivobook Business Laptop 14"" LED Full HD Intel Core 13th Gen i3-1315U (Beat i5-1235U) 12GB RAM 256GB SSD Intel UHD Graphics HDMI 1.4 USB-C 3.2 Bluetooth, Wi-Fi 5 Windows 11 Home Blue",0.0,0,False,HC122561061725SUB,359.0,ASUS,False
9SIBYRBKJT2062,laptop,Apple MacBook Air 13.3-inch (2020) - M1 - Apple M1 Chip: 8-Core CPU/7-Core GPU - 128GB - Silver - 8GB RAM - Excellent (Grade A),0.0,0,False,95E30A200FBCA9Z,398.0,Apple,True
9SIA8HFKA83461,laptop,"Apple A Grade Macbook Pro 16-inch (Retina DG, Space Gray, Touch Bar) 2.3Ghz 8-Core i9 (2019) MVVK2LL/A 1TB SSD 16GB Memory 3072x1920 Display Mac OS Power Adapter Included",0.0,0,False,MVVK2LL/A-3,508.73,Apple,True
9SIB295KGH5020,laptop,"HP 15.6 HD Touch Laptop - Intel Core i3-1215U - Intel UHD Graphics - 32GB RAM,512GB SSD - Win 11 Home - Silver",0.0,0,False,B2C_HP15.6_i3-touch_4-8-25_32_512H_3,437.0,HP,False
9SIAKDCKA22147,laptop,"HP EliteBook 840 G5 14"" FHD 1920 x 1080 Notebook – 8th Gen Intel QUAD Core i5-8350U 1TB SSD 16GB DDR4 RAM Webcam Windows 11 Pro",0.0,0,False,ElitebBook.840(G5)i5_11,315.09,HP,True
9SIAR0TKGE0334,laptop,"HP Essential Laptop Computer 17.3"" FHD Intel Core Ultra 7 16 GB memory;256 GB",0.0,0,False,BE6J9UA#ABA,1099.99,HP,False
9SIAKKBJ837851,laptop,"HP 15 Laptop, 15.6"" IPS FHD Display, Intel Core i5-1135G7 Upto 4.2GHz, 16GB RAM, 1TB NVMe SSD, HDMI, Card Reader, Wi-Fi, Bluetooth, Windows 11 Pro S",0.0,0,False,15dyi511G-161nP,564.79,HP,False
9SIA7ABKK45475,laptop,"HP EliteBook 665 G11 Copilot Business Laptop (AMD Version EliteBook 660) 16.0"" FHD+ (AMD Ryzen 7 7735U (beats i7-1355U), 32GB DDR5, 2TB SSD, Backlit KB, Fingerprint, WiFi 6E, 5MP Webcam, Win11Pro)",0.0,0,False,ME-24229841454,1057.74,HP,False
9SIAMRPKG83676,laptop,"HP Victus 15.6 FHD Gaming Radeon RX 6550M Graphics Laptop,AMD Ryzen 5 7535HS Processor,16 GB DDR5 RAM,512 GB SSD,Windows 11 Home,Black",0.0,0,False,B2C_HP-R5-7535_10-16-24_16_512H_2,608.0,HP,False
9SIBPMFKKY3565,laptop,"ASUS Vivobook 15.6"" FHD Touchscreen Business Laptop Intel core i7-1355U Intel Iris Xe Graphics 24GB RAM 512GB SSD Backlit Keyboard Wi-Fi 6E Bluetooth 5.3 HDMI USB-C Webcam Windows 11 Pro Silver",0.0,0,False,HC325122090424SUB,696.0,ASUS,False
9SIAA0SKK91610,laptop,"Acer Aspire 3 Laptop, 15.6"" FHD Display, Intel Core i5-1334U Upto 4.3GHz, 16GB RAM, 512GB SSD, Windows 11 Pro",0.0,0,False,Asp3i513U-16512nP,519.99,Acer America,False
9SIAE4NKF51994,laptop,"Lenovo V15 G4 Laptop, 15.6"" Full HD Display, AMD Ryzen 7 7730U Processor,16GB DDR4,2TB SSD,AMD Radeon Graphics,Wifi, Windows 11 Pro",0.0,0,False,LENV15RYZ7162TBSD11PROY,649.0,Lenovo,False
9SIAB6HH1E1630,laptop,"Panasonic Toughbook 53, CF-53 MK4, Rugged, Business Laptop, A Grade, Intel Core i5-4310U @ 2GHz, 14"" HD, 16GB, 512GB SSD, Wi-Fi, Bluetooth, DVD, Windows 10 Pro",0.0,0,False,CF-53-MK4-NT-16-512,449.0,Panasonic,True
9SIACBWKGU5989,laptop,"HP Elitebook 830 G8 13.3"" FHD TS Laptop Intel i7-1185G7 3GHz 16GB 256GB W11P",0.0,0,False,LT-HP830G8/i7-G11-16-256,399.99,HP,True
9SIAR0TKF13477,laptop,"HP OmniBook 5 Laptop Computer 16"" 2K AMD Ryzen 7 16 GB memory;512 GB SSD",0.0,0,False,B7NG1UA#ABA,579.99,HP,False
9SIAE4NKP73253,laptop,"Dell Inspiron 3000 Home & Business Laptop Notebook ,15.6"" FHD Touch Display,AMD Ryzen 7 7730U (Beat I5-1235U),32GB RAM,2TB SSD, Webcam, Bluetooth, Wi-Fi, Windows 11 Pro/XTREDURA FLASH Drive",0.0,0,False,DELL3535R83,719.0,DELL,False
34-273-236,laptop,"HP Grade A Laptop EliteBook Intel Core i7-8550U 32GB Memory 1 TB M.2 NVMe SSD Intel UHD Graphics 620 14.0"" Non-Touch Screen Windows 11 Pro 64-bit 840 G5",0.0,0,False,NE5-33356,564.99,HP,True
9SIB6HNKK28301,laptop,"Acer Aspire 5 15 Laptop, 15.6"" Full HD Display, Intel Core i3-1115G4 2 Cores processor, Intel UHD Graphics, 20GB DDR4  512GB PCIe SSD, WiFi 6, Windows 11,Microsoft Office License",0.0,0,False,Aspire515820i31115G4-003,529.0,Acer America,False
9SIA25VKN56368,laptop,"ThinkPad P1 Gen 6 Intel (16) NVIDIA RTX A1000 GPU 6GB, i7-13800H vPro® 16 GB, 512 GB",0.0,0,False,21FWSBAL00,1472.58,Lenovo,False
9SIACBWKGS3229,laptop,"Samsung Galaxy Book3 15.6"" FHD Intel Core i7-1355U 16GB RAM 512GB SSD W11H",0.0,0,False,SANP750XFG-KB2US-R,459.99,SAMSUNG,True
9SIAKKBK9J9300,laptop,"Dell Inspiron 3520 15.6"" Full HD Laptop, 12th Gen Intel Core i5-1235U Processor,16GB DDR4, 512GB SSD,Intel Iris Xe Graphics, Wifi,Bluetooth,HDMI,Windows 11 Pro",0.0,0,False,DELL352012i516512SD,546.74,DELL,False
9SIBPMFKMN0355,laptop,"HP Business Laptop 17.3"" Touchscreen HD+ 1600 X 900 Intel core 13th Gen i7-1335U Intel Iris Xe Graphics 16GB RAM 1TB SSD Backlit KB Wi-Fi 6 Bluetooth HDMI Webcam FP Reader Windows 11 Pro Silver",0.0,0,False,HC160012080625SUB,795.0,HP,False
9SIA6AB9390365,laptop,"Dell Latitude E6530 15.6"" LED Laptop Intel Core i5 Mobile CPU 16 GB DDR3 RAM 1TB SSD DVD-R WiFi Bluetooth Microsoft Windows 10 Professional 64-Bit",4.0,1,False,DellE6530i5_14,173.01,DELL,True
9SIAAJ2KH13509,laptop,"HP EliteBook 745 G6 14"" Laptop AMD Ryzen 7 PRO 3700U 32GB 512GB SSD M.2 Integrated Graphics Win 11 Pro 1 Yr Wty B v.WAA",0.0,0,False,H745G6BWAR7QABHK1,354.99,HP,True
9SIADG3KHK5629,laptop,"SAMSUNG Chromebook Plus V2 360 2-in-1 Laptop w/Dual Webcam (12.2"" FHD+ Touchscreen,Intel Celeron 3965Y, 4GB RAM, 128GB (64GB eMMC+64GB SD Card), Stylus Pen) Home & Education, IST SDCard, Chrome OS",0.0,0,False,Samsung Chromebook Plus V2 4GB 128GB,299.99,SAMSUNG,False
9SIB295K7F1338,laptop,"HP Pavilion 15.6""FHD Laptop,Intel Core i7-1355U,intel Iris Xe Graphics,Wi-Fi 5 and Bluetooth 5,Backlit Keyboard,16 GB RAM,512 GB SSD,Windows 11 Pro,Silver",0.0,0,False,B2C_HP15t-eg300_12-7-23_16_512P_2,869.99,HP,False
1TS-000D-1NZT8,laptop,"HP Fortis Flip G1i 11.6"" Touchscreen Convertible 2 in 1 Notebook - HD - Intel N-Series N250 - 4 GB - 128 GB Flash Memory - Jet Black - Intel Chip - 1366 x 768 - Windows 11 Pro - Intel UHD Graphic",0.0,0,False,B86CBUT#ABA,673.99,HP,False
9SIB13FKJG7394,laptop,"Lenovo ThinkPad P16 Gen 2 16.0"" Intel Core i9-13950HX NVIDIA RTX 2000 Ada Generation 32GB Memory 1TB SSD Windows 11 Pro 21FA002NUS",0.0,0,False,21FA002NUS,2599.0,Lenovo,False
34-817-112,laptop,"DELL Latitude 5420 Laptop Intel Core i5-1135G7 32GB Memory 1 TB SSD Intel Iris Xe Graphics 14.0"" FHD Windows 11 Pro 64-bit",0.0,0,False,J5-5420A17,525.12,DELL,True
9SIBBPDJ5H2040,laptop,"DELL Laptop Latitude 2.00GHz 4GB Memory 160GB HDD 14.1"" Non-Touch Screen Windows 7 Professional 32-Bit D630",3.0,2,False,D630/2.0/4/160/W7P,165.0,DELL,True
9SIA7ABKHY7547,laptop,"Dell Inspiron 16 Plus 7640 AI Powered Laptop 16.0"" IPS WQXGA Display (Intel Ultra 9-185H, 16GB LPDDR5X, 1TB PCIe SSD, Intel Arc, Backlit KB, Fingerprint, Thunderbolt 4, WiFi 6E, Webcam, Win 11 Home)",0.0,0,False,ME-23788841453,1249.99,DELL,False
9SIACBWKDK1909,laptop,"HP Elitebook 830 G8 13.3"" FHD TS Laptop Intel i7-1185G7 3GHz 32GB 256GB W11P",0.0,0,False,LT-HP830G8/I7-G11-32-256T,394.99,HP,True
9SIB295J7P6671,laptop,"HP Pavilion Laptop 15.6"" Full HD 1920 x 1080 Intel Core i7-1195G7 Intel Iris Xe Graphics 32GB DDR4 3200 MHz RAM 1TB PCIe NVMe M.2 SSD Backlit Keyboard Windows 11 Pro Silver",0.0,0,False,B2C_15-EG100_9-26_32_1SD_Pro,959.99,HP,False
9SIA77GKFJ8747,laptop,"Dell Latitude Rugged 5420 Laptop (2019) | 14"" FHD | Core i5 - 1TB SSD - 16GB RAM | 4 Cores @ 3.6 GHz",0.0,0,False,196105185862,664.99,DELL,True
9SIAE4NKGC6397,laptop,"Lenovo V15 G4 IRU 15.6"" Full HD Business Laptop Intel Core i5-13420H (Beat i7-1355U) 24GB RAM 512GB SSD HDMI RJ45 Webcam Wi-Fi Bluetooth USB-C 3.2 Numeric Keypad Windows 11 Pro Black",0.0,0,False,HC245122030425SUB,519.99,Lenovo,False
9SIA4R8KME2856,laptop,"Panasonic Toughbook CF-33, Rugged 2-in-1 Laptop, 12"" QHD, Intel Core i5 7300U, 4G LTE, 8 GB RAM, 256 GB SSD, Backlit Keyboard, Win11 Pro",0.0,0,False,Panasonic-CF-33-i5-7300U-8-256-W11P,499.0,Panasonic,True
9SIA4R8JK33162,laptop,"DELL Laptop Latitude 5480 Intel Core i5-6300U 16GB Memory 256 GB SSD Intel HD Graphics 520 14.0"" Non-Touch Screen Windows 10 Pro 64-bit 6R2TF",3.7,3,False,LT-DE5480/i5-G6-16-256-P,183.0,DELL,True
9SIBBPDK106768,laptop,"Dell Latitude E6530 15.6"" LED Laptop Intel Core i5 Mobile CPU 16 GB DDR3 RAM 256 SSD DVD-RWWiFi Bluetooth Microsoft Windows 10 Professional 64-Bit",3.5,2,False,DellE6530i5_10,159.0,DELL,True
1TS-000A-148Z2,laptop,"Dell Latitude 7430 Laptop Intel Core i7-1265U 16GB RAM 512GB SSD 14"" FHD Windows 11 Pro (Refurbished)",0.0,0,False,LT-DE7430/i7-G12-16-512-B,439.99,DELL,True
9SIAEYJKCG3710,laptop,"HP Victus 15.6"" FHD 144HZ Gaming Laptop | AMD Ryzen 5-7535HS (Beat i7-11800H) | AMD Radeon RX 6550M|Backlit keyboard| 32GB RAM DDR5 | 1024GB SSD | Windows 11 Home | Bundle with USB 3.0 Hub",0.0,0,False,TEMP-AN2-32-1024-0+S99,807.99,HP,False
9SIBYRBKJG7832,laptop,Apple MacBook Pro (2015) 15.4-inch - Intel Core i7 2.5GHz (Dual Graphics) - 512GB - Silver - 16GB RAM - Good (Grade B),0.0,0,False,1AD5754A84DF85Z,288.11,Apple,True
9SIAKDCE792887,laptop,Lenovo ThinkPad T450s Laptop i5 Dual-Core 8GB 256GB SSD Win 10 Pro 1 Yr Wty B v.WBA,5.0,2,False,LT450SBWBI5DASA BW10,150.08,Lenovo,True
34-236-701,laptop,"ASUS TUF Gaming A16 - 16"" GeForce RTX 5060 Laptop GPU - AMD Ryzen 7 260 - 64GB Memory - 1 TB SSD - Windows 11 Home Gaming Laptop - 165 Hz IPS (FA608UM-NS73 )",4.4,5,False,FA608UM-NS73,1499.99,ASUS,False
9SIAKKBKCK0440,laptop,"HP 15 Home & Business Laptop Full HD (1920 x1080) Intel i5-1235U 10-Core, 8GB RAM, 512GB SSD, Up to 4.4 GHZ, 15"",Wifi, Bluetooth, Webcam, Silver, windows 11 Pro/XTREDURA FLASH DRIVE",0.0,0,False,0095WM25,488.79,HP,False
9SIA77GKMF1829,laptop,"Dell Precision 5530 15.6"" UHD 3840 x 2160 TOUCH Mobile Workstation - 8th Gen Intel Six Core i9-8950HK 512 GB SSD 32GB DDR4 RAM Webcam Windows 11 Pro",0.0,0,False,Dell.Precision5530.i9_111,712.49,DELL,True
9SIAKKBKKA4937,laptop,"Lenovo Ideapad 1i 15.6"" FHD Touchscreen Business&Home Laptop, 13th Intel Core i5-1334U Upto 4.6GHz, 8GB RAM, 1TB PCle SSD, Windows 11 Home, Lifetime Microsoft Office License, Blue",0.0,0,False,LENOVO1II513351,529.79,Lenovo,False
9SIA0ZXKJW4567,laptop,"Lenovo ThinkPad P14s Gen 6 14"" Touchscreen Copilot+ PC Notebook - AMD Ryzen AI 7 PRO 350 - 32 GB - 512 GB SSD - Windows 11 Pro - AMD Radeon 860M Graphics - Webcam - IEEE 802.11be Wireless 21QL001AUS",0.0,0,False,21QL001AUS,1242.79,Lenovo,False
9SIB295KH00501,laptop,Lenovo V15 15.6 FHD Business Laptop - AMD Ryzen 7 7730U - 40 GB RAM - 1 TB PCIe SSD - WiFi6 and Bluetooth 5.2 - Win 11 Pro,0.0,0,False,B2C_Lenovo_R7_5-16-25_40_1TP_2,588.49,Lenovo,False
9SIAKDCEPB6519,laptop,"DELL Laptop Latitude Intel Core i5-5300U 16GB Memory 500 GB SSD 14.0"" Non-Touch Screen Windows 10 Pro 64-Bit E7450",0.0,0,False,NE5-30771,153.89,DELL,True
9SIA5WMJGU6578,laptop,"Dell Latitude 7490 QUAD Core i5-8350U 1.70GHz 16GB 512GB SSD 14"" FHD Screen 1920X1080 BLUETOOTH BACKLIT KEYBOARD Windows 11 Pro - WEBCAM",0.0,0,False,7490 web 16 412 11,232.71,DELL,True
9SIAKDXKCH1414,laptop,"Lenovo IdeaPad 1 15IJL7 15.6"" Pentium Silver N6000 4GB 128 GB SSD W11H S Mode",0.0,0,False,82LX009HUS,181.99,Lenovo,True
9SIA77GKNH6330,laptop,"Dell Latitude 3120 11.6"" Pentium Silver N6000 1.1GHz 4GB RAM 128GB SSD P32T001 (Refurbished - Very Good Condition)",0.0,0,False,P32T001-128GB,332.49,DELL,True
9SIB295KFX2217,laptop,"HP 15.6"" Full HD Notebook,Intel Core i7-1355U 10-Core Processor,64GB DDR4,2TB SSD,Intel Iris Xe Graphics,Wifi-6, Backlit Keyboard,Windows 11 Pro",0.0,0,False,HP1513i7642TBSSD11,1099.0,HP,False
9SIADFMKGU9150,laptop,"Acer Cb3-532-C4Zz 15.6"" Chromebook Intel Celeron 1.6GHz 4GB 32GB Flash Chrome OS",0.0,0,False,AC.CH.B31349,118.99,Acer America,True
9SIAJU9KHY8182,laptop,"Dell Latitude 7410 14"" TOUCH i7-10610U 1.8GHz 16GB 256GB SSD Laptop Notebook W11P",0.0,0,False,617261829532-11,299.0,DELL,True
9SIBFRRK6K6581,laptop,"MSI Thin GF63 15 Gaming Laptop, 15.6"" FHD 144Hz, Intel Core i7-12650H 10-Cores Processor, GeForce RTX 4050 6GB GDDR6 Graphics, 32GB DDR4  1TB PCIe SSD, Cooler Boost 5, Windows 11 Pro",0.0,0,False,15110812650H4050-pu-008,1439.0,MSI,False
9SIB295JJP4553,laptop,"HP Pavilion Business 15.6"" Full HD IPS Intel Iris Xe Graphics Intel Core 12th Gen i7-1255U 32GB DDR4 RAM 1TB SSD Backlit Keyboard Wifi 5 Bluetooth 5 Windows 11 Pro Silver",0.0,0,False,B2C_15t-eg200_2-3-23_32_1SD,969.0,HP,False
9SIAMRPKAV9551,laptop,"MSI Thin 15 Gaming Laptop 15.6"" FHD IPS 144Hz Intel 8-core i5-12450H 16GB DDR4 1TB SSD GeForce RTX 3050 Backlit USB-C Win11",0.0,0,False,Thin15-0906-002,859.0,MSI,False
34-820-084,laptop,"Microsoft Surface 15"" Copilot+ Laptop 7th Edition - 15"" PixelSense Flow Display - Intel Core Ultra 7 (Series 2) - 32GB Memory - 512GB SSD - Wi-Fi 7 - Windows 11 Pro  - Black  EP2-33240",0.0,0,False,EP2-33240,2279.99,Microsoft,False
9SIA7ABKEX5256,laptop,"ASUS ProArt P16 AI Creator Laptop 16.0"" Touchscreen OLED 4K Display (AMD Ryzen AI 9 HX 370, 32GB LPDDR5X, 1TB SSD, GeForce RTX 4060, Copilot+, Backlit KB, Win 11 Pro)",0.0,0,False,ME-222158225939,2206.24,ASUS,False
34-156-675,laptop,"MSI Raider GE68 HX Gaming Laptop Intel Core i9-13950HX 2.20 GHz NVDIA GeForce RTX 4060 32GB Memory 1 TB NVMe SSD 16.0"" 144 Hz IPS Windows 11 Home  (RAIDER GE68HX 13VF-062US)",4.0,4,False,GE68HX 13VF-062US,1099.99,MSI,True
9SIAKKBK4Z8987,laptop,"Dell Inspiron 3000 Series 3520 Laptop, 15.6"" FHD Touchscreen, Intel Core i5-1155G7, 32GB DDR4 RAM, 1TB PCIe SSD, Webcam, SD Card Reader, Wi-Fi, Windows 11 Home, Black",0.0,0,False,INSPIRON6145-E_CTO_N1,611.79,DELL,False
9SIAA0SKG23301,laptop,"HP ProBook 445 G11 Laptop, 14"" FHD+ Touch Display, AMD Ryzen 7 7735U Upto 4.7GHz, 32GB RAM, 2TB SSD, Backlit keys, Fingerprint Reader, Windows 11 Pro",0.0,0,False,445G11R77U-322nP,1139.99,HP,False
9SIAA0SKG05622,laptop,"Lenovo IdeaPad 3, 15.6"" FHD Display,Intel Core i3-1005G1 Upto 3.4GHz, 16GB RAM, 512GB SSD, Windows 10 Pro",0.0,0,False,3Ti310-16512nP,369.99,Lenovo,False
9SIB9ADJ7G1484,laptop,"HP Grade A Laptop EliteBook Intel Core i7-8565U 16GB Memory 512 GB PCIe SSD Intel UHD Graphics 15.6"" Non-Touch Screen Windows 11 Pro 64-bit 850 G6",5.0,1,False,NE5-33421,419.0,HP,True
9SIAA0SKG84522,laptop,"Dell Latitude 7420 Laptop, 14.0"" FHD Display, Intel Core i5-1145G7 vPro, 16GB RAM, 512GB SSD, Windows 11 Pro",0.0,0,False,7420Ti511-16512nEP,619.99,DELL,False
9SIAB6HH1E1572,laptop,"Panasonic Toughbook 31, CF-31 MK3, 13.1"" Touchscreen sunlight-viewable XGA Active Matrix (TFT), Intel Core i5-3320M @2.60GHz, 8GB, 256 GB SSD, Wi-fi, Bluetooth, Backlit Keyboard, Windows 10 Pro 64bit",0.0,0,False,CF31MK3-I5-3320-8,349.0,Panasonic,True
9SIAEYJKDA2411,laptop,Acer Aspire 3 15.6 FHD Display | Intel Core i7-1165G7 2.8 GHz | Intel Iris Xe Graphics|WiFi |Bluebooth | Silver | 36GB RAM | 1024GB SSD | Windows 11 Home | Bundle with USB 3.0 Hub,0.0,0,False,TEMP-AL9-36-1024-0+S99,662.99,Acer America,False
9SIAE4NKGM2105,laptop,"Lenovo ThinkPad E14 Notebook  14"" WUXGA (1920x1200), Intel Core i7-1355U, 40GB DDR4, 1TB SSD, Intel Iris Xe, Windows 11 Pro",0.0,0,False,LENE14I7401TBSDRS,899.99,Lenovo,False
9SIA7ABKEX5229,laptop,"ASUS ProArt P16 AI Creator Laptop 16.0"" Touchscreen OLED 4K Display (AMD Ryzen AI 9 HX 370, 32GB LPDDR5X, 1TB SSD, GeForce RTX 4060, Copilot+, Backlit KB, Win 11 Home)",0.0,0,False,ME-222158,2049.99,ASUS,False
9SIADUMK7N8848,laptop,"HP EliteBook 840 G8 14"" Laptop, Intel i7 1185G7 3.0GHz, 32GB DDR4 RAM, 1TB NVMe M.2 SSD, 1080p Full HD, Thunderbolt 4, Webcam, Windows 11 Pro (Grade BLCD)",0.0,0,False,DPC-23434,529.99,HP,True
9SIA77GK4D0917,laptop,"Lenovo ThinkPad T14 14"" Laptop Core i7 32GB 1TB SSD M.2 Integrated Graphics Win 11 Pro 1 Yr Wty B v.WCA",0.0,0,False,LT14BWCi7QASCBHO1,542.76,Lenovo,True
9SIA0ZXKGE9401,laptop,"HP 14-dq3120nr 14"" HD Laptop, Intel Celeron N4500 1.1GHz, 4GB RAM, 64GB eMMC, Windows 11 Home S Mode, Snowflake White",0.0,0,False,B89MQUA#ABA,229.05,HP,False
9SIA77GK8R5905,laptop,"Dell Latitude 5580 Intel Quad Core i5-7440HQ 2.8GHz 32gb RAM 1TB SSD 15.6"" HD Screen Backlit Keyboard Bluetooth Webcam Windows 10 Pro 1 TB 32GB",5.0,1,False,5580 9,331.83,DELL,True
9SIBPMFKJC0099,laptop,"Lenovo ThinkPad L14 Gen 5 Business 14"" WUXGA IPS Touch Intel Core Ultra 5 135U vPro (Beat i7-1355U)  Intel Graphics 32GB DDR5 RAM 1TB SSD Fingerprint Reader Backlit KB Wi-Fi 6E BT 5.3 Windows 11 Pro",0.0,0,False,HC320012073125,1049.0,Lenovo,False
34-818-118,laptop,"HP Laptop ZBook Intel Core i7-10810U 32GB Memory 512 GB SSD NVIDIA Quadro P520 15.6"" Non-Touch Screen Windows 11 Pro 64-bit ZBook Firefly 15 G7",0.0,0,False,J5-ZF15G7A15,668.99,HP,True
9SIAMRPKFR2496,laptop,"MSI Thin 15 Gaming Laptop 15.6"" FHD IPS 144Hz Intel 8-core i5-13420H 32GB DDR4 2TB SSD GeForce RTX 4060 Backlit USB-C",0.0,0,False,MSIThin16-0522-004,1390.35,MSI,False
9SIAKKBHWF9298,laptop,"HP 17.3"" HD+ 1600 x 900 Notebook,11th Gen Intel Core i3-1115G4 Processor,16GB DDR4 RAM,512GB SSD,Intel UHD Graphics,Wifi-AC, Bluetooth,USB,HDMI,Windows 11 Pro",0.0,0,False,HP1711i316512SSDB,476.79,HP,False
9SIBBPDKKW7858,laptop,"Dell Latitude E6420 14"" LED Laptop Intel Core i5 2.50 GHz CPU 16 GB DDR3 RAM 128 GB SSD  DVD-R HDMI WiFi Webcam Windows 10 Pro",4.5,2,False,"DellE6420,i5_9",139.0,DELL,True
9SIBPMFKJC0221,laptop,"Lenovo ThinkPad L14 Gen 5 Business 14"" WUXGA IPS Touch Intel Core Ultra 5 135U vPro (Beat i7-1355U)  Intel Graphics 16GB DDR5 RAM 512GB SSD Fingerprint Reader Backlit KB Wi-Fi 6E BT 5.3 Windows 11 Pro",0.0,0,False,HC165122073125SUB,899.0,Lenovo,False
9SIA6ABK375811,laptop,"HP 2022 ProBook 445 G9 14"" Full HD 1920 x 1080 Ultrabook - AMD Ryzen 5 5625U Hexa-core (6 Core) - 32 GB RAM DDR4 4TB SSD,Wi-Fi, Bluetooth, Webcam Windows 10 Pro with FREE HP Wings Backpack",5.0,1,False,ProBook.445.G9_24,750.0,HP,True
9SIA5WMJTV7736,laptop,"Dell Latitude 5590 Intel Quad Core 8th Gen i7-8650U 1.9 GHz, 16GB, 1TB SSD, 15.6"" HD Screen, Webcam, Backlit Keyboard, Win 10 Pro or Win 11 Pro (Upon Request) 1 Yr Warranty!",5.0,1,False,5590 I7 161T,352.71,DELL,True
9SIAA5PK4Y1717,laptop,"Dell Precision 7710 Mobile Workstation 17.3"" FHD 1920 x 1080 Intel i7 Quad Core 2.70GHz 32GB RAM 1TB SSD nVidia Quadro M3000M Camera Backlit Keyboard Bluetooth WiFi Windows 10 Professional 64-bit",1.0,1,False,7710_32_1TBSSD,435.0,DELL,True
9SIA4R8KCD5313,laptop,"DELL Grade A Laptop Latitude Intel Core i5-8350U 32GB Memory 1 TB SSD Intel UHD Graphics 620 14.0"" Touch Screen Windows 11 Pro 64-bit 5424 Rugged",0.0,0,False,J5-R5424A01,919.98,DELL,True
9SIBSWCKPC8254,laptop,"Lenovo ThinkPad P16v Gen 2 16.0"" Intel Core Ultra 9 185H NVIDIA RTX 3000 Ada Generation 32GB Memory 1TB SSD Windows 11 Pro 21KX002GUS",0.0,0,False,21KX002GUS,2780.99,Lenovo,False
9SIB9ADKA22617,laptop,"HP Probook 440 G5 14"" HD Laptop - GRADE A - Intel Core 8th Gen i5-8250U 1.6GHz, 8GB DDR4 RAM, 512GB M.2 SSD, Windows 11 Pro",3.0,2,False,hp-440-g5-i5-8-512-11,185.0,HP,True
34-156-700R,laptop,"MSI - 17"" GeForce RTX 4080 Laptop GPU - Intel Core i9-14900HX - 32GB Memory - 1 TB NVMe SSD - Windows 11 Home Gaming Laptop - 240 Hz (Vector 17 HX A14VHG-1016US )",0.0,0,False,Vector 17 HX A14VHG-1016US,2111.23,MSI,False
9SIA5WMK9F2734,laptop,"DELL Grade B Laptop Latitude Intel Core i7-8650U 16GB Memory 512 GB SSD Intel UHD Graphics 620 15.6"" Non-Touch Screen Windows 11 Pro 64-bit 5590",0.0,0,False,J5-5590B05,279.0,DELL,True
9SIA77GJXY5807,laptop,"Grade BLCD Lenovo Thinkpad P50 15.6"" Workstation, Quad Core i7 6820HQ 2.7Ghz, 64GB DDR4, 1TB NVMe SSD, 1080P Full HD, Quadro M2000M 4GB GDDR5, Thunderbolt 3, HDMI, Webcam, Windows 10 Pro",0.0,0,False,DPC-17171,515.12,Lenovo,True
9SIB6HNKHM2932,laptop,"Lenovo ThinkPad E16 Business Laptop, 16"" FHD+ (1920x1200) Display, AMD Ryzen 7 7735U 8 Cores Processor, AMD Radeon Graphics, 32GB DDR4  512GB PCIe SSD, Fingerprint, Backlit, Wi-Fi 6, Windows 11",0.0,0,False,ThinkPad E166177735U-019,1179.0,Lenovo,False
9SIBYT0KF36463,laptop,"MSI Titan 18 HX AI A2XWJG 18"" UHD+ Mini LED 120Hz, Gaming Laptop Computer - Core Black, Intel Core Ultra 9 285HX 2.1GHz; NVIDIA GeForce RXT 5090 GPU 24GB GDDR7; 64GB DDR5 RAM; 2 x 2TB SSD",0.0,0,False,TITAN18HXA2412,5896.0,MSI,False
9SIA5WMKHP3739,laptop,"HP Grade A Laptop EliteBook Intel Core i5-1145G7 16GB Memory 512 GB M.2 NVMe SSD Intel Iris Xe Graphics 14.0"" Non-Touch Screen Windows 11 Pro 64-bit 840 G8",0.0,0,False,J5-840G8A02,499.97,HP,True
9SIAKKBKJR7296,laptop,"HP 15.6"" HD Chromebook Laptop |Intel Processor N200|Intel UHD Graphics| WIFI| Webcam| Silver | 8GB RAM DDR5 | 64GB SSD |Chrome OS |Bundle with Mouse Pad",0.0,0,False,TEMP-BD1-NoMod+Z96,246.79,HP,False
9SIB295JYN1015,laptop,"HP Pavilion Business 15.6"" Full HD IPS | Intel Iris Xe Graphics | Intel Core 13th Gen i7-1355U | 32GB DDR4 RAM | 512GB SSD | Backlit Keyboard | WiFi 5 | Bluetooth 5 | Windows 11 Pro | Silver",0.0,0,False,B2C_15t-eg300_6-10-23_32_512_Pro,831.99,HP,False
9SIB295K5E1766,laptop,"HP high-performance 17.3"" IPS FHD Laptop,Intel Core i5-1335U,intel Iris Xe Graphics,Wi-Fi 6 and Bluetooth 5.3, Windows 11 Pro,32 GB RAM 1 TB SSD,Silver",0.0,0,False,B2C_HP17-cn3053cl_10-5-23_32_1TP_2,749.0,HP,False
9SIB295KE57257,laptop,"New Dell Inspiron 15.6"" WVA Full HD Touchscreen Intel Iris Xe graphics 13th Generation Intel Core i7-1355U 64GB RAM 1TB SSD Wi-Fi 6 Bluetooth USB-C 3.2 HDMI 1.4 1080p Webcam Windows 11 Pro Black",0.0,0,False,GC_i3530-7050BLK_64_1SD_P,945.0,DELL,False
34-833-313,laptop,"DELL Grade A Laptop Latitude Intel Core i5-1145G7 16GB Memory 512 GB SSD Intel Iris Xe Graphics 14.0"" Non-Touch Screen Windows 11 Pro 64-bit 5420",0.0,0,False,J5-5420A01,445.99,DELL,True
9SIAKKBHT69522,laptop,"Dell Inspiron Laptop 15.6"" Full HD Touch Screen Intel core i5-1135G7 32GB DDR4 RAM 1TB NVMe SSD Windows 11 Pro Black",4.5,8,False,B2C_i3511-5101BLK_32_1SD_Pro,579.79,DELL,False
9SIBYRBKJH4884,laptop,Apple MacBook Air (2022) 13.6-inch - Apple M2 Chip: 8-Core CPU/8-Core GPU - 256GB - Starlight - 8GB RAM - Excellent (Grade A),0.0,0,False,E2D1B136ACBF0EZ,553.0,Apple,True
9SIA0ZXK2M5576,laptop,"Lenovo ThinkBook 16.0"" Touch Screen Intel Core i5-1335U  16GB Memory 512GB Storage Windows 11 Pro 21KH000AUS",0.0,0,False,21KH000AUS,739.73,Lenovo,False
9SIA7ABKJM9107,laptop,"Dell 16 Plus AI Powered Laptop 16.0"" IPS WQXGA Display (Intel Ultra 7-258V, 32GB LPDDR5X, 1TB M.2  PCIe SSD, Intel Arc, Backlit KB, Fingerprint, Thunderbolt 4, WiFi 7, Webcam, Win 11 Pro)",0.0,0,False,ME-240160332468,1221.24,DELL,False
9SIA7ABKGT3882,laptop,"Lenovo ThinkPad E16 GEN 1 Business Laptop 16.0"" IPS WUXGA Display (AMD Ryzen 7 7730U, 16GB DDR4, 512GB SSD, AMD Radeon, WiFi 6, FHD Webcam, Bluetooth 5.1, Win 11 Pro) (Renewed)",0.0,0,False,21JTS09700-ME2267311,681.99,Lenovo,True
9SIA0ZXK9P3805,laptop,"Lenovo ThinkPad T14 Gen 5 14.0"" Touch Screen AMD Ryzen 7 8840U AMD Radeon 780M 32GB Memory 512GB SSD Windows 11 Pro 21MC004YUS",0.0,0,False,21MC004YUS,1301.42,Lenovo,False
9SIB32ZKPJ7668,laptop,"HP 15-fd0150wm 15.6"" FHD Touchscreen i5-1334U 1.3GHz Intel UHD Graphics 8GB RAM 512GB SSD Win 11 Home Natural Silver",0.0,0,False,15-fd0150wm,445.99,HP,False
9SIBPMFKKN5028,laptop,"HP 17.3"" HD+ Business Laptop Intel core i3-N305 8-core 3.8GHz (Beat i3-1215U) Intel UHD Graphics 16GB RAM 512GB SSD Webcam HDMI 1.4 USB-C 3.0 Bluetooth Wi-Fi 6 Windows 11 Pro Silver | Vertical Mouse",0.0,0,False,HC165122082725SUB,469.0,HP,False
9SIA24GKC44446,laptop,"Lenovo ThinkBook 16 Gen 7 16.0"" AMD Ryzen 5 7535HS AMD Radeon 660M 8GB Memory 256 GB SSD Windows 11 Pro 21MW0001US",0.0,0,False,21MW0001US,682.93,Lenovo,False
9SIBYRBKJG6534,laptop,Apple MacBook Pro (2015) 15.4-inch - Intel Core i7 2.2GHz - 512GB - Silver - 16GB RAM - Good (Grade B),0.0,0,False,FA96E143B74CCFZ,279.29,Apple,True
75-136-566,phone,"LG Q70 4G LTE Unlocked Cell Phone 6.4"" Black 64GB 4GB RAM",3.0,2,False,LMQ620QM.AUSAMB,203.33,LG Electronics,False
9SIAJU9KH44213,phone,"SAMSUNG Galaxy S25 Ultra Cell Phone, 512GB, 12GB AI Smartphone, Unlocked Android, Dual Sim, New (International Version) - Titanium Gray",0.0,0,False,SM- S928B/DS,1198.0,SAMSUNG,False
9SIA7WPKD68245,phone,Apple iPhone 13 256GB Fully Unlocked Verizon T-Mobile AT&T 5G (2021) - Midnight - Good Condition,0.0,0,False,IPH13256BKCP65,279.97,Apple,True
9SIA4DMKK30461,phone,Apple iPhone 11 64GB Fully Unlocked - Black (Grade A),0.0,0,False,A2111_64GB_BLACK,192.06,Apple,True
9SIA7WPKC56703,phone,Apple iPhone XR 128GB Fully Unlocked Verizon T-Mobile AT&T 4G LTE (2018) - White - Excellent Condition,0.0,0,False,IPHXR128WHAB75,204.97,Apple,True
9SIA24GKDX8434,phone,"SAMSUNG Galaxy Z Fold 6 AI Cell Phone, 512GB Unlocked Android Smartphone, Circle to Search, Handsfree Live Interpreter, AI Photo Edits, Large Screen, 2024",0.0,0,False,SM-F956UZSEXAA,2008.78,SAMSUNG,False
9SIAAM8KCR9631,phone,"BLU G64L G0990WW 128GB Dual-SIM GSM Unlocked, Light Blue",0.0,0,False,PBN201751,109.99,BLU,False
9SIBEDFJ474012,phone,Samsung Galaxy S21 - 5G - 128 GB - GSM CDMA Factory Unlocked - Phantom Gray  - Great Condition - 90 Day Warranty,0.0,0,False,SM-G991UZAAXAARB,149.99,SAMSUNG,True
9SIA7WPKC46608,phone,Apple iPhone XR 128GB Fully Unlocked Verizon T-Mobile AT&T 4G LTE (2018) - White - Very Good Condition,0.0,0,False,IPHXR128WHAB65,204.97,Apple,True
9SIBYRBKJG8321,phone,Google  Pixel 8 (5G) - 128GB - Obsidian - Fully Unlocked - Excellent (Grade A),0.0,0,False,8F8998A6A477AAZ,285.0,Google,True
9SIBZU3KF13035,phone,"Samsung Galaxy A36 5G AI, 256GB 8GB RAM, Android Smartphone, Latin Version, Dual Sim, Unlocked, New  (International Version) - Awesome Lavender",0.0,0,False,SM -A366E/DS,298.9,SAMSUNG,False
9SIA7WPKDF5258,phone,Apple iPhone 12 64GB Fully Unlocked Verizon T-Mobile AT&T 5G (2020) - Blue - Very Good Condition,0.0,0,False,IPH1264BLAB65,199.97,Apple,True
9SIBZPDKF20557,phone,Apple iPhone 6s Plus 64GB Verizon + Network Unlocked 4G LTE Smartphone - Space Gray,0.0,0,False,iPhone 6sp/64GB Black,60.99,Apple,True
75-827-041,phone,"Apple iPhone 13 5G 128GB, Pre-Owned Fully Unlocked Cell Phone, Midnight - Excellent Condition",5.0,2,False,MLA23LL/A_128,359.99,Apple,True
9SIA7WPKDF5266,phone,Apple iPhone 12 64GB Fully Unlocked Verizon T-Mobile AT&T 5G (2020) - Blue - Excellent Condition,0.0,0,False,IPH1264BLAB75,199.97,Apple,True
9SIA8EHE8W8957,phone,"Original Samsung Galaxy S8 G950U 4G LTE Unlocked Phone  12 MP Camera 5.8"" Midnight Black 64GB Android Octa-core",0.0,0,False,S8 G950U Black,219.98,Samsung Canada,True
9SIAE4WKG52293,phone,Apple iPhone 16e - 128GB - Black - Fully Unlocked - Grade B+,0.0,0,False,A.i16e.U.128.BK.8,411.99,Apple,True
9SIBYRBKFS8373,phone,Samsung Galaxy S24 Ultra - 256GB - Titanium Violet - Single Sim - Fully Unlocked - Premium,0.0,0,False,B40FBD09D651E9Z,590.0,SAMSUNG,True
9SIBYRBKFS8460,phone,Samsung Galaxy S22 (5G) - 128GB - Phantom Black - Single Sim - Fully Unlocked - Excellent (Grade A),0.0,0,False,6BE059DE086F1EZ,168.99,SAMSUNG,True
75-827-123,phone,"Apple iPhone 16 PRO MAX 512GB, Refurbished Unlocked Cell Phone, White Titanium - Very Good Condition (Grade B)",0.0,0,False,PAB100930,1249.99,Apple,True
9SIA5AFADZ0012,phone,"Samsung Galaxy S10+ 4G LTE Unlocked Cell Phone 6.4"" Infinity-O Display Prism White 128GB 8GB RAM, Canada Warranty",0.0,0,False,SM-G975WZWAXAC,419.97,SAMSUNG,False
75-827-121,phone,"Apple iPhone 16 PRO MAX 512GB, Refurbished Unlocked Cell Phone, Natural Titanium - Very Good Condition (Grade B)",0.0,0,False,PAB100928,1199.99,Apple,True
9SIBEDFK5D9286,phone,Samsung Galaxy S21 5G 128GB Fully Unlocked Phantom Gray Very Good - Grade B,4.0,3,False,SM-G991U00,149.99,SAMSUNG,True
9SIBYRBKJK8494,phone,Samsung Galaxy S23 FE - 128GB - Graphite - Single Sim - GSM Unlocked - Excellent (Grade A),0.0,0,False,92C993D8BBBEB3Z,185.0,SAMSUNG,True
9SIA8EHE8W8375,phone,"Samsung Galaxy S10e 4G LTE Unlocked Cell Phone 5.8"" Infinity Display Prism Blue 6GB RAM",5.0,1,False,SM-G970UZBAXAA,369.98,SAMSUNG,False
9SIA8EHE8W8461,phone,"Samsung Galaxy S10e 4G LTE Unlocked Cell Phone 5.8"" Infinity Display Prism White 6GB RAM",0.0,0,False,SM-G970UZWAXAA,319.98,SAMSUNG,False
75-113-897,phone,"Apple iPhone 11 64GB, Refurbished Unlocked Cell Phone, Black - Good Condition (Grade C)",0.0,0,False,MWKM2LL/A-BL-C,169.99,Apple,True
9SIAGREKGP4788,phone,Motorola Moto G35 Dual-SIM 128GB ROM + 4GB RAM (GSM Only | No CDMA) Factory Unlocked 5G Smartphone (Midnight Black) - International Version,0.0,0,False,Moto G35 128 4 BK,174.99,Motorola,False
9SIBZ5CKFS9344,phone,"Bigme HiBreak Pro 6.13"" Epaper Cell Phone with Android 14 OS - 8GB RAM, 256GB Storage, 5G Dual SIM, GPS, and Dual Cameras for Enhanced Productivity and Connectivity",0.0,0,False,HiBreak Pro-used,330.99,Bigme,True
9SIBYRBKFS8155,phone,Samsung Galaxy S23+ - 256GB - Phantom Black - Single Sim - Fully Unlocked - Excellent (Grade A),0.0,0,False,B43130044BFD41Z,299.99,SAMSUNG,True
9SIBYRBKJN0088,phone,Motorola  Razr+ (2024) (5G) - 256GB - Midnight Blue - Fully Unlocked - Excellent (Grade A),0.0,0,False,98642B597BF0ABZ,300.0,Motorola,True
9SIBEDFK4V8217,phone,Apple iPhone 12 Mini 128GB Fully Unlocked Black - Grade B,0.0,0,False,MG8L3LL/A00,164.99,Apple,True
9SIA547K7S8729,phone,"SAMSUNG Galaxy S22 Ultra Smartphone, Factory Unlocked Android Cell Phone, 512GB, 8K Camera & Video, Brightest Display, S Pen, Long Battery Life, Fast 4nm Processor, US Version, Phantom Black",0.0,0,False,SM-S908UZKFXAA,479.99,SAMSUNG,False
9SIBYRBKJF8092,phone,Google  Pixel 8 Pro (5G) - 128GB - Obsidian - Fully Unlocked - Excellent (Grade A),0.0,0,False,294F0F9D1F8646Z,413.09,Google,True
9SIA547KHM7807,phone,Samsung Galaxy S23 Plus 5G (SM-S916B/DS) Dual SIM 256GB ROM 8GB RAM GSM Unlocked Smartphone Mobile Cell Phone International Version - Black,0.0,0,False,S23Plus1,475.0,SAMSUNG,False
9SIA547KMM2901,phone,"Google Pixel 6a - 5G Android Phone - Unlocked Smartphone with 12 Megapixel Camera and 24-Hour Battery - Chalk
Smart Phone Cell",0.0,0,False,810029934947,219.99,Google,False
9SIABPXKKY4461,phone,Samsung Galaxy A36 5G 256GB SM-A366E/DS Global Unlocked 6.7 inch 8GB RAM Smartphone-Awesome Lavender / Violet - New,0.0,0,False,SM-A366E/DS VIOLT,305.95,SAMSUNG,False
9SIBYRBKJG8472,phone,Google  Pixel 6a - 128GB - Charcoal - Verizon Locked - Good (Grade B),0.0,0,False,768EA5224868E0Z,98.0,Google,True
9SIA547K7S8727,phone,Samsung Galaxy S22 Ultra Dual-SIM + eSIM 256GB ROM + 12GB RAM (GSM | CDMA) Factory Unlocked 5G SmartPhone (Phantom Black) - International Version,0.0,0,False,Galaxy S22 U 256 BK,435.0,SAMSUNG,False
9SIA8X5K290676,phone,Samsung Galaxy Note 20 5G Factory Unlocked Android Cell Phone | US Version | 128GB of Storage | Mobile Gaming Smartphone | Long-Lasting Battery | Mystic Bronze,5.0,5,False,SM-N981UZNAXAA,359.99,SAMSUNG,False
9SIAH1UJWW4869,phone,"Samsung Galaxy S22 5G S901U 128GB GSM/CDMA Unlocked, USA Version, Phantom Black - Very Good Condition",4.8,9,False,SM-S901U-128GB-PBLK-B,229.0,SAMSUNG,True
9SIABPXKKX3873,phone,Samsung Galaxy A26 5G SM-A266M/DS 256GB Global Unlocked  6.7 inch 8GB RAM Smartphone - Black - New,0.0,0,False,SM-A266M/DS N,228.95,SAMSUNG,False
9SIAGREKFH7745,phone,Samsung Galaxy A16 Dual-SIM 128GB ROM + 4GB RAM (GSM Only | No CDMA) Factory Unlocked 4G/LTE Smartphone (Gray) - International Version,0.0,0,False,Galaxy A16 4G 128 4 GR,134.99,SAMSUNG,False
9SIA8X5K525095,phone,"SAMSUNG Galaxy S24+ Plus Cell Phone, 512GB AI Smartphone, Unlocked Android, 50MP Camera, Fastest Processor, Long Battery Life, US Version, 2024, Marble Gray",0.0,0,False,SM-S926UZAEXAA,922.99,SAMSUNG,False
9SIBYRBKGG6668,phone,Apple iPhone 12 Pro - 128GB - Pacific Blue - Fully Unlocked - Excellent (Grade A),0.0,0,False,48AD9A9ECB9E2CZ,275.0,Apple,True
9SIBEDFK4F3553,phone,Apple iPhone 14 PRO 128GB Fully Unlocked Space Black - Grade B,0.0,0,False,MPXT3LL/A00,374.99,Apple,True
9SIAH1UKP68442,phone,Google Pixel 10 Pro XL 256GB (Unlocked) Gray | Very Good,0.0,0,False,Google Pixel 10 Pro XL 256GB,955.0,Google,True
9SIAAM8KCR9699,phone,"Nokia 2780 Flip TA-1420 GSM / Verizon Unlocked, Black",0.0,0,False,PNN100385,89.99,Nokia,False
9SIA547KEZ9382,phone,Samsung Galaxy S23 STANDARD EDITION Dual-SIM 128GB ROM + 8GB RAM (Only GSM | No CDMA) Factory Unlocked 5G Smartphone (Phantom Black) - International Version,0.0,0,False,Galaxy S23 PBK,449.0,SAMSUNG,False
9SIBYRBKFV1265,phone,Apple iPhone 13 Pro Max - 128GB - Graphite - Fully Unlocked - Excellent (Grade A),0.0,0,False,09D678FC795A8DZ,429.0,Apple,True
9SIAH1UKKE5788,phone,Samsung Galaxy A25 5G SM-A256U 128GB 6GB RAM GSM Unlocked Blue Black - VERY GOOD,5.0,1,False,SM-A256EZKDGTO,129.0,SAMSUNG,True
9SIAEE0KFB3360,phone,Apple iPhone 12 Mini 128GB Fully Unlocked - Black (Grade A),0.0,0,False,IPHONE.12.MINI-128GB-BLACK-U-NE,219.99,Apple,True
9SIA8X5HUU7689,phone,"Samsung Galaxy S22+ SM-S906UZKAXAA 5G Unlocked Cell Phone 6.6"" Full Rectangle / 6.4"" Rounded Corners Phantom Black 8GB RAM",4.0,1,False,SM-S906UZKAXAA,393.0,SAMSUNG,False
75-113-978,phone,"Apple iPhone 14 PRO 128GB, Unlocked Refurbished Cell Phone, Black - Very Good Condition (Grade B)",0.0,0,False,MPXT3LL/A,591.99,Apple,True
9SIBYRBKJD3913,phone,Motorola  Edge (2021) - 256GB - Nebula Blue - 5G - Fully Unlocked - Excellent (Grade A),0.0,0,False,B9FFECAE6A3CECZ,212.09,Motorola,True
9SIBEDFK4A4555,phone,Apple iPhone SE Gen 3 (2022) 128GB Fully Unlocked Midnight - Grade A,0.0,0,False,MMX83LL/A0,204.99,Apple,True
9SIBEDFK3T9559,phone,Apple iPhone 13 Mini 128GB Fully Unlocked Blue - Grade A,0.0,0,False,MLHR3LL/A0,264.99,Apple,True
9SIA547KKM5033,phone,Samsung Galaxy S21 5G 128GB/8GB SM-G991B/DS Dual SIM Factory Unlocked 6.2 in Dynamic AMOLED Display Triple Camera Smartphone - Phantom Gray - International Version,0.0,0,False,Samsung Galaxy S21 5G,275.0,SAMSUNG,False
75-827-096,phone,"Apple iPhone 16 PRO 128GB, Refurbished Unlocked Cell Phone, White Titanium - Very Good Condition (Grade B)",0.0,0,False,PAB100914,882.99,Apple,True
9SIBEDFK746258,phone,Apple iPhone 15 256GB Fully Unlocked Black - Refurbished Very Good,0.0,0,False,MTM43LL/A011,474.99,Apple,True
9SIA547KKB2040,phone,"Samsung Galaxy S21 Ultra 5G Unlocked Cell Phone 6.8"" 256GB 12GB RAM",4.3,25,False,S21 Ultra 256GB SM-S,335.0,SAMSUNG,False
9SIA8EHE8W8385,phone,Samsung Galaxy Note 9 Ocean Blue Cell Phone,0.0,0,False,SM-N960WZBAXAC,399.98,SAMSUNG,False
75-113-975,phone,"Apple iPhone 12 Pro 256GB, Refurbished Unlocked Cell Phone, Pacific Blue - Very Good Condition (Grade B)",0.0,0,False,IPH-12P-256-BLE-B,428.99,Apple,True
9SIA8EHE8W8367,phone,"Samsung Galaxy S10 4G LTE Unlocked Cell Phone 6.1"" Infinity Display Prism White 8GB RAM",5.0,1,False,SM-G973UZWAXAA,389.98,SAMSUNG,False
9SIBYRBKFS8358,phone,Samsung Galaxy S23 - 128GB - Green - Single Sim - Fully Unlocked - Excellent (Grade A),0.0,0,False,296CB251FA2618Z,290.66,SAMSUNG,True
9SIA547KN72260,phone,Google Pixel 7 Pro Dual-SIM 256GB ROM + 12GB RAM (GSM Only | No CDMA) Factory Unlocked 5G Smartphone (Obsidian) - International Version,0.0,0,False,Pixel 7 Pro,425.0,Google,False
9SIBYRBKG07496,phone,Apple iPhone 15 Pro - 128GB - Blue Titanium - Fully Unlocked - Good (Grade B),5.0,1,False,99572E9D405C27Z,635.0,Apple,True
9SIA8X5DNA9729,phone,Google Pixel 3 64GB Unlocked GSM & CDMA 4G LTE Android Phone w/ 12.2MP Rear & Dual 8MP Front Camera - Not Pink,0.0,0,False,GA00459-US,294.99,Google,False
9SIBYRBKFS8148,phone,Apple iPhone 15 Pro - 256GB - Blue Titanium - Fully Unlocked - Excellent (Grade A),0.0,0,False,3A7F16317A2BF9Z,553.42,Apple,True
9SIBYRBKFS8829,phone,Samsung Galaxy S22+ (5G) - 128GB - Phantom Black - Single Sim - Fully Unlocked - Excellent (Grade A),0.0,0,False,61EDBE5E48088EZ,222.0,SAMSUNG,True
9SIBEDFK2N3586,phone,Apple iPhone 13 128GB Unlocked Smartphone - Midnight MLML3LL/A - GRADE C,4.5,2,False,MLML3LL/A - GRADE C,249.99,Apple,True
9SIBYRBKK71658,phone,Motorola  Moto G (2024) - 128GB - Sage Green - 4GB RAM - Fully Unlocked - Excellent (Grade A),0.0,0,False,C803E6640B76CAZ,110.24,Motorola,True
75-827-068,phone,"Apple iPhone 15 128GB, Refurbished Unlocked Cell Phone, Blue - Very Good Condition (Grade B)",0.0,0,False,PAB100809,549.0,Apple,True
75-827-100,phone,"Apple iPhone 16 PRO 512GB, Refurbished Unlocked Cell Phone, Natural Titanium - Very Good Condition (Grade B)",0.0,0,False,PAB100920,1076.99,Apple,True
9SIBYRBKFS8582,phone,Apple iPhone 14 Pro Max - 1TB - Space Black - Fully Unlocked - Excellent (Grade A),0.0,0,False,ACA7EE8CE85C95Z,622.15,Apple,True
9SIBYRBKJG7381,phone,Google  Pixel 7a - 128GB - Charcoal - Fully Unlocked - Excellent (Grade A),0.0,0,False,8A5B7C5AE8DD86Z,195.0,Google,True
9SIA8EHE8W8379,phone,"Samsung Galaxy S10e 4G LTE Unlocked Cell Phone 5.8"" Infinity-O Display Prism Black 128GB 6GB RAM, Canada Warranty",0.0,0,False,SM-G970WZKAXAC,369.98,SAMSUNG,False
9SIAH1UK3H0003,phone,"SAMSUNG Galaxy S23 Ultra Cell Phone, Factory Unlocked Android Smartphone, 512GB Storage, 200MP Camera, Night Mode, Long Battery Life, S Pen, US Version - Phantom Black",0.0,0,False,SM-S918,549.0,SAMSUNG,True
75-113-947,phone,"Apple iPhone 14 PRO 128GB, Unlocked Refurbished Cell Phone, Silver - Very Good Condition (Grade B)",0.0,0,False,PAB100673,599.0,Apple,True
9SIBYRBKGM8759,phone,Apple iPhone 16e - 128GB - White - Fully Unlocked - Excellent (Grade A),0.0,0,False,3747EE27949EFFZ,475.0,Apple,True
9SIA24GK8W4348,phone,"SAMSUNG Galaxy S24 Cell Phone, 128GB AI Smartphone, Unlocked Android, 50MP Camera, Fastest Processor, Long Battery Life, US Version, 2024, Onyx Black",0.0,0,False,SM-S921UZKAXAA,635.24,SAMSUNG,False
9SIAE4WKJC5334,phone,Apple iPhone 16e - 128GB - Black - Fully Unlocked - Premium,0.0,0,False,3E4EB241F34DDFZ,416.99,Apple,True
9SIBEDFK4J8293,phone,Apple iPhone 13 256GB Fully Unlocked Very Good Green - Grade A-,0.0,0,False,MNGE3LL/A00,294.99,Apple,True
9SIBZ5CKEH4628,phone,Bigme HiBreak Smartphone E-Ink Screen 6G+128GB Android 11 with 36-Level Front Light and 3300mAh Battery Black and White,0.0,0,False,Hibreak-BW-used,179.0,Bigme,True
9SIA8X5KCW8705,phone,"SAMSUNG Galaxy S24 FE AI Phone, 128GB Unlocked Android Smartphone, High-Res 50MP Camera, Long Battery Life, Brighter Display Screen, US Version, 2024 Cell Phone",0.0,0,False,SM-S721UZKAXAA,644.99,SAMSUNG,False
9SIBEDFK743652,phone,Apple iPhone 15 128GB Fully Unlocked Black - Refurbished Very Good,4.5,2,False,MTLV3LL/A010,424.99,Apple,True
75-113-468,phone,"Apple iPhone XR 4G LTE Unlocked GSM Phone w/ 12 MP Camera 6.1"" Red 3GB RAM",3.8,6,False,XR-64GB-RED-U,179.0,Apple,True
75-827-119,phone,"Apple iPhone 16 PRO MAX 256GB, Refurbished Unlocked Cell Phone, Desert Titanium - Very Good Condition (Grade B)",0.0,0,False,PAB100925,1089.99,Apple,True
9SIBYRBKFS8398,phone,Samsung Galaxy S22 Ultra (5G) - 256GB - Green - Single Sim - Fully Unlocked - Excellent (Grade A),0.0,0,False,E7D75920E01DF7Z,314.99,SAMSUNG,True
9SIBYRBKFS8590,phone,Samsung Galaxy S23 - 128GB - Phantom Black - Single Sim - Fully Unlocked - Acceptable (Grade C),0.0,0,False,5F36D9B364AB80Z,289.0,SAMSUNG,True
9SIBK5WKE06269,phone,TIQ MINI M5 4G phone 3GB Ram + 32GB Rom smartphone  Touch ScreenPhone Wifi 4G+2.8 Inch Add Google Store Android,0.0,0,False,M5,140.0,TIQ mini Q5,True
9SIAGREKK61924,phone,Samsung Galaxy A56 5G A566B Dual SIM 256GB ROM 12GB RAM GSM Unlocked - Gray,0.0,0,False,,369.99,SAMSUNG,False
9SIBYRBKJD4176,phone,Google  Pixel 4a (5G) - 128GB - Just Black - Fully Unlocked - Excellent (Grade A),0.0,0,False,767CD8CBED02F6Z,140.39,Google,True
9SIA8EHE8W8364,phone,"Samsung Galaxy S10 4G LTE Unlocked Cell Phone 6.1"" Infinity-O Display Prism White 128GB 8GB RAM, Canada Warranty",0.0,0,False,SM-G973WZWAXAC,389.98,SAMSUNG,False
9SIBYRBKFS8165,phone,Apple iPhone 13 - 128GB - Midnight - Fully Unlocked - Excellent (Grade A),0.0,0,False,398CAE6918AE94Z,287.44,Apple,True
9SIAGREKHK7466,phone,SAMSUNG Galaxy A36 5G 256GB Dual SIM International Model  Brand New Black,0.0,0,False,SamsungA365GBlack256GBBNDS,284.99,SAMSUNG,False
9SIBYRBKJK9703,phone,Apple iPhone 12 128GB Fully Unlocked - Black (Grade A),0.0,0,False,IPHONE.12-128GB-BLACK-U-NE,234.0,Apple,True
9SIA8EHE8W8386,phone,"Samsung Galaxy S10 4G LTE Unlocked Cell Phone 6.1"" Infinity-O Display Prism Black 128GB 8GB RAM, Canada Warranty",0.0,0,False,SM-G973WZKAXAC,389.98,SAMSUNG,False
9SIBYRBKFS9222,phone,Apple iPhone SE (2022) - 64GB - Midnight - Fully Unlocked - Excellent (Grade A),0.0,0,False,482378A3B69E3FZ,139.0,Apple,True
9SIBYRBKJG6710,phone,Samsung Galaxy S20 FE - 128GB - Cloud Navy - 5G - Single Sim - 6GB RAM - Fully Unlocked - Excellent (Grade A),0.0,0,False,904C84682A9D5EZ,140.0,SAMSUNG,True
9SIBYRBKJG6683,phone,Google  Pixel 6a - 128GB - Charcoal - Fully Unlocked - Excellent (Grade A),5.0,1,False,54555EBB9B0547Z,161.59,Google,True
75-168-145,phone,REFURB B SAM S20 ULTRA 5G G988U 128GB GSM/CDMA PHONE GRAY B,0.0,0,False,SM-G988U-128GB-CGREY-B,340.99,SAMSUNG,False
9SIA8X5KDV1395,phone,"SAMSUNG Galaxy S25 Ultra Cell Phone, 512GB, AI Smartphone, Unlocked Android, AI Camera, Fast Processor, Long Battery Life, 2025, Titanium Silverblue",0.0,0,False,SM-S938UZBEXAA,1269.99,SAMSUNG,False
75-113-469,phone,"Apple iPhone XR 4G LTE Unlocked GSM Phone w/ 12 MP Camera 6.1"" White 3GB RAM",0.0,0,False,XR-64GB-WHT-U,179.0,Apple,True
9SIBYRBKJG6055,phone,Google  Pixel 8 (5G) - 128GB - Hazel - Fully Unlocked - Excellent (Grade A),0.0,0,False,E27CD212AB29C6Z,285.0,Google,True
9SIA24GKDX8434,phone,"SAMSUNG Galaxy Z Fold 6 AI Cell Phone, 512GB Unlocked Android Smartphone, Circle to Search, Handsfree Live Interpreter, AI Photo Edits, Large Screen, 2024",0.0,0,False,SM-F956UZSEXAA,2008.78,SAMSUNG,False
9SIA8X5K9X2434,phone,"Google Pixel 8a - Unlocked Android Phone with Google AI, Advanced Pixel Camera and 24-Hour Battery - Obsidian - 128 GB",0.0,0,False,840244707873,635.99,Google,False
9SIA547JRP2463,phone,"Google Pixel 5a 5G, 6.34"" OLED Display,128GB + 6GB RAM, 12MP Dual Camera, Qualcomm® Snapdragon 765G, Factory Unlocked (GSM Only | No CDMA ) International Version",2.0,2,False,Pixel 5a 128GB Mostly Black,325.0,Google,False
9SIA8X5KBR6806,phone,"SAMSUNG Galaxy Z Fold 6 AI Cell Phone, 512GB Unlocked Android Smartphone, Circle to Search, Handsfree Live Interpreter, AI Photo Edits, Large Screen, 2024 Pink",0.0,0,False,SM-F956ULIEXAA,2023.99,SAMSUNG,False
9SIAGREJ355091,phone,"Xiaomi Redmi Note 9 Pro 128GB + 6GB RAM, 6.67"" FHD+ DotDisplay, 64MP AI Quad Camera, Qualcomm Snapdragon 720G LTE Factory Unlocked Smartphone, International Version - No Warranty",0.0,0,False,Note 9 Pro Grey,269.99,Mi-Zone,False
9SIBYRBKK71317,phone,Samsung Galaxy S21+ (5G) - 128GB - Phantom Black - Single Sim - GSM Unlocked - Excellent (Grade A),0.0,0,False,F679EE785CDF4EZ,146.0,SAMSUNG,True
75-113-991,phone,"Apple iPhone 15 PRO 256GB, Refurbished Unlocked Cell Phone, Blue Titanium - Very Good Condition (Grade B)",0.0,0,False,PAB100834,785.99,Apple,True
9SIAH1UKDA9314,phone,Samsung Galaxy A03s - 32GB - Verizon Unlocked - Black - Great Condition - 90 Day Warranty,0.0,0,False,SM-A037URB,79.0,SAMSUNG,True
9SIA8X5J643045,phone,"SAMSUNG Galaxy S22 Ultra Smartphone, Factory Unlocked Android Cell Phone, 128GB, 8K Camera & Video, Brightest Display, S Pen, Long Battery Life, Fast 4nm Processor, US Version, Green",5.0,1,False,SM-S908UZGAXAA,708.99,SAMSUNG,False
75-113-990,phone,"Apple iPhone 13 Mini 128 GB, Unlocked Refurbished Cell Phone, Midnight - Very Good Condition (Grade B)",0.0,0,False,PAB100728,349.99,Apple,True
75-113-999,phone,"Apple iPhone 15 PRO MAX 256GB, Refurbished Unlocked Cell Phone, Black Titanium - Very Good Condition (Grade B)",0.0,0,False,PAB100836,882.99,Apple,True
9SIBEDFK4G1153,phone,Apple iPhone 14 Plus 128GB Fully Unlocked Midnight Very Good - Grade A-,2.7,3,False,MQ3R3LL/A0,319.99,Apple,True
75-113-995,phone,"Apple iPhone 15 PRO MAX 512GB, Refurbished Unlocked Cell Phone, White Titanium - Very Good Condition (Grade B)",0.0,0,False,PAB100841,931.99,Apple,True
9SIBYRBKJB7658,phone,Apple iPhone 15 Pro Max - 512GB - Blue Titanium - Verizon Locked - Excellent (Grade A),0.0,0,False,55458B2285CF50Z,732.82,Apple,True
9SIBYRBKJH6163,phone,Apple iPhone SE (2020) - 64GB - White - Fully Unlocked - Excellent (Grade A),0.0,0,False,A79B8096CD034AZ,142.0,Apple,True
9SIA8X5JHS3661,phone,Google Pixel 6  5G Android Phone - Unlocked Smartphone with Wide and Ultrawide Lens - 256GB - Stormy Black Smart Phone Cell,0.0,0,False,GA03900-US,502.99,Google,False
9SIA5AFJF53604,phone,"Samsung Galaxy A51 5G Factory Unlocked Android Cell Phone | US Version | 128GB Storage | Long-Lasting Battery for Gaming, 6.5"" Infinity Display, Quad Camera | Black",0.0,0,False,SM-A516UZKAXAA,319.97,SAMSUNG,False
9SIBYRBKFS8466,phone,Apple iPhone 13 - 128GB - Pink - Fully Unlocked - Excellent (Grade A),0.0,0,False,793863D9ED88D9Z,310.0,Apple,True
9SIABVCKJV4747,phone,Apple iPhone SE Gen 3 (2022) 256GB Fully Unlocked Red - Grade A,0.0,0,False,MMXE3LL/A0,281.99,Apple,True
9SIAGREKFB2847,phone,SAMSUNG Galaxy S25 Ultra 5G S938B 512GB ROM 12GB RAM Dual SIM GSM Unlocked - White silver,0.0,0,False,SM-S938B-5G-12-512-WHSL,1039.99,SAMSUNG,False
9SIA5AFJPC3326,phone,"SAMSUNG Galaxy Z Fold 4 Cell Phone, Factory Unlocked Android Smartphone, 512GB, Flex Mode, Hands Free Video, Multi Window View, Foldable Display, S Pen Compatible, US Version, Phantom Black",0.0,0,False,SM-F936UZKEXAA,1049.97,SAMSUNG,False
9SIA8X5JZ95036,phone,"SAMSUNG Galaxy Z Fold 5 Cell Phone, Factory Unlocked Android Smartphone, 256GB, Big 7.6 Screen for Streaming, Gaming, Dual App View, One-Hand Control, Hands-Free Use, US Version, 2023, Icy Blue",0.0,0,False,SM-F946ULBAXAA,1701.99,SAMSUNG,False
9SIBEDFJ474012,phone,Samsung Galaxy S21 - 5G - 128 GB - GSM CDMA Factory Unlocked - Phantom Gray  - Great Condition - 90 Day Warranty,0.0,0,False,SM-G991UZAAXAARB,149.99,SAMSUNG,True
9SIAS2VHGR5216,phone,Xiaomi Redmi Note 11 Pro Plus 6.67-inch 2400x1080P AMOLED Display 5G Smartphone 8GB 256GB 4500mAh Battery Android 11-Green,5.0,1,False,0704076910620,585.86,Mi,False
9SIBYRBKJG8317,phone,Google  Pixel 7 - 128GB - Lemongrass - Fully Unlocked - Excellent (Grade A),0.0,0,False,A189B8AB367DD8Z,237.35,Google,True
9SIBYRBKJG8312,phone,Samsung Galaxy S21 - 128GB - Phantom Gray - 5G - Single Sim - Fully Unlocked - Excellent (Grade A),0.0,0,False,C01E1EAF4E93F8Z,159.0,SAMSUNG,True
75-827-003,phone,"Apple iPhone 15 PRO 128GB, Refurbished Unlocked Cell Phone, Blue Titanium - Very Good Condition (Grade B)",0.0,0,False,PAB100830,737.99,Apple,True
9SIAEE0KFR8026,phone,Apple iPhone 15 Pro 128GB Fully Unlocked - Black Titanium (Grade A),0.0,0,False,IPHONE.15.PRO-128GB-BLACK-U-NE,644.99,Apple,True
9SIA8X5JZ95039,phone,"SAMSUNG Galaxy Z Fold 5 Cell Phone, Factory Unlocked Android Smartphone, 256GB , Big 7.6 Screen for Streaming, Gaming, Dual App View, One-Hand Control, Hands-Free Use, US Version, 2023,Phantom Black",0.0,0,False,SM-F946UZKAXAA,1337.99,SAMSUNG,False
9SIBYRBKJG7450,phone,Samsung Galaxy Note 20 - 128GB - Mystic Grey - 5G - Single Sim - Fully Unlocked - Excellent (Grade A),0.0,0,False,3B11CCDAFCD658Z,185.0,SAMSUNG,True
9SIAAM8KCR9504,phone,"Apple iPhone 13 128GB, Refurbished Unlocked Cell Phone, Starlight - Very Good Condition (Grade B)",0.0,0,False,PAB100755,479.99,Apple,True
75-113-916,phone,"Apple iPhone 12 128GB, Refurbished Unlocked Cell Phone, Black - Very Good Condition (Grade B)",0.0,0,False,IPH-12-128-BLK-B,329.9,Apple,True
9SIBYRBKJE4047,phone,OnePlus  Nord N200 (5G) - 64GB - Blue Quantum - Fully Unlocked - Excellent (Grade A),0.0,0,False,6ACB0BCFE05148Z,125.0,OnePlus,True
9SIBYRBKMA1608,phone,Apple iPhone 16e - 512GB - White - GSM Unlocked - Excellent (Grade A),0.0,0,False,FEB384A3EB3110Z,635.99,Apple,True
9SIAH1UKG85874,phone,Samsung - Galaxy A16 - 128GB - GSM CDMA Factory Unlocked - Blue Black - Good Condition - 90 Day Warranty,4.0,1,False,SM-A166UZKAXAAUN,135.0,SAMSUNG,True
9SIB2U6JNP4039,phone,"VERTU METAVERTU Carbon Fiber 5G Phone, Secure Encrypted Unlocked Smartphone with Vshot NFT 64MP Camera Dual Nano-Sim Luxury os & Web3.0 os 12G RAM + 512G ROM + 10T IPFS Storage Glossy",0.0,0,False,META-TX-001-V1U1,3600.0,VERTU,False
9SIBEDFK3T8334,phone,Apple iPhone 13 256GB Fully Unlocked Green - Grade A,0.0,0,False,MNGE3LL/A0,329.99,Apple,True
9SIBYRBKJM1138,phone,Samsung Galaxy A16 (5G) - 128GB - Black - Single Sim - 4GB RAM - Fully Unlocked - Excellent (Grade A),0.0,0,False,F7C938F8FE3FFEZ,120.0,SAMSUNG,True
9SIBYS6KE98610,phone,Apple iPhone 12 Mini A2176 (Fully Unlocked) 128GB Blue (Grade A),0.0,0,False,APPL_IPH12MINI_UNL_128_BLUE_A,197.69,Apple,True
9SIBYRBKKB2161,phone,Motorola  Razr (2024) - 256GB - Koala Grey - 8GB RAM - Fully Unlocked - Excellent (Grade A),0.0,0,False,2D29E774789B4CZ,324.99,Motorola,True
75-827-009,phone,"Apple iPhone 15 PRO MAX 256GB, Refurbished Unlocked Cell Phone, Blue Titanium - Very Good Condition (Grade B)",0.0,0,False,PAB100838,882.99,Apple,True
75-827-121,phone,"Apple iPhone 16 PRO MAX 512GB, Refurbished Unlocked Cell Phone, Natural Titanium - Very Good Condition (Grade B)",0.0,0,False,PAB100928,1199.99,Apple,True
9SIBYRBKJH6254,phone,Apple iPhone SE (2020) - 64GB - Black - Fully Unlocked - Excellent (Grade A),0.0,0,False,3F2C3AFCA21215Z,125.0,Apple,True
9SIA5AFK0P9516,phone,"Samsung Galaxy S22 SM-S901UIDAXAA 5G Unlocked Cell Phone 6.1"" Pink 8GB RAM",4.5,2,False,SM-S901UIDAXAA,619.97,SAMSUNG,False
9SIAGREEWJ5631,phone,"Xiaomi Mi 11i 5G, 6.67“ AMOLED FHD+ DotDisplay, 256GB + 8GB RAM, Qualcomm®? Snapdragon™ 888 Processor, 108MP Triple Camera, Factory Unlocked Smartphone, Global Version",0.0,0,False,Mi 11i 5G 256GB/8GB Cosmic Black,575.99,Mi,False
9SIADS6KCG8138,phone,Samsung Galaxy S22 5G 128GB Fully Unlocked Phantom Black - Grade B,0.0,0,False,SM-G901U0000,279.99,SAMSUNG,True
9SIA8EHE8W8689,phone,"Samsung Galaxy S20 FE 5G | Factory Unlocked Android Cell Phone | 128 GB | US Version Smartphone | Pro-Grade Camera, 30X Space Zoom, Night Mode | Cloud White",4.5,19,False,SM-G781UZWMXAA,599.98,SAMSUNG,False
9SIA5AFK210312,phone,Samsung Galaxy S23 STANDARD EDITION Dual-SIM 128GB ROM + 8GB RAM (Only GSM | No CDMA) Factory Unlocked 5G Smartphone (Green) - International Version,0.0,0,False,Galaxy S23 GRN,749.97,SAMSUNG,False
75-827-007,phone,"Apple iPhone 15 PRO 256GB, Refurbished Unlocked Cell Phone, Natural Titanium - Very Good Condition (Grade B)",0.0,0,False,PAB100835,785.99,Apple,True
9SIAGREKGM9848,phone,"Xiaomi Redmi Note 9S, 6.67"" Display, 128GB + 6GB RAM, 48MP Camera, 18W Fast Charge, 5020mAh Battery, Dual SIM GSM Unlocked 4G LTE, International Model - Interstellar Gray",0.0,0,False,Note 9S 128GB Gray,219.99,Mi-Zone,False
75-827-005,phone,"Apple iPhone 15 PRO MAX 256GB, Refurbished Unlocked Cell Phone, White Titanium - Very Good Condition (Grade B)",0.0,0,False,PAB100837,882.99,Apple,True
9SIBZU3KF17660,phone,"SAMSUNG Galaxy S25 Ultra Cell Phone, 512GB, 12GB AI Smartphone, Unlocked Android, Dual Sim, New (International Version) - Titanium Silverblue",0.0,0,False,SM -S938B/DS,1197.0,SAMSUNG,False
75-113-566,phone,"Apple iPhone XR 4G LTE Fully Unlocked (Verizon + Sprint + GSM Unlocked) 6.1"" Blue 3GB RAM",5.0,1,False,XR-64GB-BLE-FU,204.99,Apple,True
9SIBEDFK782678,phone,Samsung Galaxy S23 128GB Fully Unlocked Green - Refurbished Good,0.0,0,False,SM-G911U003,209.99,SAMSUNG,True
9SIADS6KFK3054,phone,Apple iPhone 13 128GB Fully Unlocked - Midnight (Grade A),0.0,0,False,IPHONE.13-128GB-BLACK-U-NE,349.0,Apple,True
9SIAE4WKG23204,phone,Apple iPhone 16e - 128GB - White - Fully Unlocked - Grade B+,0.0,0,False,A.i16e.U.128.WH.8,411.99,Apple,True
9SIBYRBKFY0002,phone,Samsung Galaxy S23+ - 256GB - Phantom Black - Single Sim - Fully Unlocked - Good (Grade B),0.0,0,False,6FB6AEBC7EB5ADZ,269.99,SAMSUNG,True
9SIAH1UK3H0001,phone,"SAMSUNG Galaxy Z Flip 5 F731B Foldable Design, 5G Dual 512GB 8GB RAM Factory Unlocked for Any Carrier, GSM Global Model, Mobile Cell Phone  Mint",0.0,0,False,ZFLIP5-02,425.0,SAMSUNG,True
9SIAGREKM09230,phone,Samsung Galaxy A36 5G 256GB SM-A366E/DS Global Unlocked 6.7 inch 8GB RAM Smartphone - Awesome Lime - New,0.0,0,False,SM-A366E/DS LIME,284.99,SAMSUNG,False
9SIBYRBKJG7571,phone,Google  Pixel 6 - 128GB - Stormy Black - Fully Unlocked - Excellent (Grade A),0.0,0,False,142CBBEA0343A4Z,155.0,Google,True
9SIBYRBKJM5579,phone,Apple iPhone 13 Mini 128GB Fully Unlocked Blue Very Good - Grade B,3.0,3,False,MLHR3LL/A00,229.0,Apple,True
75-113-693,phone,"Apple iPhone XR 4G LTE Unlocked GSM Phone w/ 12 MP Camera 6.1"" Yellow 3GB RAM",0.0,0,False,XR-64GB-YLW-ULK,229.99,Apple,True
75-168-147,phone,Samsung Galaxy S20+ 5G G986U 128GB GSM/CDMA Unlocked Android SmartPhone (USA Version) - Cosmic Black,0.0,0,False,SM-G986UZKAXAA-128GB-CB-B,287.99,SAMSUNG,True
9SIAGREKHG6016,phone,"Samsung Galaxy A36 5G 128GB 8GB RAM, Android Smartphone, Latin Version, Dual Sim, Unlocked - Awesome Black",0.0,0,False,SM-A366E/DS,259.99,SAMSUNG,False
9SIAGREK3V9646,phone,Xiaomi Redmi Note 12 Pro+ Dual-SIM 256GB ROM + 8GB RAM (Only GSM | No CDMA) Factory Unlocked 5G Smartphone (Sky Blue) - International Version,0.0,0,False,Note 12 Pro+ SBLU,324.99,Redmi,False
9SIA8X5JZ95047,phone,"SAMSUNG Galaxy Z Flip 5 Cell Phone, Factory Unlocked Android Smartphone, 256GB, Compact, Foldable Design, One-Hand Control, Best Selfies, Full Cover Screen, Hands-Free Use, US Version, 2023, Cream",0.0,0,False,SM-F731UZEAXAA,769.99,SAMSUNG,False
9SIABPXKM14929,phone,Samsung Galaxy A17 5G SM-A176B/DS 128GB Global Unlocked 6.7inch  6GB RAM Smartphone - Black -New,0.0,0,False,SM-A176B/DS,203.95,SAMSUNG,False
9SIBYRBKJH4926,phone,Samsung Galaxy S20+ - 128GB - Cosmic Grey - 5G - Single Sim - Fully Unlocked - Excellent (Grade A),0.0,0,False,324B8330CD128DZ,170.0,SAMSUNG,True
75-827-066,phone,"Apple iPhone 14 Plus 128GB, Refurbished Unlocked Cell Phone, Purple - Very Good Condition (Grade B)",0.0,0,False,PAB100707,476.99,Apple,True
9SIA4DMK3N9877,phone,Apple iPhone 14 256GB Fully Unlocked Starlight - Grade B,0.0,0,False,MPW23LL/A00,400.37,Apple,True
9SIBYRBKFS8916,phone,Apple iPhone SE (2022) - 128GB - Red - Fully Unlocked - Excellent (Grade A),0.0,0,False,38D8C7AAD38432Z,218.0,Apple,True
9SIA8X5KBR6953,phone,"SAMSUNG Galaxy Z Flip 6 AI Cell Phone, 256GB Unlocked Android Smartphone, FlexCam, Photo Assist, Camcorder Mode, Live Interpreter, Foldable Design, 2024",0.0,0,False,SM-F741UZYAXAA,1048.99,SAMSUNG,False
9SIA8X5JPN5146,phone,OnePlus 10 Pro | 5G Android Smartphone | 6.7 QHD+ Display | 12GB+256GB | U.S. Unlocked | Triple Camera co-Developed with Hasselblad | Volcanic Black,0.0,0,False,692181562177,627.99,OnePlus,False
75-113-614,phone,"Apple iPhone XR 4G LTE Fully Unlocked (Verizon + Sprint + GSM Unlocked) 6.1"" White 3GB RAM",4.4,8,False,XR-64GB-WHT-FU,179.0,Apple,True
23B-000A-00TJ8,phone,"Apple iPhone 14 PRO 256GB, Refurbished Unlocked Cell Phone, Deep Purple - Very Good Condition (Grade B)",0.0,0,False,MQ1D3LL/A,640.99,Apple,True
75-113-915,phone,"Apple iPhone 12 128GB, Refurbished Unlocked Cell Phone, Red - Very Good Condition (Grade B)",0.0,0,False,IPH-12-128-RED-B,329.9,Apple,True
9SIADS6KBH3511,phone,Google Pixel 6a 128GB Fully Unlocked Charcoal - Grade A,0.0,0,False,GB62Z00,179.0,Google,True
9SIBAU4K9Y0714,phone,Motorola Moto G Stylus | 2022 | 2-Day Battery | Unlocked | Made for US 4/128GB | 50MP Camera | Twilight Blue,0.0,0,False,PAT40012US,139.99,Motorola,False
9SIAH1UKKU0078,phone,Samsung Galaxy S24 Ultra 256GB Fully Unlocked Titanium Violet-Grade A,0.0,0,False,SSDJF24,679.0,SAMSUNG,True
9SIA8EHE8W8812,phone,Samsung Galaxy Note 20 Ultra 5G Factory Unlocked Android Cell Phone | US Version | 128GB of Storage | Mobile Gaming Smartphone | Long-Lasting Battery | Mystic Black,4.7,6,False,SM-N986UZKAXAA,849.98,SAMSUNG,False
9SIBYRBKJG8055,phone,Google  Pixel 8 (5G) - 128GB - Rose - Fully Unlocked - Excellent (Grade A),0.0,0,False,14A8777938DF8FZ,312.09,Google,True
9SIAS2VHGF5821,phone,"Xiaomi Redmi Note 11 Pro 5G, 6.67"" FHD+ AMOLED DotDisplay, 128GB + 6GB RAM, 108MP Camera, Factory Unlocked GSM Smartphone, International Version - Graphite Gray",0.0,0,False,0704076910446,426.65,Mi,False
9SIBYRBKK43078,phone,Samsung Galaxy S21 - 128GB - Phantom Gray - 5G - Single Sim - Fully Unlocked - Acceptable (Grade C),0.0,0,False,8F1126614027BAZ,129.0,SAMSUNG,True
75-827-015,phone,"Apple iPhone 15 128GB, Refurbished Unlocked Cell Phone, Green - Very Good Condition (Grade B)",0.0,0,False,PAB100810,549.0,Apple,True
9SIBYRBKJG8044,phone,Google  Pixel 7 - 128GB - Snow - 8GB RAM - Fully Unlocked - Excellent (Grade A),0.0,0,False,9FBF483B4C2E96Z,185.0,Google,True
75-113-944,phone,"Apple iPhone 13 256GB, Pre-Owned Unlocked Cell Phone, Blue - Very Good Condition",0.0,0,False,PAB100666,429.9,Apple,True
9SIA8X5KBH8781,phone,"SAMSUNG Galaxy Z Flip 6 AI Cell Phone, 256GB Unlocked Android Smartphone, FlexCam, Photo Assist, Camcorder Mode, Live Interpreter, Foldable Design, 2024, US",0.0,0,False,SM-F741UZSAXAA,1113.99,SAMSUNG,False
75-827-022,phone,"Apple iPhone 15 Pro Max 512GB, Refurbished Unlocked Cell Phone, Natural Titanium - Very Good Condition (Grade B)",0.0,0,False,PAB100843,931.99,Apple,True
9SIBYRBKFV0631,phone,Samsung Galaxy S22 Ultra (5G) - 128GB - Phantom Black - Single Sim - Fully Unlocked - Premium,0.0,0,False,A8A3D7192A5434Z,308.99,SAMSUNG,True
9SIBYRBKFS9173,phone,Samsung Galaxy S22 Ultra (5G) - 128GB - Burgundy - Single Sim - Fully Unlocked - Excellent (Grade A),0.0,0,False,BAD7E2344B22C4Z,284.99,SAMSUNG,True
9SIBYRBKK69196,phone,Samsung Galaxy Note 20 Ultra - 128GB - Mystic Black - 5G - Single Sim - 8GB RAM - Fully Unlocked - Excellent (Grade A),0.0,0,False,0AD22C7068BAA3Z,246.46,SAMSUNG,True
9SIAEE0KFR8064,phone,Apple iPhone SE 3 64GB Fully Unlocked - Midnight (Grade A),0.0,0,False,IPHONE.SE.3-64GB-MIDNIGHT-U-NE,149.99,Apple,True
9SIAEE0KFR8089,phone,Apple iPhone XR 128GB Fully Unlocked - Black (Grade A),0.0,0,False,IPHONE.XR-128GB-BLACK-U-NE,167.99,Apple,True
9SIBZRPKEP3935,phone,Samsung Galaxy S20 Ultra 5G 128GB Black-Refurbished Mint Grade A+ *30 days free return 90 days warranty*,0.0,0,False,ewx1028,189.0,SAMSUNG,True
9SIA8X5KDV1395,phone,"SAMSUNG Galaxy S25 Ultra Cell Phone, 512GB, AI Smartphone, Unlocked Android, AI Camera, Fast Processor, Long Battery Life, 2025, Titanium Silverblue",0.0,0,False,SM-S938UZBEXAA,1269.99,SAMSUNG,False
9SIBEDFK4B2527,phone,Apple iPhone 14 PRO MAX 256GB Fully Unlocked Space Black - Grade A-,0.0,0,False,MQ8T3LL/A00,514.99,Apple,True
9SIAJU9KH44213,phone,"SAMSUNG Galaxy S25 Ultra Cell Phone, 512GB, 12GB AI Smartphone, Unlocked Android, Dual Sim, New (International Version) - Titanium Gray",0.0,0,False,SM- S928B/DS,1198.0,SAMSUNG,False
9SIAGREKHF0987,phone,Xiaomi Redmi Note 14 Pro 5G 256GB ROM 8GB RAM Dual SIM GSM Unlocked - Midnight Black,0.0,0,False,X-NOTE14-PRO-5G-8-256-BK,294.99,Mi,False
9SIA547JRP2463,phone,"Google Pixel 5a 5G, 6.34"" OLED Display,128GB + 6GB RAM, 12MP Dual Camera, Qualcomm® Snapdragon 765G, Factory Unlocked (GSM Only | No CDMA ) International Version",2.0,2,False,Pixel 5a 128GB Mostly Black,325.0,Google,False
9SIAGREJ355091,phone,"Xiaomi Redmi Note 9 Pro 128GB + 6GB RAM, 6.67"" FHD+ DotDisplay, 64MP AI Quad Camera, Qualcomm Snapdragon 720G LTE Factory Unlocked Smartphone, International Version - No Warranty",0.0,0,False,Note 9 Pro Grey,269.99,Mi-Zone,False
9SIA5AFKDF2064,phone,"SAMSUNG Galaxy Z Fold 4 Cell Phone, Factory Unlocked Android Smartphone, 256GB, Flex Mode, Hands Free Video, Multi Window View, Foldable Display, S Pen Compatible, US Version, Phantom Black",0.0,0,False,SM-F936UZKAXAA,999.97,SAMSUNG,False
9SIBZRPKEP3933,phone,Samsung Galaxy S21+ Plus 128GB Fully unlocked Phantom Silver-Refurbished Mint Grade A+ *30 days free return 90 days warranty*,0.0,0,False,ewx1025,179.0,SAMSUNG,True
9SIBYRBKFS8947,phone,Apple iPhone 13 mini - 128GB - Blue - Fully Unlocked - Excellent (Grade A),0.0,0,False,96DCFBA47D1CB1Z,254.0,Apple,True
9SIAS2VHGR3976,phone,Xiaomi Redmi Note 11 Pro 6.67-inch 2400x1080P AMOLED Display 5G Smartphone 8GB 256GB 5160mAh Battery Android 11-Purple,0.0,0,False,0704076910552,548.45,Mi,False
9SIAGREKFB2849,phone,SAMSUNG Galaxy S25 Ultra S938B 512GB ROM 12GB RAM Dual SIM GSM Unlocked - Black,0.0,0,False,SM-S938B-5G-12-512-BK,1039.99,SAMSUNG,False
9SIBYRBKNP2662,phone,Samsung Galaxy S23 Ultra - 512GB - Lime - Single Sim - 8GB RAM - Fully Unlocked - Excellent (Grade A),0.0,0,False,9D994F50E96C41Z,439.34,SAMSUNG,True
9SIBYRBKJD3932,phone,Motorola  Edge (2022) - 256GB - Mineral Gray - 5G - Fully Unlocked - Good (Grade B),0.0,0,False,779558802A367EZ,84.96,Motorola,True
9SIAWHXKJ09341,phone,"sluting OUKITEL WP55 Android 15 Rugged Phone Unlocked 5G- 36GB+256GB/TF 2TB Rugged Smartphone, 11000mAh(33W) Battery, 6.6"" FHD+120HZ Display, 108MP Camera, 5G Dual SIM ,stylish and lightweight phone",0.0,0,False,WP55,339.0,sluting,False
9SIAE4WKP71715,phone,Apple iPhone 15 Pro 128GB Fully Unlocked - Natural Titanium (Grade B+),0.0,0,False,A.i15P.U.128.NT.8,548.99,Apple,True
9SIBYRBKFS8346,phone,Samsung Galaxy S24+ - 512GB - Cobalt Violet - Single Sim - Fully Unlocked - Excellent (Grade A),0.0,0,False,FECC8C531E41B2Z,537.29,SAMSUNG,True
9SIBYRBKHM6649,phone,Apple iPhone 16e - 128GB - Black - Fully Unlocked - Good (Grade B),0.0,0,False,0A81535DFAB2D0Z,413.09,Apple,True
9SIBZWWKG00247,phone,"OUKITEL WP55 Pro 5G Rugged Smartphone Unlocked Android 15, 48GB+512GB/TF 2TB CellPhones, 11000mAh(33W) Battery, 6.6"" FHD+120HZ Display, 108MP Camera, 5G Dual SIM Phone, NFC/GPS/OTG/IP68/IP69K,T-Mobile",0.0,0,False,WP55Pro,299.99,OUKITEL,False
9SIA7WPKC56703,phone,Apple iPhone XR 128GB Fully Unlocked Verizon T-Mobile AT&T 4G LTE (2018) - White - Excellent Condition,0.0,0,False,IPHXR128WHAB75,204.97,Apple,True
9SIAAM8KCR9504,phone,"Apple iPhone 13 128GB, Refurbished Unlocked Cell Phone, Starlight - Very Good Condition (Grade B)",0.0,0,False,PAB100755,479.99,Apple,True
9SIAAM8KCR9628,phone,"BLU G64 G1010WW 256GB Dual-SIM GSM Unlocked, Peach",0.0,0,False,PBN201761,139.99,BLU,False
75-827-127,phone,"Apple iPhone 16 PRO MAX 1TB, Refurbished Unlocked Cell Phone, White Titanium - Very Good Condition (Grade B)",0.0,0,False,PAB100934,1459.99,Apple,True
9SIBYRBKJH5271,phone,Google  Pixel 5 - 128GB - Sorta Sage - T-Mobile Locked - Excellent (Grade A),0.0,0,False,505114DE2E22E8Z,700.0,Google,True
9SIAH1UK1G3622,phone,Samsung Galaxy S21+ Plus 5G - 128GB - GSM CDMA Factory Unlocked - Phantom Black - Excellent Mint Condition - 90 Day Warranty,0.0,0,False,SM-G996U-BRB,189.0,SAMSUNG,True
9SIBYRBKJD4129,phone,Samsung Galaxy S10e - 128GB - Prism Black - Single Sim - 6GB RAM - Fully Unlocked - Excellent (Grade A),0.0,0,False,8C8DCF6AD81558Z,134.99,SAMSUNG,True
9SIBK15JNP1024,phone,"Xiaomi Redmi Note 10 Pro, 6.67"" AMOLED DotDisplay, 128GB + 6GB RAM, 108MP Quad Camera, IP53 TÜV SÜD Certified, GSM Only, Factory Unlocked Smartphone, Global Version",0.0,0,False,Redmi Note 10 Pro 128GB/6GB Onyx Gray,369.0,Mi,False
9SIBYRBKG05580,phone,Apple iPhone 12 - 64GB - Black - Fully Unlocked - Good (Grade B),0.0,0,False,2FC5AF5E6C5819Z,175.0,Apple,True
9SIBEDFK7B4116,phone,Samsung Galaxy S23 Plus 256GB Fully Unlocked Phantom Black - Refurbished Good,0.0,0,False,SM-G916U000,254.99,SAMSUNG,True
9SIBYRBKK73572,phone,Samsung Galaxy S22 (5G) - 128GB - Green - Single Sim - T-Mobile Locked - Acceptable (Grade C),0.0,0,False,4F2D5D86D1F263Z,170.0,SAMSUNG,True
9SIBEDFK3N2198,phone,Apple iPhone 13 PRO MAX 128GB Fully Unlocked Gold - Grade A,0.0,0,False,MLKN3LL/A1,439.99,Apple,True
75-827-125,phone,"Apple iPhone 16 PRO MAX 1TB, Refurbished Unlocked Cell Phone, Natural Titanium - Very Good Condition (Grade B)",0.0,0,False,PAB100932,1459.99,Apple,True
9SIAGREEWJ5631,phone,"Xiaomi Mi 11i 5G, 6.67“ AMOLED FHD+ DotDisplay, 256GB + 8GB RAM, Qualcomm®? Snapdragon™ 888 Processor, 108MP Triple Camera, Factory Unlocked Smartphone, Global Version",0.0,0,False,Mi 11i 5G 256GB/8GB Cosmic Black,575.99,Mi,False
9SIAH1UK928058,phone,Orbic Journey Postpaid 4G LTE 8GB Flip Phone Spectrum Unlocked - Grade A+,0.0,0,False,Orbic Journey,29.0,Orbic,True
9SIA8X5K466612,phone,"SAMSUNG Galaxy Z Fold 5 Cell Phone, Factory Unlocked Android Smartphone, 512GB, Big 7.6 Screen for Streaming, Gaming, Dual App View, One-Hand Control, Hands-Free Use, US Version, 2023, Cream",0.0,0,False,SM-F946UZEEXAA,1072.99,SAMSUNG,True
9SIBYRBKFV0672,phone,Apple iPhone 12 Pro - 512GB - Graphite - Fully Unlocked - Good (Grade B),0.0,0,False,E24D2C61EF3B51Z,264.99,Apple,True
9SIAGREKGM9848,phone,"Xiaomi Redmi Note 9S, 6.67"" Display, 128GB + 6GB RAM, 48MP Camera, 18W Fast Charge, 5020mAh Battery, Dual SIM GSM Unlocked 4G LTE, International Model - Interstellar Gray",0.0,0,False,Note 9S 128GB Gray,219.99,Mi-Zone,False
9SIA5AFK210309,phone,Samsung Galaxy S23 STANDARD EDITION Dual-SIM 128GB ROM + 8GB RAM (Only GSM | No CDMA) Factory Unlocked 5G Smartphone (Cream) - International Version,0.0,0,False,Galaxy S23 CRM,749.97,SAMSUNG,False
9SIA8X5KEN0796,phone,"Motorola razr+ | 2024 | Unlocked | Made for US 12/256 | 50MP Camera | Spring Green
Smartphone Cell Phone",0.0,0,False,PB2J0005US OB,756.99,Motorola,True
9SIBYRBKFS8544,phone,Samsung Galaxy S22 Ultra (5G) - 512GB - Phantom Black - Single Sim - Fully Unlocked - Excellent (Grade A),0.0,0,False,A6C77F81BBC603Z,325.0,SAMSUNG,True
9SIBYRBKK81583,phone,Motorola  Edge+ (2022) - 128GB - Cosmos Blue - Single Sim - 8GB RAM - Fully Unlocked - Excellent (Grade A),0.0,0,False,DDFC50FBA3E1BFZ,114.99,Motorola,True
9SIBZWWKGF3364,phone,"Ulefone Armor 34 PRO 5G AI Rugged Smartphone with Projector.25500mAh(66W),32GB+512GB Andriod 15 Phone,6.95 FHD+ IP68 Waterproof,64MP+50MP+50MP Camera,1100 LMS LED Light,Widevine L1,NFC,IR Blaster",0.0,0,False,Ulefone Armor 34 Pro,619.99,Ulefone,False
9SIBYRBKJG6694,phone,Apple iPhone XR - 128GB - Red - Fully Unlocked - Excellent (Grade A),0.0,0,False,A15982C8E62587Z,165.0,Apple,True
9SIAH1UK301174,phone,"Samsung Galaxy S22 5G, 128GB, Phantom Black, Locked: Verizon, (Very Good)",0.0,0,False,b266kgv,229.0,SAMSUNG,True
9SIBYRBKJT0273,phone,Apple iPhone 13 Pro - 128GB - Silver - Fully Unlocked - Excellent (Grade A),0.0,0,False,41ADD25BCE7C43Z,374.0,Apple,True
9SIAJU9KH44486,phone,"SAMSUNG Galaxy S24 Ultra Cell Phone, 256GB AI Smartphone, Unlocked Android, 50MP Zoom Camera, Long Battery Life, S Pen, US Version, 2024, Titanium Yellow",0.0,0,False,SM-S928UZYEXAA,859.99,SAMSUNG,False
9SIA8X5KCX5540,phone,"SAMSUNG Galaxy S24 Cell Phone, 128GB AI Smartphone, Unlocked Android, 50MP Camera, Fastest Processor, Long Battery Life, US Version, 2024, Onyx Black",0.0,0,False,SM-S921UZKAXAA OB,549.99,SAMSUNG,True
75-113-985,phone,"Apple iPhone 13 128GB, Unlocked Refurbished Cell Phone, Green - Very Good Condition (Grade B)",0.0,0,False,PAB100665,399.99,Apple,True
9SIBEDFK4F2301,phone,Apple iPhone 14 PRO MAX 512GB Fully Unlocked Purple - Grade B,0.0,0,False,MQ913LL/A00,504.99,Apple,True
9SIBYRBKK68671,phone,Google  Pixel 7a - 128GB - Charcoal - AT&T Locked - Good (Grade B),0.0,0,False,5B4BA6949F96CCZ,183.59,Google,True
9SIBEDFK796976,phone,Samsung Galaxy S23 Plus 256GB Fully Unlocked Phantom Black - Refurbished Very Good,0.0,0,False,SM-G916U010,284.99,SAMSUNG,True
9SIAGREKHP0254,phone,Nokia C2 2nd Edition Dual-SIM 32GB ROM + 2GB RAM (Only GSM | No CDMA) Factory Unlocked 4G/LTE Smartphone (Warm Gray) - International Version,0.0,0,False,Nokia C2 2nd Ed G,69.99,Nokia,False
9SIA8X5JHS3458,phone,Google Pixel 6  5G Android Phone - Unlocked Smartphone with Wide and Ultrawide Lens - 256GB - Sorta Seafoam Cell Phone Smart,0.0,0,False,GA03910-US,493.99,Google,False
9SIA7WPKAY0985,phone,Apple iPhone 12 mini 256GB Fully Unlocked Verizon T-Mobile AT&T 5G (2020) - Blue - Good Condition,0.0,0,False,IPH12MN256BLCP65,189.97,Apple,True
9SIA4DMK7V6830,phone,Apple iPhone 14 PRO 256GB Deep Purple Fully Unlocked - Grade B,0.0,0,False,MQ1D3LL/A00,606.63,Apple,True
9SIBYRBKK76808,phone,Apple iPhone 7 - 128GB - Black - Fully Unlocked - Excellent (Grade A),0.0,0,False,3D5BA604A7E541Z,85.0,Apple,True
9SIBK15K578913,phone,Nokia 5.4 Dual-SIM 128GB ROM + 4GB RAM (GSM Only | No CDMA) Factory Unlocked 4G/LTE Smartphone (Polar Night) - International Version,0.0,0,False,Nokia 5.4 DS PN,478.73,Nokia,False
9SIBGD3KNA9598,phone,,0.0,0,False,PSN102012,356.99,SAMSUNG,False
9SIBYRBKK48070,phone,Motorola  One (5G) - 128GB - Oxford Blue - AT&T Locked - Good (Grade B),0.0,0,False,FAC08F294FC48CZ,81.9,Motorola,True
9SIBGD3KNA9599,phone,,0.0,0,False,PSN102011,363.77,SAMSUNG,False
9SIBYRBKKE0119,phone,Samsung Galaxy S23 - 128GB - Lavender - Single Sim - GSM Unlocked - Excellent (Grade A),0.0,0,False,0C5D13420DA88AZ,220.0,SAMSUNG,True
9SIBYRBKFS8647,phone,Samsung Galaxy S23 - 128GB - Cream - Single Sim - Fully Unlocked - Excellent (Grade A),0.0,0,False,13CD2BACFB2997Z,211.99,SAMSUNG,True
9SIA8X5KB74908,phone,Motorola razr+ | 2024 | Unlocked | Made for US 12/256 | 50MP Camera | Peach Fuzz Smartphone Cell Phone,0.0,0,False,PB2J0007US,747.99,Motorola,False
9SIA8X5K2N6108,phone,"SAMSUNG Galaxy S23 FE Cell Phone, 128GB, Unlocked Android Smartphone, Long Battery Life, Premium Processor, Tough Gorilla Glass Display, Hi-Res 50MP Camera, US Version, 2023, Mint",0.0,0,False,SM-S711ULGAXAA,546.99,SAMSUNG,False
9SIBEDFK3A1699,phone,"Apple iPhone 14 PRO MAX 128GB, Refurbished Unlocked Cell Phone, Purple - Very Good Condition (Grade B)",4.0,1,False,MQ8R3LL/A,509.99,Apple,True
9SIBEDFK3A1355,phone,Apple iPhone 14 PRO MAX 128GB Fully Unlocked Space Black - Grade A,0.0,0,False,MQ8N3LL/A,509.99,Apple,True
9SIBEDFK4A4058,phone,Apple iPhone SE Gen 2 (2020) 256GB Fully Unlocked Black - Grade A,0.0,0,False,MXVP2LL/A0,164.99,Apple,True
9SIA5AFF4B3737,phone,"Google Pixel 2 64GB G011A GSM + CDMA Factory Unlocked 5"" AMOLED Display 4GB RAM 12.2MP Smartphone - Just Black - USA Version",0.0,0,False,Pixel 2 64GB,279.97,Google,False
9SIA8X5JH25969,phone,Nokia XR20 5G | Android 11 | Unlocked Smartphone | Dual SIM | US Version | 6/128GB | 6.67-Inch Screen | 48MP Dual Camera | Granite Cell Phone Smart,0.0,0,False,XR20 Granite,361.99,Nokia,False
75-827-040,phone,"Apple iPhone 15 Plus 128GB GSM / CDMA Unlocked Phone, Yellow - Very Good Condition (Grade B)",0.0,0,False,PAB100821,640.99,Apple,True
75-827-015,phone,"Apple iPhone 15 128GB, Refurbished Unlocked Cell Phone, Green - Very Good Condition (Grade B)",0.0,0,False,PAB100810,549.0,Apple,True
75-827-160,phone,"Apple iPhone 16 512GB, Pre-Owned Unlocked Cell Phone, Teal - Very Good Condition",0.0,0,False,PAB100973,959.99,Apple,True
75-113-944,phone,"Apple iPhone 13 256GB, Pre-Owned Unlocked Cell Phone, Blue - Very Good Condition",0.0,0,False,PAB100666,429.9,Apple,True
9SIABPXKHZ8921,phone,Google Pixel 9 Pro XL GGX8B 256GB Factory Unlocked  6.8 inch 16GB RAM Smartphone - Obsidian - Good,0.0,0,False,GGX8B B,634.95,Google,False
9SIBZPDKF63869,phone,Apple iPhone Xs Max 256GB Fully Unlocked - Gold-Grade A,0.0,0,False,XSM/256GB GOLD,204.99,Apple,True
9SIBZR0KF46872,phone,"Redmi Note 13 5G + 4G LTE (256GB + 8GB) 6.67"" 108MP Triple (for Tmobile Mint Tello & Global) Global Bands Unlocked (Ocean Teal)",0.0,0,False,note 13-cr,264.99,Mi,True
9SIBYRBKJG8517,phone,Samsung Galaxy A14 - 64GB - Black - 5G - Single Sim - 4GB RAM - GSM Unlocked - Good (Grade B),0.0,0,False,1C9D97E60993FAZ,65.0,SAMSUNG,True
9SIBYRBKJG7633,phone,Samsung Galaxy S21 - 256GB - Phantom Gray - 5G - Single Sim - T-Mobile Locked - Excellent (Grade A),0.0,0,False,BB0AA5C3C6BCC2Z,240.0,SAMSUNG,True
75-827-131,phone,"Apple iPhone 15 Pro Cell Phones - Unlocked Cell phones 6.1"" Black Titanium",0.0,0,False,PAB100894,882.99,Apple,True
9SIBYRBKFS8850,phone,Samsung Galaxy S22+ (5G) - 128GB - Phantom Black - Single Sim - Fully Unlocked - Acceptable (Grade C),0.0,0,False,1A57E0D6651582Z,158.99,SAMSUNG,True
75-827-120,phone,"Apple iPhone 16 PRO MAX 256GB, Refurbished Unlocked Cell Phone, White Titanium - Very Good Condition (Grade B)",0.0,0,False,PAB100926,1089.99,Apple,True
75-827-124,phone,"Apple iPhone 16 PRO MAX 512GB, Refurbished Unlocked Cell Phone, Black Titanium - Very Good Condition (Grade B)",0.0,0,False,PAB100931,1199.0,Apple,True
9SIA1CZKNH5966,phone,iPhone 14 Pro 128GB - Black,0.0,0,False,MPXT3LL,599.8,Apple,True
9SIBEDFK4W4155,phone,Apple iPhone 11 PRO MAX 256GB Fully Unlocked Midnight Green Very Good - Grade A-,0.0,0,False,MWH72LL/A00,259.99,Apple,True
9SIABPXKMK6011,phone,"Samsung Galaxy A56 5G 256GB SM-A566E/DS Global Unlocked 6.7"" Super AMOLED Display 12GB RAM Triple Camera Smartphone - Awesome Light/Gray - New",0.0,0,False,SM-A566E/DS GRY,375.95,SAMSUNG,False
9SIAGREKGA8303,phone,SAMSUNG S9310 Galaxy S25 12/256G (GSM ONLY NO CDMA) unlocked international version  No Warranty | 12 GB/256 GB | Grey,0.0,0,False,S25/12+256/Grey,709.99,SAMSUNG,False
9SIA8X5J643036,phone,"SAMSUNG Galaxy S22 Ultra Smartphone, Factory Unlocked Android Cell Phone, 256GB, 8K Camera & Video, Brightest Display, S Pen, Long Battery Life, Fast 4nm Processor, US Version, Phantom White",0.0,0,False,SM-S908UZWEXAA,694.99,SAMSUNG,False
9SIBYRBKJD4061,phone,Samsung Galaxy S23 FE - 128GB - Graphite - Single Sim - AT&T Locked - Excellent (Grade A),0.0,0,False,6DA85EEEDC8E94Z,176.0,SAMSUNG,True
75-827-095,phone,"Apple iPhone 16 PRO 128GB, Refurbished Unlocked Cell Phone, Natural Titanium - Very Good Condition (Grade B)",0.0,0,False,PAB100913,882.99,Apple,True
9SIBYRBKJD4477,phone,Samsung Galaxy Z Fold5 (5G) - 512GB - Blue - Single Sim - Fully Unlocked - Excellent (Grade A),0.0,0,False,4D182FD04901E0Z,474.99,SAMSUNG,True
9SIBYRBKJD7500,phone,Apple iPhone 16e - 256GB - Black - Verizon Locked - Excellent (Grade A),0.0,0,False,9648FCA69BCA2DZ,532.45,Apple,True
9SIBK15KCU4708,phone,"OnePlus 8 Pro 5G  8/128GB 6.78"" 48MP Snapdragon 865 4510mAh Phone Black",0.0,0,False,224035243678-D,853.7,OnePlus,False
9SIABVCK9U3529,phone,"Apple iPhone X iPhone X 4G LTE Unlocked Cell Phone 5.8"" Silver 3GB RAM",5.0,1,False,CRD iPhone X 256GB S,140.99,Apple,True
9SIAE4WKEN0730,phone,Apple iPhone 16 Pro 512GB Fully Unlocked - Black Titanium (Grade A),0.0,0,False,A.i16P.U.512.BK,877.99,Apple,True
75-113-904,phone,"Apple iPhone SE 2020 64GB, Refurbished Unlocked Cell Phone, Black - Good Condition (Grade C)",0.0,0,False,MX9N2LL/A-C,89.99,Apple,True
9SIBYRBKFS8195,phone,Samsung Galaxy S23+ - 256GB - Phantom Black - Single Sim - Fully Unlocked - Premium,0.0,0,False,4F508101BDB9D0Z,329.59,SAMSUNG,True
9SIBYRBKK65993,phone,Samsung Galaxy S21 FE (5G) - 128GB - Graphite - Dual Sim - 6GB RAM - AT&T Locked - Good (Grade B),0.0,0,False,2614E30301FB0FZ,136.35,SAMSUNG,True
9SIBZWWKG05504,phone,"Ulefone Armor 28 Ultra Thermal, 5G AI Rugged Phone, 32GB+1TB/2TB Expansion, MTK Dimensity 9300+, 6.67"" AMLOD Dual Screen, 64MP+50MP+50MP, 10600mAh/120W, IP68/IP69K, 8K Video+case",5.0,1,False,Ulefone Armor 28 Ultra Thermal + case,989.99,Ulefone,False
9SIBZPDKF63042,phone,Apple iPhone X 256GB Space Gray Network Unlocked Smartphone-Grade A,0.0,0,False,X/256GB BLACK,164.99,Apple,True
9SIBYRBKJG6980,phone,Apple iPhone 14 Pro Max - 128GB - Space Black - Fully Unlocked - Excellent (Grade A),0.0,0,False,8E4F0B2FF7FFD6Z,589.99,Apple,True
9SIBYRBKJG8261,phone,Samsung Galaxy S23 Ultra - 512GB - Red - Single Sim - 12GB RAM - Fully Unlocked - Excellent (Grade A),0.0,0,False,77951DD870045DZ,434.99,SAMSUNG,True
9SIBYRBKK70453,phone,Google  Pixel 8 (5G) - 256GB - Hazel - Fully Unlocked - Excellent (Grade A),0.0,0,False,875B49C87DAC6DZ,434.3,Google,True
9SIAH1UK9A2247,phone,ORBIC Journey Postpaid 4G LTE 8GB Flip Phone Unlocked Black - Grade A,0.0,0,False,Orbic Journey V,29.0,Orbic,True
9SIBYRBKJT3192,phone,Samsung Galaxy Z Flip6 - 512GB - Silver Shadow - Fully Unlocked - Premium,0.0,0,False,D56FE208B87545Z,850.0,SAMSUNG,True
9SIAGREK8J9125,phone,Samsung Galaxy S24 Ultra STANDARD EDITION DUAL SIM 256GB ROM + 12GB RAM (GSM | CDMA) Factory Unlocked 5G Smartphone (Titanium Grey) - International Version,0.0,0,False,Galaxy S24 Ultra SE DS 256 TG,849.99,SAMSUNG,False
9SIBYRBKFS8676,phone,Samsung Galaxy S22 Ultra (5G) - 128GB - Phantom Black - Single Sim - Fully Unlocked - Acceptable (Grade C),0.0,0,False,D3C8A9C41E6A64Z,239.99,SAMSUNG,True
9SIBYRBKJK0441,phone,Apple iPhone 11 - 128GB - Green - Fully Unlocked - Excellent (Grade A),0.0,0,False,4F752F83C76359Z,189.0,Apple,True
9SIA24GJFG7640,phone,Samsung Galaxy XCover6 PRO 128GB (Unlocked) - Black  SM-G736UZKEXAA,0.0,0,False,G736UZKEXAA,359.8,SAMSUNG,False
9SIBYRBKJZ6500,phone,Samsung Galaxy Z Fold4 - 256GB - Graygreen - Fully Unlocked - Excellent (Grade A),0.0,0,False,398F3123A42DA5Z,389.0,SAMSUNG,True
9SIA8EHE8W8375,phone,"Samsung Galaxy S10e 4G LTE Unlocked Cell Phone 5.8"" Infinity Display Prism Blue 6GB RAM",5.0,1,False,SM-G970UZBAXAA,369.98,SAMSUNG,False
9SIAGREKGP4788,phone,Motorola Moto G35 Dual-SIM 128GB ROM + 4GB RAM (GSM Only | No CDMA) Factory Unlocked 5G Smartphone (Midnight Black) - International Version,0.0,0,False,Moto G35 128 4 BK,174.99,Motorola,False
9SIBYRBKK65880,phone,Samsung Galaxy S25 Ultra - 512GB - Titanium Black - Fully Unlocked - Excellent (Grade A),0.0,0,False,E65E4EB3DF4566Z,892.0,SAMSUNG,True
9SIBYRBKFS8153,phone,Samsung Galaxy S24 Ultra - 256GB - Titanium Yellow - Single Sim - Fully Unlocked - Excellent (Grade A),0.0,0,False,2DF42ADEF62B87Z,610.55,SAMSUNG,True
9SIBYRBKJD4166,phone,Google  Pixel 4a - 128GB - Just Black - Fully Unlocked - Excellent (Grade A),0.0,0,False,10AC0F29CAEAA8Z,140.39,Google,True
9SIBYRBKJH6193,phone,Apple iPhone 11 - 64GB - Black - Fully Unlocked - Acceptable (Grade C),0.0,0,False,37257A0E4BC78DZ,154.0,Apple,True
9SIBYRBKJG8007,phone,Samsung Galaxy S22 (5G) - 256GB - Phantom Black - Single Sim - AT&T Locked - Good (Grade B),0.0,0,False,64C293343E2E10Z,203.94,SAMSUNG,True
9SIADS6K307586,phone,Apple iPhone SE (2nd Gen) A2275 (Fully Unlocked) 64GB Black,0.0,0,False,761596171900,160.0,Apple,True
9SIBYRBKJD7520,phone,Samsung Galaxy Z Flip5 (5G) - 256GB - Gray - Fully Unlocked - Excellent (Grade A),0.0,0,False,01C34144CB6154Z,284.99,SAMSUNG,True
9SIBYRBKK76808,phone,Apple iPhone 7 - 128GB - Black - Fully Unlocked - Excellent (Grade A),0.0,0,False,3D5BA604A7E541Z,85.0,Apple,True
9SIBYRBKK81246,phone,Motorola  Moto G (2024) - 128GB - Sage Green - 4GB RAM - Fully Unlocked - Good (Grade B),0.0,0,False,840D2D7C0B5ADDZ,84.0,Motorola,True
9SIBYRBKFV6676,phone,Apple iPhone 13 mini - 256GB - Green - Fully Unlocked - Excellent (Grade A),0.0,0,False,388884BC3544F5Z,335.48,Apple,True
9SIBYRBKKX7370,phone,Apple iPhone 13 - 256GB - Starlight - GSM Unlocked - Excellent (Grade A),0.0,0,False,13234DCE9E50DAZ,339.0,Apple,True
9SIBYRBKFS8225,phone,Apple iPhone 15 Pro Max - 256GB - Blue Titanium - Fully Unlocked - Premium,0.0,0,False,D9C29E23860B4EZ,863.55,Apple,True
9SIAH1UKGZ7820,phone,"Google Pixel 9 - Unlocked Android Smartphone with Gemini,  - 128 GB - 6.3"" Actua Display - Obsidian (A Grade)",0.0,0,False,G2YBB,575.0,Google,True
9SIBYRBKJD4484,phone,Samsung Galaxy Z Fold5 (5G) - 512GB - Cream - Single Sim - Fully Unlocked - Excellent (Grade A),0.0,0,False,F37DAAA7117F51Z,489.24,SAMSUNG,True
9SIBYRBKFS8493,phone,Apple iPhone 14 - 128GB - Yellow - Fully Unlocked - Acceptable (Grade C),5.0,1,False,8B7ED4170DC674Z,282.67,Apple,True
9SIBP75KDA6403,phone,Miro A67 Unlock 8Core Android 14GO 6.75''HD Large Screen Smartphone with Expandable Storage 1TB,0.0,0,False,A67,89.99,Miro Corporation,False
9SIBYRBKK81102,phone,Apple iPhone 13 Pro - 128GB - Graphite - Verizon Locked - Good (Grade B),0.0,0,False,5C6F32E44EBD74Z,358.7,Apple,True
9SIA8X5K525095,phone,"SAMSUNG Galaxy S24+ Plus Cell Phone, 512GB AI Smartphone, Unlocked Android, 50MP Camera, Fastest Processor, Long Battery Life, US Version, 2024, Marble Gray",0.0,0,False,SM-S926UZAEXAA,922.99,SAMSUNG,False
9SIA8X5KBD9361,phone,"Google Pixel 9 Pro XL - Unlocked Android Smartphone with Gemini, Triple Rear Camera System, 24-Hour Battery, and 6.8"" Super Actua Display - Obsidian - 1 TB",0.0,0,False,840353914292,1499.99,Google,False
9SIBYRBKJH6101,phone,Apple iPhone 14 (US Version) - 128GB - Purple - T-Mobile Locked - Good (Grade B),0.0,0,False,E6DFF4C7E94999Z,307.45,Apple,True
9SIAJU9KHY9539,phone,Samsung Galaxy S21+ 5G 128GB Phantom Violet Fully Unlocked Grade A,0.0,0,False,SM-G996U1,196.0,SAMSUNG,True
9SIBYRBKK72361,phone,Apple iPhone XS - 256GB - Silver - Fully Unlocked - Good (Grade B),0.0,0,False,ABE60064188683Z,171.7,Apple,True
9SIBEDFK782350,phone,Samsung Galaxy S23 128GB Fully Unlocked Green - Refurbished Very Good,0.0,0,False,SM-G911U040,229.99,SAMSUNG,True
9SIBYRBKK71232,phone,Apple iPhone 13 Pro - 128GB - Alpine Green - Fully Unlocked - Acceptable (Grade C),0.0,0,False,ED0030CC6966D1Z,450.0,Apple,True
9SIA8X5K0H6470,phone,Google Pixel 6 Pro Dual-SIM 128GB ROM + 12GB RAM (GSM | CDMA) Factory Unlocked 5G SmartPhone (Cloudy White) - International Version,0.0,0,False,Google P 6 Pro 128 WH,488.99,Google,False
9SIBYRBKJG6637,phone,Google  Pixel 8a - 128GB - Obsidian - Verizon Locked - Excellent (Grade A),0.0,0,False,C0D617F0960E91Z,294.99,Google,True
9SIBYRBKJS4424,phone,Apple iPhone XS Max - 64GB - Gold - Fully Unlocked - Excellent (Grade A),0.0,0,False,2E0F75ED778955Z,180.0,Apple,True
9SIBYRBKFV4194,phone,Apple iPhone 12 - 128GB - Purple - Fully Unlocked - Excellent (Grade A),0.0,0,False,D6C784A4F984B9Z,234.0,Apple,True
9SIBYRBKJH6128,phone,Apple iPhone XR - 64GB - Black - Fully Unlocked - Excellent (Grade A),0.0,0,False,3A9371FDA6B8A7Z,144.0,Apple,True
9SIA547KN72258,phone,Google Pixel 7 Pro Dual-SIM 256GB ROM + 12GB RAM (GSM Only | No CDMA) Factory Unlocked 5G Smartphone (Obsidian) - International Version,0.0,0,False,"Google Pixel 7 Pro Obsidian,.,,",425.0,Google,False
9SIBYRBKJT3451,phone,Google  Pixel 7 - 256GB - Snow - Fully Unlocked - Excellent (Grade A),0.0,0,False,C21865985B4D8EZ,232.3,Google,True
9SIAGREKGA8309,phone,Samsung Galaxy S25 Ultra S938B/DS 512GB GSM Unlocked International Version (New),0.0,0,False,SM-S938B/DS,1039.99,SAMSUNG,False
9SIBYRBKJD3666,phone,Samsung Galaxy A03s - 32GB - Black - 2GB RAM - Fully Unlocked - Excellent (Grade A),0.0,0,False,776D348DEA3554Z,71.84,SAMSUNG,True
9SIBYRBKK73287,phone,Samsung Galaxy S21 FE (5G) - 128GB - Olive - Single Sim - 6GB RAM - Fully Unlocked - Acceptable (Grade C),0.0,0,False,9AF982FBD9D274Z,170.0,SAMSUNG,True
9SIBEDFK4Y8424,phone,Apple iPhone 11 64GB Fully Unlocked Black Very Good - Grade B,0.0,0,False,MWL72LL/A00,179.99,Apple,True
9SIBYRBKJG7020,phone,Google  Pixel 7 Pro - 128GB - Hazel - 12GB RAM - Fully Unlocked - Good (Grade B),0.0,0,False,A7375A2E3D2646Z,249.0,Google,True
9SIA8X5K3D2134,phone,Google Pixel Fold Dual-SIM 256GB ROM + 12GB RAM (Only GSM | No CDMA) Factory Unlocked 5G Smartphone (Obsidian) - International Version,0.0,0,False,Pixel Fold OD,797.99,Google,False
9SIA8X5KB89403,phone,Motorola Moto G Power 2024 5G PB000008US 128GB Unlocked 6.7 in 8GB RAM Smartphone  - Midnight Blue,0.0,0,False,PB000008US,222.99,Motorola,False
9SIBEDFK4F4839,phone,Apple iPhone 14 PRO 256GB Space Black Fully Unlocked - Grade A-,0.0,0,False,MQ0N3LL/A0,409.99,Apple,True
9SIBYRBKJD4098,phone,Apple iPhone 8 Plus - 64GB - Gold - GSM Unlocked - Good (Grade B),0.0,0,False,1DF7C2D87FD266Z,109.0,Apple,True
9SIA8X5KB75155,phone,Motorola razr+ | 2024 | Unlocked | Made for US 12/256 | 50MP Camera | Midnight Blue PB2J0003US Smartphone Cell Phone,0.0,0,False,PB2J0003US,760.99,Motorola,False
9SIBYRBKNP2634,phone,Samsung Galaxy A54 - 128GB - Awesome Violet - 5G - Single Sim - 4GB RAM - Fully Unlocked - Excellent (Grade A),0.0,0,False,25E1F3B18078EFZ,239.26,SAMSUNG,True
9SIBYS6KE98254,phone,Apple iPhone 12 Mini 256GB Fully Unlocked Blue Very Good - Grade B,0.0,0,False,MG8V3LL/A0,222.15,Apple,True
9SIBYRBKJG6920,phone,Apple iPhone 11 Pro Max - 512GB - Midnight Green - Fully Unlocked - Excellent (Grade A),0.0,0,False,119C54F7AD7DFAZ,278.0,Apple,True
9SIBYRBKJM5878,phone,Apple iPhone 15 Pro - 128GB - Blue Titanium - AT&T Locked - Excellent (Grade A),0.0,0,False,16FE75334599B2Z,563.7,Apple,True
9SIAE4WKFU7346,phone,Kyocera DuraXE Epic E4830 Rugged Flip Phone - AT&T + GSM Unlocked - Black (Grade A),0.0,0,False,K.E4830.AU.16.BK.9,114.99,Kyocera,True
9SIAEE0KFW4585,phone,Apple iPhone 14 Plus 256GB Fully Unlocked - Red (Grade B),0.0,0,False,IPHONE.14.PLUS-256GB-RED-U-K1-NE-1,419.99,Apple,True
9SIAGREKGZ8365,phone,Motorola Edge 50 Fusion DUAL SIM 256GB ROM + 8GB RAM (GSM Only | No CDMA) Factory Unlocked 5G Smartphone (Forest Blue) - International Version,0.0,0,False,Edge 50 Fusion DS 256 FBL,289.99,Motorola,False
9SIBYRBKFS8531,phone,Samsung Galaxy S22 (5G) - 256GB - Green - Single Sim - Fully Unlocked - Excellent (Grade A),0.0,0,False,F463272D1DD701Z,218.75,SAMSUNG,True
9SIBYRBKJG7598,phone,Google  Pixel 6 - 128GB - Sorta Seafoam - Fully Unlocked - Excellent (Grade A),0.0,0,False,08D9674E95C6CFZ,144.99,Google,True
9SIBYRBKFS8914,phone,Samsung Galaxy S23+ - 512GB - Phantom Black - Single Sim - Fully Unlocked - Premium,0.0,0,False,50EBFE49B5BBC2Z,364.09,SAMSUNG,True
9SIBEDFK746442,phone,Apple iPhone 15 PRO 128GB Fully Unlocked Black Titanium - Grade A,0.0,0,False,MTQM3LL/A00,544.99,Apple,True
9SIBYRBKK70250,phone,Google  Pixel 7a - 128GB - Charcoal - Fully Unlocked - Premium,0.0,0,False,6600C1245533B5Z,221.19,Google,True
9SIBYRBKJU4641,phone,Samsung Galaxy S20 FE - 128GB - Cloud Navy - 5G - Single Sim - 6GB RAM - Verizon Locked - Excellent (Grade A),0.0,0,False,4174D03550A79EZ,116.01,SAMSUNG,True
9SIBZPDKF20601,phone,Apple iPhone 7 Plus 32GB Network Unlocked 4G LTE Smartphone-Very Good Black,0.0,0,False,iPhone 7P/32GB BLACK,66.99,Apple,True
9SIBEDFK446366,phone,Apple iPhone 11 128GB Fully Unlocked Green - Grade A,0.0,0,False,MWLK2LL/A0,204.99,Apple,True
9SIAJT4KF27079,phone,Samsung - Galaxy A15 5G - 128GB - Unlocked AT&T Branded - Blue Black - Good Condition - 90 Day Warranty,0.0,0,False,SM-A156U-RBTATTB,127.99,SAMSUNG,True
9SIBEDFK745555,phone,Apple iPhone 15 Plus 128GB Fully Unlocked Black - Refurbished Good,0.0,0,False,MTXR3LL/A000,434.99,Apple,True
9SIBYRBKJM5833,phone,Samsung Galaxy A51 - 128GB - Prism Crush Blue - 5G - Single Sim - 4GB RAM - Fully Unlocked - Good (Grade B),0.0,0,False,88DB6C11BA91E4Z,110.46,SAMSUNG,True
9SIBYRBKFV4160,phone,Apple iPhone 13 Pro - 1TB - Graphite - Fully Unlocked - Excellent (Grade A),0.0,0,False,5558C09EEA7815Z,443.65,Apple,True
9SIBYRBKFZ8739,phone,Apple iPhone SE (2022) - 256GB - Starlight - Fully Unlocked - Excellent (Grade A),0.0,0,False,5042DF992D6047Z,265.0,Apple,True
9SIAGREKFH7743,phone,Samsung Galaxy A16 Dual-SIM 128GB ROM + 4GB RAM (GSM Only | No CDMA) Factory Unlocked 4G/LTE Smartphone (Water Green) - International Version,0.0,0,False,Galaxy A16 4G 128 4 GN,134.99,SAMSUNG,False
9SIBYRBKFV1360,phone,Apple iPhone 12 Pro Max - 128GB - Pacific Blue - Fully Unlocked - Excellent (Grade A),0.0,0,False,6D372A4AF54A9BZ,325.0,Apple,True
9SIAGREKHU4924,phone,"Samsung Galaxy A56 5G 128GB Dual Sim, International Model (Brand New), SM-A556E/DS Awesome Graphite",0.0,0,False,SM-A556E/DSGraphite,319.99,SAMSUNG,False
9SIBYRBKFV1653,phone,Apple iPhone 16 Plus - 256GB - Teal - Fully Unlocked - Excellent (Grade A),0.0,0,False,D7510DAD15931DZ,691.82,Apple,True
9SIBYRBKJK9600,phone,Apple iPhone 13 Pro Max 256GB Fully Unlocked - Graphite (Grade A),0.0,0,False,IPHONE.13.PRO.MAX-256GB-SPACEGRAY-U-NE,472.99,Apple,True
9SIBYRBKJT9552,phone,Apple iPhone 13 - 256GB - Midnight - Verizon Locked - Excellent (Grade A),0.0,0,False,52F46FB73F802FZ,390.0,Apple,True
9SIBYRBKK78148,phone,Apple iPhone 14 Pro - 128GB - Silver - Fully Unlocked - Excellent (Grade A),0.0,0,False,712A6A001E897BZ,585.0,Apple,True
9SIBYRBKJD3992,phone,Apple iPhone 7 - 32GB - Black - Fully Unlocked - Excellent (Grade A),0.0,0,False,0AF8C1125FF452Z,73.0,Apple,True
9SIAH1UKDD8153,phone,Samsung Galaxy A14 - 5G - 64GB - Unlocked T-Mobile Branded - Black - Good Condition - 90 Day Warranty,0.0,0,False,SM-A146U-RBTMU,99.0,SAMSUNG,True
9SIBYRBKFU5233,phone,Apple iPhone 16 Pro Max - 512GB - Desert Titanium - Fully Unlocked - Premium,0.0,0,False,5C413A09D999A2Z,1007.47,Apple,True
9SIBYRBKK72809,phone,Motorola  Moto One (5G) UW Ace - 64GB - Volcanic Gray - Verizon Locked - Good (Grade B),0.0,0,False,9389CA8E55C99AZ,59.4,Motorola,True
9SIBYRBKK66727,phone,Apple iPhone 13 Pro - 128GB - Sierra Blue - Fully Unlocked - Excellent (Grade A),0.0,0,False,EA72EEB6DF38DBZ,400.0,Apple,True
9SIBYRBKG06025,phone,Apple iPhone 13 Pro Max - 128GB - Gold - Fully Unlocked - Excellent (Grade A),0.0,0,False,75A8F36B1B40F0Z,429.0,Apple,True
9SIBYRBKFS8172,phone,Apple iPhone 16 Plus - 256GB - Ultramarine - Fully Unlocked - Premium,0.0,0,False,CCEA1B6E82500DZ,738.45,Apple,True
75-827-159,phone,"Apple iPhone 16 512GB, Pre-Owned Unlocked Cell Phone, Pink - Very Good Condition",0.0,0,False,PAB100972,959.99,Apple,True
9SIAH1UK294736,phone,"SAMSUNG Galaxy S22 Ultra Smartphone, Factory Unlocked Android Cell Phone, 128GB, 8K Camera & Video, Brightest Display, S Pen, Long Battery Life, Fast 4nm Processor, US Version, Green",0.0,0,False,SM-S908UZGAXAA,359.0,SAMSUNG,True
75-505-062,phone,"Google Pixel 3 4G LTE Cell Phone 5.5"" Just Black 4GB RAM",0.0,0,False,GAO1284-US,419.99,Google,False
9SIBYRBKFS8843,phone,Samsung Galaxy S24+ - 256GB - Onyx Black - Single Sim - Fully Unlocked - Excellent (Grade A),0.0,0,False,7FA4257852A935Z,467.27,SAMSUNG,True
9SIBEDFK745567,phone,Apple iPhone 15 Plus 256GB Fully Unlocked Green - Grade A,0.0,0,False,MU023LL/A00,524.99,Apple,True
9SIBYRBKMZ8477,phone,Google  Pixel 9 Pro XL - 1TB - Obsidian - GSM Unlocked - Excellent (Grade A),0.0,0,False,A9EBDABD986BF5Z,899.99,Google,True
9SIBEDFK4R8255,phone,Apple iPhone 13 PRO MAX 128GB Fully Unlocked Gold Very Good - Grade B,0.0,0,False,MLKN3LL/A0,414.99,Apple,True
9SIBYRBKJG7018,phone,Google  Pixel 7 Pro - 256GB - Obsidian - 8GB RAM - Fully Unlocked - Excellent (Grade A),0.0,0,False,24C19C08086F81Z,312.09,Google,True
9SIA8X5HUU7689,phone,"Samsung Galaxy S22+ SM-S906UZKAXAA 5G Unlocked Cell Phone 6.6"" Full Rectangle / 6.4"" Rounded Corners Phantom Black 8GB RAM",4.0,1,False,SM-S906UZKAXAA,393.0,SAMSUNG,False
9SIAM4XH0B9825,phone,Sony Xperia 10 III 5G 128GB 6GB RAM | Unlocked | Dual SIM | GSM ONLY NO CDMA | White,0.0,0,False,X10III6128WHT,343.0,Sony,False
9SIA547K7S8723,phone,Samsung Galaxy S22 Ultra Dual-SIM + eSIM 512GB ROM + 12GB RAM (GSM | CDMA) Factory Unlocked 5G SmartPhone (Phantom Black) - International Version,5.0,1,False,Galaxy S22 U 512 BK,469.99,SAMSUNG,False
9SIBYRBKJG7373,phone,Google  Pixel 8a - 128GB - Bay - Fully Unlocked - Good (Grade B),0.0,0,False,B3B812137EEC45Z,281.79,Google,True
9SIA547KKM5033,phone,Samsung Galaxy S21 5G 128GB/8GB SM-G991B/DS Dual SIM Factory Unlocked 6.2 in Dynamic AMOLED Display Triple Camera Smartphone - Phantom Gray - International Version,0.0,0,False,Samsung Galaxy S21 5G,275.0,SAMSUNG,False
9SIBYRBKJD4057,phone,Apple iPhone 7 - 128GB - Black - Fully Unlocked - Good (Grade B),0.0,0,False,8E28CE5AE18A76Z,84.0,Apple,True
9SIAH1UKHR0027,phone,Samsung Galaxy A14 5G A146U 64GB (Cricket) Android Smartphone (US Version) Black - Very Good,0.0,0,False,SM-A146UZKDXAA-BLK-64GB-N,65.0,SAMSUNG,True
9SIBYRBKKH6703,phone,Motorola  Razr (2025) - 256GB - Pantone Gibraltar Sea - Fully Unlocked - Excellent (Grade A),0.0,0,False,D8B3EE2C4D1B35Z,370.0,Motorola,True
9SIBYRBKFT4913,phone,Apple iPhone 15 - 128GB - Black - Fully Unlocked - Excellent (Grade A),0.0,0,False,1D3A0B44B4D059Z,450.0,Apple,True
9SIBKK2KKT3362,phone,"Samsung Galaxy S20 FE (SM-G780F/DS) - Factory Unlocked Android Cell Phone - 128 GB - Pro-Grade Camera, 30X Space Zoom, Night Mode - Cloud Navy (Grade A)",0.0,0,False,S20 FE 5G NBLU,139.99,SAMSUNG,True
9SIABPXKM94846,phone,Samsung Galaxy A17 5G SM-A176B/DS 256GB Unlocked 6.7 inch 8GB RAM Smartphone - Gray - New,0.0,0,False,SM-A176B/DS G,227.95,SAMSUNG,False
9SIAH1UK322571,phone,Samsung Galaxy S21+ Plus 5G | 8+128GB | Unlocked Android Cell Phone Smartphone | SM-G996U US Version | Pro-Grade Camera 8K Video 12MP High Res | Phantom Black,0.0,0,False,SS996UB,189.0,SAMSUNG,True
9SIBYRBKJG7714,phone,Google  Pixel 8a - 128GB - Obsidian - Fully Unlocked - Excellent (Grade A),0.0,0,False,4CD6785EBD0008Z,312.09,Google,True
9SIBYRBKFS8359,phone,Samsung Galaxy S24 Ultra - 256GB - Titanium Violet - Single Sim - Fully Unlocked - Excellent (Grade A),0.0,0,False,386301E8FC8B61Z,570.0,SAMSUNG,True
9SIBYRBKJG6093,phone,Samsung Galaxy S21 - 128GB - Phantom White - 5G - Single Sim - Fully Unlocked - Premium,0.0,0,False,23CD433B6780AFZ,166.44,SAMSUNG,True
9SIADS6KK51687,phone,Apple iPhone 16E 128GB Fully Unlocked Black-Grade A,0.0,0,False,ALDNEE16,485.0,Apple,True
9SIBYRBKJD3946,phone,Samsung Galaxy A35 5G - 128GB - Awesome Navy - 6GB RAM - Fully Unlocked - Excellent (Grade A),0.0,0,False,8D8E3A51838AC1Z,282.8,SAMSUNG,True
9SIAC8UKM71487,phone,Samsung  Galaxy A36 - 128GB - Black - 6GB RAM - Fully Unlocked - Excellent (Grade A),0.0,0,False,D63508EE9A2F8EZ,179.0,SAMSUNG,True
75-113-975,phone,"Apple iPhone 12 Pro 256GB, Refurbished Unlocked Cell Phone, Pacific Blue - Very Good Condition (Grade B)",0.0,0,False,IPH-12P-256-BLE-B,428.99,Apple,True
9SIAEE0KFR7908,phone,Apple iPhone 13 Pro 256GB Fully Unlocked - Alpine Green (Grade A),0.0,0,False,IPHONE.13.PRO-256GB-GREEN-U-NE,409.99,Apple,True
9SIAAM8KCR9550,phone,"BLU G84 G1050WW 256GB Dual-SIM GSM Unlocked, Dark Blue",0.0,0,False,PBN201757,179.99,BLU,False
9SIBYRBKK67840,phone,Samsung Galaxy S25+ - 256GB - Silver Shadow - Fully Unlocked - Excellent (Grade A),0.0,0,False,4D6F39D2961D6AZ,615.0,SAMSUNG,True
9SIBYRBKKD9929,phone,Apple iPhone 13 - 128GB - Red - GSM Unlocked - Excellent (Grade A),0.0,0,False,86DDF84CA78591Z,299.0,Apple,True
9SIBYRBKFZ0703,phone,Apple iPhone 13 Pro Max - 128GB - Graphite - Fully Unlocked - Good (Grade B),0.0,0,False,1BCE4044AF4CB5Z,350.0,Apple,True
9SIAC8UKKA0884,phone,Samsung Galaxy S24 Ultra - 512GB - Titanium Black - Single Sim - Fully Unlocked - (Grade A) Excellent Condition with BOX,0.0,0,False,S24 UT FAC BLACK 512 A BOX,694.0,SAMSUNG,True
9SIBYRBKJS4536,phone,Apple iPhone 13 Pro Max - 128GB - Silver - Fully Unlocked - Acceptable (Grade C),0.0,0,False,2E5D061D5D654AZ,389.0,Apple,True
9SIBYRBKFV6646,phone,Samsung Galaxy S22 (5G) - 256GB - Green - Single Sim - Fully Unlocked - Good (Grade B),0.0,0,False,1C90D56DB045F6Z,200.0,SAMSUNG,True
9SIBEDFK4V9639,phone,Apple iPhone 12 Mini 256GB Fully Unlocked Blue - Grade B,0.0,0,False,MG8V3LL/A00,184.99,Apple,True
9SIBZWWKGA8362,phone,"Blackview BL7000 AI 5G Rugged Phone Android 15, 24GB+256GB/2TB MTK Dimensity 6300, 6.78"" FHD+ 120Hz, 50MP + Night Vision 20MP, 7500mAh/33W, Rugged Smartphone Dual SIM/T-Mobile/NFC/OTG/IP69K Waterproof",0.0,0,False,Blackview BL7000 Black,249.99,Blackview,False
9SIBYRBKJD3976,phone,Apple iPhone 11 - 64GB - Red - Fully Unlocked - Excellent (Grade A),0.0,0,False,CD113AAF7AEF84Z,175.0,Apple,True
9SIA547KC40812,phone,Samsung Galaxy S21 Ultra 5G G998U 128GB GSM/CDMA Unlocked Android Smartphone (USA Version) - Phantom Black,0.0,0,False,SM-G998UZKAXAA-128GBPBLK-A,335.0,SAMSUNG,False
9SIAH1UKCJ3264,phone,Samsung Galaxy Z Fold 4 5G - 256 GB - GSM CDMA Unlocked - Graygreen - Great Condition - 90 Day Warranty,0.0,0,False,SM-F936UZEAXAA-RBA,499.0,SAMSUNG,True
9SIBYRBKFV0634,phone,Apple iPhone 12 Pro - 512GB - Graphite - Fully Unlocked - Excellent (Grade A),0.0,0,False,1063CA6BAB29B3Z,281.99,Apple,True
9SIC0V0KMH0968,phone,Samsung Galaxy S25 - 128GB - Mint - Fully Unlocked - Excellent (Grade A),0.0,0,False,6FD39A0DE84D19Z,481.0,SAMSUNG,True
9SIBEDFJBN4778,phone,Apple iPhone 11 256GB Verizon GSM Unlocked T-Mobile AT&T 4G LTE Smartphone Black,0.0,0,False,IPH11256BLKVZWA99,204.99,Apple,True
9SIBYRBKJG8057,phone,Samsung Galaxy Note 20 Ultra - 128GB - Mystic Black - 5G - Single Sim - 12GB RAM - Fully Unlocked - Premium,0.0,0,False,0006A7E5D285CAZ,1008.99,SAMSUNG,True
9SIBYRBKJD3882,phone,Google  Pixel 4a - 128GB - Just Black - Fully Unlocked - Good (Grade B),0.0,0,False,50DA3BE1500525Z,108.0,Google,True
9SIBYRBKK48090,phone,Samsung Galaxy S24 Ultra - 256GB - Titanium Gray - Single Sim - Verizon Locked - Excellent (Grade A),0.0,0,False,E8E4723EFECE1AZ,623.15,SAMSUNG,True
9SIBZPDKF18855,phone,Apple iPhone 5s 16GB Unlocked smartphone 4G LTE  Space Gray,0.0,0,False,5s16Gblack,42.39,Apple,True
9SIA4DMKN90437,phone,Apple iPhone 12 Pro - 256GB - Pacific Blue - Fully Unlocked - Acceptable (Grade C),0.0,0,False,ABA29B430999F3Z,277.86,Apple,True
9SIA4DMK415778,phone,Apple iPhone 13 Mini 256GB Fully Unlocked Midnight - Grade B,0.0,0,False,MLHT3LL/A000,324.99,Apple,True
9SIA24GKGV7002,phone,Google Pixel 9 Pro XL Dual-SIM 128GB ROM + 16GB RAM (GSM Only | No CDMA) Factory Unlocked 5G Smartphone (Porcelain) - US Version,0.0,0,False,GA05901-US,946.7,Google,False
9SIBYRBKG07900,phone,Samsung Galaxy S24 Ultra - 512GB - Titanium Gray - Single Sim - Fully Unlocked - Good (Grade B),0.0,0,False,F59177BCF2667DZ,599.98,SAMSUNG,True
9SIBYRBKJG7208,phone,Samsung Galaxy S21 Ultra (5G) - 256GB - Phantom Black - Single Sim - Fully Unlocked - Good (Grade B),0.0,0,False,1DDB8340686CB7Z,279.99,SAMSUNG,True
9SIBYRBKFS8915,phone,Apple iPhone 13 mini - 128GB - Midnight - Fully Unlocked - Good (Grade B),0.0,0,False,49F5B35612145CZ,234.0,Apple,True
9SIAGREKKX3015,phone,Xiaomi Redmi A5 4G 64GB ROM 3GB RAM Dual SIM GSM Unlocked - Gold,5.0,1,False,X-REDMI-A5-4G-3-64-GD,84.99,Mi,False
9SIBYRBKJD4189,phone,Google  Pixel 8 Pro (5G) - 128GB - Obsidian - Fully Unlocked - Good (Grade B),0.0,0,False,7B6E35D7DFE8FEZ,374.0,Google,True
9SIBEDFK4G1275,phone,Apple iPhone 14 Plus 128GB Fully Unlocked Midnight - Grade B,0.0,0,False,MQ3R3LL/A00,299.99,Apple,True
9SIABPXKM85383,phone,Samsung Galaxy A16 4G SM-A165M/DS 128GB Global Unlocked 6.7 inch 4GB RAM Smartphone - Black - New,0.0,0,False,SM-A165M/DS G,134.95,SAMSUNG,False
9SIBYRBKFS8586,phone,Samsung Galaxy S23 - 128GB - Phantom Black - Single Sim - Fully Unlocked - Good (Grade B),0.0,0,False,4C499880966E3AZ,204.0,SAMSUNG,True
9SIBYRBKJH6195,phone,Apple iPhone XR - 64GB - Black - AT&T Locked - Excellent (Grade A),0.0,0,False,E9F6000362F587Z,134.0,Apple,True
9SIBYRBKK73598,phone,Samsung Galaxy S22 (5G) - 256GB - Phantom Black - Single Sim - AT&T Locked - Excellent (Grade A),0.0,0,False,23454B695721C1Z,165.0,SAMSUNG,True
9SIBYRBKK71320,phone,Google  Pixel 2 - 128GB - Just Black - Fully Unlocked - Excellent (Grade A),0.0,0,False,B93C06F92A30F4Z,74.74,Google,True
9SIA8X5K9N8640,phone,Motorola Edge | 2024 | Unlocked | Made for US 8/256GB | 50MP Camera | Midnight Blue Cellphone Smartphone PB0T0004US,0.0,0,False,PB0T0004US,348.0,Motorola,False
9SIBYRBKHJ9235,phone,Apple iPhone 11 Pro Max - 256GB - Midnight Green - Fully Unlocked - Excellent (Grade A),0.0,0,False,E4DB4D1761A4C4Z,269.0,Apple,True
9SIAEE0KFW4538,phone,Apple iPhone 13 Mini 128GB Fully Unlocked - Black (Grade B),0.0,0,False,IPHONE.13.MINI-128GB-BLACK-U-K1-NE-1,259.99,Apple,True
9SIBYRBKG05581,phone,Apple iPhone 12 - 64GB - Black - Fully Unlocked - Acceptable (Grade C),0.0,0,False,60EFC649123506Z,155.0,Apple,True
9SIBZWWKKS2363,phone,"Ulefone Armor 33 Pro Rugged Phone 5G Dual Screen, 25500 mAh Battery 32GB + 512GB/2TB, 6.95"" FHD+ 120Hz & 3.4"" Secondary Display, 50MP + 64MP Night Vision + 32MP, Android 14, WiFi 6E",0.0,0,False,Ulefone Armor 33 Pro,439.99,Ulefone,False
9SIBYRBKJH6217,phone,Apple iPhone XR - 128GB - Black - Fully Unlocked - Good (Grade B),0.0,0,False,062C98E1E67781Z,161.49,Apple,True
23B-000A-00J25,phone,Apple iPhone 12 64GB GSM/CDMA Fully Unlocked - Black,0.0,0,False,IPH-12-64-BLK,618.99,Apple,False
9SIC3S0KNC1323,phone,Xiaomi Redmi Note 14 4G 128GB ROM 6GB RAM Dual SIM GSM Unlocked - Lime Green,0.0,0,False,X-NOTE14-4G-6-128-GN,200.0,Mi,False
9SIA547K7S8727,phone,Samsung Galaxy S22 Ultra Dual-SIM + eSIM 256GB ROM + 12GB RAM (GSM | CDMA) Factory Unlocked 5G SmartPhone (Phantom Black) - International Version,0.0,0,False,Galaxy S22 U 256 BK,435.0,SAMSUNG,False
9SIBYRBKJG8612,phone,Apple iPhone 13 mini - 128GB - Blue - Fully Unlocked - Good (Grade B),0.0,0,False,1357CCC55C7A30Z,234.0,Apple,True
9SIAEE0KFW4428,phone,Apple iPhone 11 128GB Fully Unlocked - Red (Grade B),0.0,0,False,IPHONE.11-128GB-RED-U-K1-NE-1,199.99,Apple,True
9SIAH1UK1X3277,phone,Samsung Galaxy Z Flip 3 - 5G - 128 GB - GSM CDMA Unlocked - Phantom Black - Excellent Condition - 90 Day Warranty,0.0,0,False,SM-F711U-RBVB,215.0,SAMSUNG,True
9SIAH1UK2T1442,phone,Samsung Galaxy S22 Ultra 5G - 512GB - GSM CDMA Factory Unlocked - Phantom Black - Great Condition - 90 Day Warranty,0.0,0,False,SM-S908UZKAXAARB,455.0,SAMSUNG,True
9SIBEDFK4R8595,phone,Apple iPhone 13 PRO MAX 128GB Fully Unlocked Sierra Blue - Grade B,0.0,0,False,MLKP3LL/A00,394.99,Apple,True
9SIBYRBKK71679,phone,Apple iPhone XR - 64GB - Black - Fully Unlocked - Premium,0.0,0,False,F76F117E1D566FZ,179.0,Apple,True
75-113-963,phone,Apple iPhone SE (2020) 64GB Fully Unlocked White - Very Good Condition,0.0,0,False,MX9P2LL/A-WHT-U,190.99,Apple,True
9SIBYRBKJS6184,phone,Apple iPhone 11 - 128GB - White - Fully Unlocked - Excellent (Grade A),0.0,0,False,B8B6BC4DC50B6AZ,220.0,Apple,True
9SIBYRBKFS8661,phone,Samsung Galaxy S22+ (5G) - 256GB - Pink - Single Sim - Fully Unlocked - Excellent (Grade A),0.0,0,False,3115198F4726EEZ,319.0,SAMSUNG,True
9SIBYRBKFV6958,phone,Apple iPhone 13 Pro - 256GB - Sierra Blue - Fully Unlocked - Excellent (Grade A),0.0,0,False,A6E1A969ED2259Z,407.95,Apple,True
9SIAH1UK0R1963,phone,Samsung Galaxy S21 FE 5G G990U (Fully Unlocked) 128GB Graphite,5.0,1,False,657477448332,165.0,SAMSUNG,True
9SIBYRBKJC6296,phone,Google  Pixel 6 Pro - 128GB - Stormy Black - Fully Unlocked - Excellent (Grade A),0.0,0,False,EACE9EA2F82678Z,180.0,Google,True
9SIBYRBKJH5731,phone,Apple iPhone 7 - 32GB - Black - Fully Unlocked - Acceptable (Grade C),0.0,0,False,F2D5A44A3F170AZ,60.0,Apple,True
9SIBYRBKFS8659,phone,Samsung Galaxy S23 - 128GB - Lavender - Single Sim - Fully Unlocked - Excellent (Grade A),0.0,0,False,8C691986A0F88DZ,245.0,SAMSUNG,True
9SIBYRBKJD2237,phone,Samsung Galaxy Z Flip5 (5G) - 256GB - Graphite - Fully Unlocked - Good (Grade B),0.0,0,False,23092A7660A207Z,274.99,SAMSUNG,True
9SIBEDFK746389,phone,Apple iPhone 15 512GB Fully Unlocked Black - Refurbished Very Good,0.0,0,False,MTM93LL/A011,559.99,Apple,True
9SIAEE0KFR7969,phone,Apple iPhone 14 Plus 256GB Fully Unlocked - Midnight (Grade A),5.0,1,False,IPHONE.14.PLUS-256GB-MIDNIGHT-U-NE,439.99,Apple,True
9SIA547K741371,phone,Google Pixel 6 Pro 5G 128GB 12GB RAM | Unlocked | GSM ONLY NO CDMA |Cloudy White,0.0,0,False,GGL6P5GWHT12256,335.0,Google,False
9SIAEE0KFR7970,phone,Apple iPhone 14 Pro 256GB Fully Unlocked - Deep Purple (Grade A),0.0,0,False,IPHONE.14.PRO-256GB-PURPLE-U-NE,494.99,Apple,True
9SIBYRBKJM5722,phone,Samsung Galaxy S20 FE - 128GB - Cloud Mint - 5G - Single Sim - 6GB RAM - Fully Unlocked - Excellent (Grade A),0.0,0,False,56AB504FE7E493Z,137.0,SAMSUNG,True
9SIAAM8JST1717,phone,Apple iPhone SE (2nd Gen) A2275 (Fully Unlocked) 64GB Black,4.4,7,False,735203977421,115.0,Apple,True
9SIBYRBKMA2372,phone,Google  Pixel 9 Pro - 128GB - Obsidian - GSM Unlocked - Excellent (Grade A),0.0,0,False,DBC19D13CEE9D1Z,599.99,Google,True
9SIBYRBKJH6280,phone,Apple iPhone 11 - 128GB - Red - Fully Unlocked - Excellent (Grade A),0.0,0,False,E2B27305359AF1Z,195.0,Apple,True
9SIA8X5FK30440,phone,"Samsung Electronics Galaxy Note 20 Ultra 5G Factory Unlocked Android Cell Phone, US Version, 128GB of Storage, Mobile Gaming Smartphone, Long-Lasting Battery, Mystic Bronze (SM-N986UZNAXAA)",0.0,0,False,SM-N986UZNAXAA-0,476.99,SAMSUNG,False
9SIBYRBKKE2143,phone,Apple iPhone 15 Pro Max - 1TB - Natural Titanium - Fully Unlocked - Premium,0.0,0,False,8722ADF514BE4EZ,836.39,Apple,True
9SIBYRBKFS8828,phone,Samsung Galaxy S23 - 128GB - Green - Single Sim - Fully Unlocked - Good (Grade B),0.0,0,False,569715F0C11C46Z,214.0,SAMSUNG,True
9SIBYRBKFS8549,phone,Apple iPhone SE (2022) - 128GB - Red - Fully Unlocked - Good (Grade B),0.0,0,False,F562C0DE36B25DZ,169.99,Apple,True
9SIBZWWKG00242,phone,"OUKITEL WP55 Pro 5G Rugged Smartphone Unlocked Android 15-48GB+512GB/2TB Rugged Cellphones, 6.6''FHD+Display 108MP Rear Camera 11000mAh(33w) Battery Waterproof Mobile Phone, IP68/IP69K/NFC/T-Mobile",0.0,0,False,OUKITEL WP55 Pro,299.99,OUKITEL,False
9SIBYRBKK81579,phone,Samsung Galaxy S23+ - 512GB - Graphite - Single Sim - Fully Unlocked - Excellent (Grade A),0.0,0,False,25F816E3A4506BZ,333.29,SAMSUNG,True
9SIBYRBKFS8152,phone,Apple iPhone 13 mini - 128GB - Red - Fully Unlocked - Excellent (Grade A),0.0,0,False,7C54A48FCC451DZ,254.0,Apple,True
75-168-156,phone,Samsung Galaxy A42 5G A426U 128GB GSM / CDMA Unlocked Android Smartphone (US Version) - Prism Dot Black,1.0,1,False,SM-A426UZKBXAA-128GB-PDOTB-B,176.99,SAMSUNG,True
9SIA5AFBUR6269,phone,"Samsung Galaxy S8 G950U 4G LTE Unlocked GSM U.S. Version Phone - w/ 12 MP Camera 5.8"" Orchid Gray 4GB RAM",2.0,1,False,SM-G950U RB,229.97,SAMSUNG,True
9SIBEDFK502742,phone,Apple iPhone 13 128GB Fully Unlocked Midnight - Grade A,0.0,0,False,MLML3LL/A000,309.99,Apple,True
9SIBU4JK6U3567,phone,Apple iPhone 14 128GB Fully Unlocked - Grade A Red,0.0,0,False,A2649-4,685.0,Apple,True
75-136-566,phone,"LG Q70 4G LTE Unlocked Cell Phone 6.4"" Black 64GB 4GB RAM",3.0,2,False,LMQ620QM.AUSAMB,203.33,LG Electronics,False
9SIA8EVKDD7131,phone,Apple iPhone 15 Pro 256GB Natural Titanium Fully Unlocked Smartphone - Premium 90% and Above Battery - Excellent,0.0,0,False,MQA2-IP15P0-256-B-1,795.0,Apple,True
9SIBZRPKPG1182,phone,Apple iPhone 14 Pro Max 128GB Fully Unlocked - Space Black (Grade A),0.0,0,False,IPHONE.14.PRO.MAX-128GB-BLACK-U-NE,489.0,Apple,True
9SIAH1UJT66700,phone,Samsung - Galaxy Note 20 - 128GB - GSM CDMA Unlocked - Mystic Green - Great Condition - 90 Day Warranty,0.0,0,False,SM-N981U-RBG,215.0,SAMSUNG,True
9SIBEDFK3Z7872,phone,Apple iPhone 12 256GB Fully Unlocked Black - Grade A,5.0,1,False,MGHH3LL/A0,264.99,Apple,True
9SIBZWWKG06685,phone,"Ulefone Armor Mini 20T Pro 5G Rugged Phone & Armor Case, Thermal Imaging 50MP Main Camera, 16GB+256GB MTK Dimensity 6300, 6200mAh(33W), 4.7"" HD+ Corning Gorilla Screen, Versatile LED Light+CASE",0.0,0,False,Ulefone Armor Mini 20T Pro+CASE,419.99,Ulefone,False
9SIA4DMKK34157,phone,Apple iPhone 15 Plus 256GB Fully Unlocked - Pink (Grade B),0.0,0,False,IPHONE.15.PLUS-256GB-PINK-U-K1-NE-1,679.99,Apple,True
9SIAC8UKNH6964,phone,Samsung Galaxy S21 FE 5G G990U 128GB GSM/CDMA Unlocked Android Smartphone (US Version) - Graphite,0.0,0,False,SM-G990UZADXAA-128GB-GRPH-B,161.0,SAMSUNG,True
9SIAEE0KFW4451,phone,Apple iPhone 12 64GB Fully Unlocked - Purple (Grade B),0.0,0,False,IPHONE.12-64GB-PURPLE-U-K1-NE-1,194.99,Apple,True
9SIBYS6KEB7036,phone,Apple iPhone 12 mini - 128GB 5G Blue Factory Unlocked - GOOD CONDITION,0.0,0,False,A2176-128-BLU-UNLK-RC,217.0,Apple,True
9SIBEDFK4Y8645,phone,Apple iPhone 11 128GB Fully Unlocked Black - Grade C,0.0,0,False,MWLE2LL/A000,169.99,Apple,True
9SIBYS6KEM9292,phone,Apple iPhone 14 128GB Fully Unlocked Midnight - Grade B,0.0,0,False,MPUA3LL/A,349.0,Apple,True
9SIAH1UKGS5826,phone,Samsung Galaxy Z Flip6 512GB ROM + 12GB RAM (GSM | CDMA) Factory Unlocked 5G Smartphone Crafted Black - Grade A,0.0,0,False,FLIP 6 FAC 512GB BLACK A,589.0,SAMSUNG,True
9SIBEDFK7F0355,phone,Apple iPhone 13 PRO 1TB Fully Unlocked Gold - Grade A,0.0,0,False,MLUC3LL/A00,514.99,Apple,True
9SIBEDFJ9Y7570,phone,Apple iPhone 12 128GB GSM/CDMA Fully Unlocked - Blue,1.5,2,False,IPH-12-128-BLE,199.99,Apple,True
9SIBYRBKFS8248,phone,Samsung Galaxy S24+ - 512GB - Onyx Black - Single Sim - Fully Unlocked - Excellent (Grade A),0.0,0,False,E130DF2062E372Z,530.23,SAMSUNG,True
9SIAEE0KFW4756,phone,Apple iPhone 15 Pro 512GB Fully Unlocked - Black (Grade B),0.0,0,False,IPHONE.15.PRO-512GB-BLACK-U-K1-NE-1,724.99,Apple,True
9SIBYRBKFS8368,phone,Samsung Galaxy S24 - 128GB - Cobalt Violet - Single Sim - Fully Unlocked - Excellent (Grade A),0.0,0,False,FB1ECB6AA6E44AZ,319.99,SAMSUNG,True
9SIA547KEY7849,phone,"SAMSUNG Galaxy S23 FE Cell Phone, 256GB, Unlocked Android Smartphone, Long Battery Life, Premium Processor, Tough Gorilla Glass Display, Hi-Res 50MP Camera, US Version, 2023, Graphite",3.0,1,False,SM-S711UZAEXAA,435.0,SAMSUNG,False
9SIBZU3KF13035,phone,"Samsung Galaxy A36 5G AI, 256GB 8GB RAM, Android Smartphone, Latin Version, Dual Sim, Unlocked, New  (International Version) - Awesome Lavender",0.0,0,False,SM -A366E/DS,298.9,SAMSUNG,False
9SIBZPDKF20557,phone,Apple iPhone 6s Plus 64GB Verizon + Network Unlocked 4G LTE Smartphone - Space Gray,0.0,0,False,iPhone 6sp/64GB Black,60.99,Apple,True
9SIBYRBKFV1665,phone,Apple iPhone 13 mini - 128GB - Midnight - Fully Unlocked - Excellent (Grade A),0.0,0,False,AC929CF4573F14Z,254.0,Apple,True
75-565-056,phone,"BLU G64 G1010WW 256GB Dual-SIM GSM Unlocked, Green",0.0,0,False,PBN201763,142.99,BLU,False
9SIBYS6KEA9376,phone,"Apple iPhone 12 Mini 128GB, Refurbished Unlocked Cell Phone, White - Very Good Condition (Grade B)",3.0,2,False,MG8M3LL/A,235.0,Apple,True
23B-000A-00J32,phone,"Apple iPhone 11 128GB, Refurbished Unlocked Cell Phone, Purple - Very Good Condition (Grade B)",4.3,8,False,MWKY2LL/A-PRPCRB,279.99,Apple,True
9SIA547KA41519,phone,Samsung Galaxy S21 Ultra 5G G9980 256GB 12GB RAM International Version - Phantom Black,0.0,0,False,8806090886225,325.0,SAMSUNG,False
9SIBYRBKFS8382,phone,Samsung Galaxy S23+ - 256GB - Green - Single Sim - Fully Unlocked - Excellent (Grade A),0.0,0,False,736234FD659AADZ,297.48,SAMSUNG,True
23B-000A-00J30,phone,"Apple iPhone 11 128GB, Pre-Owned Unlocked Cell Phone, Black - Very Good Condition (Grade B)",4.3,8,False,MWKU2LL/A-CRBLK,279.99,Apple,True
9SIA7WPKC56716,phone,Apple iPhone 11 Pro Max 512GB Fully Unlocked Verizon T-Mobile AT&T 4G LTE (2019) - Green - Excellent Condition,0.0,0,False,IPH11MX512GNAB75,299.97,Apple,True
9SIAEE0KFW4805,phone,Apple iPhone SE 3 64GB Fully Unlocked - Red (Grade B),5.0,1,False,IPHONE.SE.3-64GB-RED-U-K1-NE-1,149.99,Apple,True
75-827-123,phone,"Apple iPhone 16 PRO MAX 512GB, Refurbished Unlocked Cell Phone, White Titanium - Very Good Condition (Grade B)",0.0,0,False,PAB100930,1249.99,Apple,True
9SIBZU3KF95474,phone,"Samsung Galaxy A03s SM-A037UZKDXAA 4G LTE Unlocked Cell Phone 6.5"" Black 3GB RAM",0.0,0,False,SM-A037UZKDXAA,105.9,SAMSUNG,False
9SIA8EHE8W8905,phone,Samsung Galaxy S8 SM-G950U 64GB GSM Unlocked Android Smartphone - Orchid Gray,5.0,1,False,SMG950UZVV,219.98,SAMSUNG,True
9SIA8EHE8W8463,phone,"Samsung Galaxy S8+ Plus Single-SIM 64GB (No CDMA, GSM only) Factory Unlocked 4G Smartphone - Orchid Grey",0.0,0,False,SM-G955F-GR,319.98,SAMSUNG,False
9SIAEE0KFW4691,phone,Apple iPhone 14 256GB Fully Unlocked - Silver (Grade B),0.0,0,False,IPHONE.14-256GB-SILVER-U-K1-NE-1,384.99,Apple,True
9SIA8EHE8W8464,phone,Samsung Galaxy S8 64GB Unlocked 5.8'' AMOLED Smartphone 4GB Orchid Grey,0.0,0,False,8806088703909,319.98,SAMSUNG,False
9SIAEE0KFW4478,phone,Apple iPhone 11 Pro 256GB Fully Unlocked - Gold (Grade B),0.0,0,False,IPHONE.11.PRO-256GB-GOLD-U-K1-NE-1,224.99,Apple,True
9SIAD6HKHC2132,phone,"Motorola Moto G Plus (4th Gen) 16GB 4G LTE Cell phone 5.5"" 2GB RAM",0.0,0,False,01002NACRTL,328.43,Motorola,False
9SIAGREKFB2850,phone,SAMSUNG Galaxy S25 Ultra S938B 256GB ROM 12GB RAM Dual SIM GSM Unlocked - Black,0.0,0,False,SM-S938B-5G-12-256-BK,914.99,SAMSUNG,False
9SIAAM8KCR9512,phone,"Apple iPhone 13 Mini 128 GB Fully Unlocked, Blue - Very Good Condition (Grade B)",0.0,0,False,PAB100206,379.99,Apple,True
75-827-068,phone,"Apple iPhone 15 128GB, Refurbished Unlocked Cell Phone, Blue - Very Good Condition (Grade B)",0.0,0,False,PAB100809,549.0,Apple,True
9SIADS6KCK7091,phone,Apple iPhone 13 128GB Fully Unlocked Smartphone Midnight Very Good,0.0,0,False,MLMM3-IP13-128-Z-1,325.0,Apple,True
9SIBUBDKHW0751,phone,Apple iPhone 11 Pro 64GB Fully Unlocked - Gold (Grade A),0.0,0,False,IPHONE.11.PRO-64GB-GOLD-U-NE,300.0,Apple,True
9SIA547K741370,phone,Google Pixel 6 Pro 5G 128GB 12GB RAM | Unlocked | GSM ONLY NO CDMA |Cloudy White,0.0,0,False,GGL6P5GWHT12128,335.0,Google,False
9SIAH1UJZX5406,phone,Samsung Galaxy Note 20 5G- Unlocked Phone - 128GB (Grey),0.0,0,False,SM-N981WZAAXAC,205.0,SAMSUNG,True
9SIA547KHM7807,phone,Samsung Galaxy S23 Plus 5G (SM-S916B/DS) Dual SIM 256GB ROM 8GB RAM GSM Unlocked Smartphone Mobile Cell Phone International Version - Black,0.0,0,False,S23Plus1,475.0,SAMSUNG,False
75-827-101,phone,"Apple iPhone 16 PRO 512GB, Refurbished Unlocked Cell Phone, Desert Titanium - Very Good Condition (Grade B)",0.0,0,False,PAB100921,1099.99,Apple,True
9SIBYS6KEA1534,phone,Apple iPad 6th Generation (2018) 32GB Space Gray (Unlocked) Grade B+,0.0,0,False,653046192637,120.99,Apple,True
9SIBEDFJBU3965,phone,Apple iPhone 12 Pro 128GB Fully Unlocked Graphite Grade A,2.0,2,False,MGLN3LL/R,269.99,Apple,True
9SIA5AFAPT7583,phone,"Samsung Galaxy S8+ Plus 64GB G955U GSM Unlocked 4G LTE 6.2"" Super AMOLED 4GB RAM 12MP Camera Smartphone - Orchid Gray",3.0,2,False,G955U Gry,334.97,SAMSUNG,False
9SIA24GK8W4348,phone,"SAMSUNG Galaxy S24 Cell Phone, 128GB AI Smartphone, Unlocked Android, 50MP Camera, Fastest Processor, Long Battery Life, US Version, 2024, Onyx Black",0.0,0,False,SM-S921UZKAXAA,635.24,SAMSUNG,False
9SIBEDFKDF4056,phone,Apple iPhone 14 Pro Max 128GB Fully Unlocked Deep Purple-Refurbished Very Good,0.0,0,False,IPH14128,474.99,Apple,True
9SIA8X5KBR6952,phone,"SAMSUNG Galaxy Z Flip 6 AI Cell Phone, 512GB Unlocked Android Smartphone, FlexCam, Photo Assist, Camcorder Mode, Live Interpreter, Foldable Design, 2024",0.0,0,False,SM-F741UZSEXAA,986.99,SAMSUNG,False
9SIBYRBKJD3956,phone,Motorola  Razr+ (2024) (5G) - 256GB - Midnight Blue - Fully Unlocked - Excellent (Grade A),0.0,0,False,779B270C5B0B76Z,433.29,Motorola,True
9SIA5AFBUR6254,phone,"Samsung Galaxy S10e SM-G970U (128GB / 6GB) 4G LTE Unlocked Cell Phone - 5.8"" HD Infinity Display - Grade A (9/10) Quality - Prism Black - 2 DAYS DELIVERY",0.0,0,False,G970U-128GB-CRC-BLAC,299.97,SAMSUNG,True
9SIAJT4KEN9728,phone,Motorola Moto G play (2024) - 64 GB - Unlocked AT&T Branded- Sapphire Blue - Great Condition - 90 Days Warranty,0.0,0,False,PB0C0007USRB,91.99,Motorola,True
9SIAEE0KFR7889,phone,Apple iPhone 13 Pro 128GB Fully Unlocked - Alpine Green (Grade A),0.0,0,False,IPHONE.13.PRO-128GB-GREEN-U-NE,379.99,Apple,True
9SIA5AFAPT7578,phone,"Samsung Galaxy S8 SM-G950 64GB Smartphone (Unlocked, Midnight Black)",2.0,2,False,SM-G950FZKLTPA,324.97,SAMSUNG,False
9SIA8X5KCW8705,phone,"SAMSUNG Galaxy S24 FE AI Phone, 128GB Unlocked Android Smartphone, High-Res 50MP Camera, Long Battery Life, Brighter Display Screen, US Version, 2024 Cell Phone",0.0,0,False,SM-S721UZKAXAA,644.99,SAMSUNG,False
9SIA5AFF4B3763,phone,"Google Pixel 2 64GB G011A GSM + CDMA Factory Unlocked 5"" AMOLED Display 4GB RAM 12.2MP Smartphone -  Clearly White - USA Version",0.0,0,False,GOOGLEPIXEL264GBWHT,279.97,Google,False
9SIAGREKGP4776,phone,Xiaomi Redmi Note 14 Pro 4G 256GB ROM 8GB RAM Dual SIM GSM Unlocked - Midnight Black,0.0,0,False,X-NOTE14-PRO-4G-8-256-BK,244.99,Mi,False
9SIAEE0KFW4528,phone,Apple iPhone 13 Pro Max 128GB Fully Unlocked - Green (Grade B),0.0,0,False,IPHONE.13.PRO.MAX-128GB-GREEN-U-K1-NE-1,429.99,Apple,True
9SIADS6KCF3013,phone,Apple iPhone 13 Mini Fully Unlocked 4GB/128GB - Red,0.0,0,False,101-392-0284-NE,340.0,Apple,True
9SIAAM8JJW9242,phone,Samsung Galaxy S20+ 5G G986U 128GB GSM/CDMA Unlocked Android SmartPhone (USA Version) - Cosmic Black,0.0,0,False,SM-G986UZKAXAA-128GB-BLK-B,299.99,SAMSUNG,False
9SIA5AFEJR5609,phone,Samsung Galaxy J3 2018 J337A 16GB AT&T Unlocked Nano SIM Android Phone w/ 8MP Camera - Blue,0.0,0,False,SM-J337A,149.97,SAMSUNG,False
9SIBYRBKJG8338,phone,Apple iPhone 11 - 256GB - Black - Fully Unlocked - Good (Grade B),0.0,0,False,B4A13566731B81Z,194.0,Apple,True
9SIBUBDKN00567,phone,Apple iPhone 12 Pro Max 512GB Fully Unlocked - Silver (Grade A),0.0,0,False,IPHONE.12.PRO.MAX-512GB-SILVER-U-NE,511.2,Apple,True
9SIBZ5CKEA4910,phone,Bigme HiBreak Smartphone E-Ink Screen 6G+128GB Android 11 with 36-Level Front Light and 3300mAh Battery Black and White,5.0,4,False,Hibreak-BW,224.0,Bigme,False
9SIBV3EK8B3414,phone,8849 Tank 3 Pro Rugged Phone 16GB+ 512GB Lumens Projector 200MP Camera Night Vision 6.79'' 23800mAh NFC 5G Smartphone,2.0,1,False,6972378150448,599.0,8849,False
9SIADS6JJV5012,phone,Samsung Galaxy S22 5G S901U (Fully Unlocked) 128GB Phantom White,0.0,0,False,657477003630,205.0,SAMSUNG,True
9SIBEDFK4W0615,phone,Apple iPhone 12 PRO 512GB Fully Unlocked Pacific Blue Very Good - Grade A-,0.0,0,False,MGM43LL/A00,309.99,Apple,True
75-827-019,phone,"Apple iPhone 15 128GB, Refurbished Unlocked Cell Phone, Pink - Very Good Condition (Grade B)",0.0,0,False,PAB100812,549.0,Apple,True
9SIA8EHE8W8839,phone,"Samsung Galaxy S8 G950U 4G LTE Unlocked GSM U.S. Version Phone - w/ 12 MP Camera 5.8"" Midnight Black 4GB RAM",2.8,6,False,SM-G950U 64MB RB,219.98,SAMSUNG,True
9SIBEDFK4R8592,phone,Apple iPhone 13 PRO MAX 128GB Fully Unlocked Alpine Green - Grade B,0.0,0,False,MNCP3LL/A00,394.99,Apple,True
9SIBEDFK769371,phone,Apple iPhone 15 PRO MAX 256GB Fully Unlocked Blue Titanium - Refurbished Good,0.0,0,False,MU693LL/A000,619.99,Apple,True
9SIA5AFF4B3766,phone,"Google Pixel 2 XL 64GB G011C GSM + CDMA Factory Unlocked 4G LTE 6""  P-OLED Display 4GB RAM 12.2MP Camera Phone - Just Black - USA Version",0.0,0,False,GOOGLEPIXELXL264GBBL,279.97,Google,False
9SIBK15K558838,phone,Nokia XR20 Dual-Sim 128GB ROM + 6GB RAM (GSM | CDMA) Factory Unlocked 5G SmartPhone (Granite) - International Version,0.0,0,False,Nokia XR20 DS GR,519.6,Nokia,False
75-827-006,phone,"Apple iPhone 15 PRO 256GB, Refurbished Unlocked Cell Phone, Black Titanium - Very Good Condition (Grade B)",0.0,0,False,PAB100832,799.0,Apple,True
9SIBZWWKG00259,phone,"OUKITEL WP55 Android 15 Rugged Phone Unlocked 5G- 36GB+256GB/TF 2TB Rugged Smartphone, 11000mAh(33W) Battery, 6.6"" FHD+120HZ Display, 108MP Camera, 5G Dual SIM Phone, NFC/GPS/OTG/IP68/IP69K, T-Mobile",0.0,0,False,,279.99,OUKITEL,False
9SIAH1UKGS5915,phone,Samsung Galaxy Z Flip6 5G 512GB - Unlocked Blue - Good Condition,0.0,0,False,z flip6 blue,599.0,SAMSUNG,True
9SIBYRBKFS8831,phone,Samsung Galaxy S22 Ultra (5G) - 256GB - Phantom Black - Single Sim - Fully Unlocked - Good (Grade B),0.0,0,False,E8B575BFB93C3EZ,289.99,SAMSUNG,True
9SIAH1UK294577,phone,Samsung Galaxy S22 Ultra 128GB Fully Unlocked Green Very Good - Grade A-,5.0,1,False,SM-G908UGR0,379.0,SAMSUNG,True
9SIBEDFK5C2632,phone,Samsung Galaxy S22 5G 128GB Fully Unlocked Phantom Black - Grade A,0.0,0,False,SM-G901U00,189.99,SAMSUNG,True
9SIBEDFK2R7860,phone,Apple iPhone 14 128GB Fully Unlocked - Grade A Midnight,0.0,0,False,A2649,314.99,Apple,True
9SIBYRBKJK9636,phone,Apple iPhone 12 Pro 128GB Fully Unlocked - Gold (Grade A),0.0,0,False,IPHONE.12.PRO-128GB-GOLD-U-NE,323.0,Apple,True
9SIBYRBKFX4837,phone,Samsung Galaxy S22+ (5G) - 128GB - Phantom Black - Single Sim - Fully Unlocked - Premium,0.0,0,False,C27E5557BD63F2Z,253.36,SAMSUNG,True
9SIBEDFK743646,phone,Apple iPhone 15 128GB Fully Unlocked Pink - Grade A,0.0,0,False,MTLW3LL/A00,449.99,Apple,True
9SIBEDFJ4G5997,phone,"Apple iPhone 11 A13 Bionic, 4GB, 64GB, 6.1inch, iOS, A GRADE, Black (Unlocked) Refurbished",3.0,2,False,825633505117,179.99,Apple,True
9SIBEDFK3N4946,phone,Apple iPhone 13 PRO 128GB Fully Unlocked Silver - Grade A,0.0,0,False,MLTQ3LL/A0,389.99,Apple,True
9SIAEE0KFW4798,phone,Apple iPhone XR 64GB Fully Unlocked - White (Grade B),0.0,0,False,IPHONE.XR-64GB-WHITE-U-K1-NE-1,134.99,Apple,True
9SIAEE0KFW4603,phone,Apple iPhone 13 Pro 256GB Fully Unlocked - Blue (Grade B),0.0,0,False,IPHONE.13.PRO-256GB-BLUE-U-K1-NE-1,384.99,Apple,True
9SIAH1UK3H0959,phone,Samsung Galaxy Note 20 Ultra 5G 128GB Fully Unlocked Mystic Black - Refurbished Very Good,0.0,0,False,SM-N986U010,279.0,SAMSUNG,True
9SIA547K8T0586,phone,"Samsung Galaxy S22 Ultra 5G (SM-S908E/DS) 6.8"" Dynamic AMOLED Display, 256GB+12GB RAM, 108MP Quad Camera, GSM Factory Unlocked, International Version Phantom Green",0.0,0,False,S22 Ultra 256GB/12GB Phantom Green,449.99,SAMSUNG,False
9SIAE4WKKU5910,phone,Apple iPhone 7 32GB Matte Black (T-Mobile) Grade B+,0.0,0,False,619206531845,50.99,Apple,True
9SIA8X5K524828,phone,"SAMSUNG Galaxy S24+ Plus Cell Phone, 256GB AI Smartphone, Unlocked Android, 50MP Camera, Fastest Processor, Long Battery Life, US Version 2024 Cobalt Violet",0.0,0,False,SM-S926UZVAXAA,950.99,SAMSUNG,False
9SIBEDFK2N3359,phone,Apple iPhone 13 Pro | Unlocked| 128 GB | Graphite | Grade A+,0.0,0,False,A.2483.U.128.GL,389.99,Apple,True
9SIBV9AK8Y9823,phone,RED Hydrogen One Black Shadow 12 H1A1000 Verizon Only 128GB Good,0.0,0,False,Black H1A1000,59.95,Red,True
9SIA8EHE8W8380,phone,"Samsung Galaxy S9 64GB G960U Verizon 4G LTE 5.8"" Super AMOLED 4GB RAM 12MP Smartphone - Lilac Purple  - USA Warranty",0.0,0,False,G960UVpu,379.98,SAMSUNG,False
9SIA8EHE8W8908,phone,"Original Samsung Galaxy S8 G950U 4G LTE Unlocked Phone  12 MP Camera 5.8"" 64GB Android Octa-core Arctic Silver",0.0,0,False,S8 G950U Silver,219.98,Samsung Canada,True
9SIA8EHE8W8386,phone,"Samsung Galaxy S10 4G LTE Unlocked Cell Phone 6.1"" Infinity-O Display Prism Black 128GB 8GB RAM, Canada Warranty",0.0,0,False,SM-G973WZKAXAC,389.98,SAMSUNG,False
9SIA5AF8EY1990,phone,Samsung Galaxy Note 8 SM-N950 64GB GSM Unlocked Orchid Grey,0.0,0,False,SN950UOGY64UM,379.97,SAMSUNG,False
9SIA5AFAG23253,phone,Samsung Galaxy S10E G970U 128GB GSM Unlocked Android Phone,0.0,0,False,SM-G970U-BLK-CRB,299.97,SAMSUNG,True
9SIBYRBKJG6069,phone,Samsung Galaxy S21 Ultra (5G) - 128GB - Phantom Black - Single Sim - Fully Unlocked - Premium,0.0,0,False,19FA5890EC49FDZ,265.27,SAMSUNG,True
9SIA8EHE8W8385,phone,Samsung Galaxy Note 9 Ocean Blue Cell Phone,0.0,0,False,SM-N960WZBAXAC,399.98,SAMSUNG,False
9SIA5AFHGB5262,phone,"Google Pixel 4 XL G020P 64GB 6.3 inch Android (GSM Only, No CDMA) Factory Unlocked 4G/LTE Smartphone - Just Black",5.0,1,False,G020P,449.97,Google,False
9SIA5AF8EY1991,phone,Samsung Galaxy Note 8 SM-N950 64GB GSM Unlocked Orchid Grey,0.0,0,False,SN950UOGY64US,379.97,SAMSUNG,False
9SIAC8UKK13348,phone,"SAMSUNG Galaxy Z Flip 5 Cell Phone, Factory Unlocked Android Smartphone, 256GB, Compact, Foldable Design, One-Hand Control, Best Selfies, Full Cover Screen, Hands-Free Use, US Version, 2023, Lavender",0.0,0,False,SM-F731ULIAXAA,374.0,SAMSUNG,False
9SIBYS6KEB7060,phone,"Apple iPhone 12 Mini 128GB, Refurbished Unlocked Cell Phone, Red - Very Good Condition (Grade B)",3.0,2,False,MG8N3LL/A-RED128GB-B,211.0,Apple,True
9SIADS6KBH0318,phone,Samsung Galaxy S22 Ultra 128GB Fully Unlocked Phantom Black - Grade B,0.0,0,False,SM-G908U00,369.0,SAMSUNG,True
9SIA547HAY8072,phone,"Samsung Galaxy Note 10+ Plus 5G 6.8"" 256GB 12GB Ram SM-N976N (GSM Only|No CDMA) US Compatible Unlocked - Aura Glow",0.0,0,False,N10P5G256GLOWN,375.0,SAMSUNG,False
9SIA5AFAG23240,phone,"Samsung Galaxy Note 9 4G LTE Cell Phone 6.4"" Midnight Black 128GB 6GB RAM - Canada Warranty",0.0,0,False,SM-N960WZKAXAC,419.97,SAMSUNG,False
9SIA8EHE8W8574,phone,"Samsung Galaxy S10+ Plus 128GB SM-G975U1 GSM Factory Unlocked 4G LTE 6.4"" Dynamic AMOLED Display Snapdragon 855 w/ Five Camera Smartphone - Prism Black",3.0,2,False,G975U1,429.98,SAMSUNG,False
9SIA5AF8SM4946,phone,"LG G6 32GB H872 T-Mobile 4G LTE 5.7"" IPS LCD 4GB RAM Dual 13MP + 13MP Smartphone - Ice platinum",0.0,0,False,H872  Platinum,199.97,LG Mobile,False
9SIA547KA41518,phone,Samsung Galaxy S21 Ultra 5G G9980 (GSM ONLY NO CDMA) unlocked | 12 GB/256 GB | Phantom Black,0.0,0,False,G9980 12/256 black,325.0,SAMSUNG,False
9SIA8EHE8W8367,phone,"Samsung Galaxy S10 4G LTE Unlocked Cell Phone 6.1"" Infinity Display Prism White 8GB RAM",5.0,1,False,SM-G973UZWAXAA,389.98,SAMSUNG,False
9SIBDCAKBJ1771,phone,Motorola moto G34 4GB+64GB 5G Smartphone 6.5-inch Backup Phone/Elderly Phone (Green),0.0,0,False,Motorola moto G34 GREEN,299.0,Motorola,False
9SIA8EHE8W8370,phone,"Samsung Galaxy S10e 4G LTE Factory Unlocked Cell Phone 5.8"" Infinity Display Prism Black 128GB 6GB RAM",0.0,0,False,SM-G970U1ZKAX,369.98,SAMSUNG,False
9SIA8EHE8W8377,phone,"Samsung Galaxy S9 64GB G960U Factory Unlocked 4G LTE 5.8"" Super AMOLED 4GB RAM 12MP Smartphone - Lilac purple   - USA Warranty",3.0,1,False,G960U Fa Pu,379.98,SAMSUNG,False
9SIA5AFDJB4323,phone,"Samsung Galaxy S10 5G Unlocked 256GB 6.7"" AMOLED 8GB RAM Smartphone",0.0,0,False,8881300053727,449.97,SAMSUNG,False
9SIA5AFADZ0010,phone,Samsung Galaxy S10+ G975 128GB Unlocked GSM LTE Phone with Triple 12 MP + 12 MP + 16 MP Rear Camera - Prism White (International Version),5.0,1,False,SM-G975-PW,419.97,SAMSUNG,False
9SIA8EHE8W8576,phone,Samsung Galaxy Note 10 256GB Aura Black Unlocked,0.0,0,False,30014323,409.98,SAMSUNG,False
9SIA8EHE8W8799,phone,"Samsung Galaxy S10e G970 GSM UNLOCKED T-Mobile/AT&T 128GB Android 5.8"" Smartphone - Black",0.0,0,False,BMN Sam G970U 128gb,289.98,SAMSUNG,True
9SIA8EHE8W8362,phone,"Samsung Galaxy Note 9 4G LTE Unlocked Cell Phone 6.4"" Midnight Black 6GB RAM",0.0,0,False,SM-N960UZKAXAA,399.98,SAMSUNG,False
9SIBEDFK2N3536,phone,Apple iPhone 13 128GB Unlocked Smartphone - Red MLMQ3LL/A - GRADE C,0.0,0,False,MLMQ3LL/A - GRADE C,249.99,Apple,True
9SIA8X5DNA9729,phone,Google Pixel 3 64GB Unlocked GSM & CDMA 4G LTE Android Phone w/ 12.2MP Rear & Dual 8MP Front Camera - Not Pink,0.0,0,False,GA00459-US,294.99,Google,False
9SIA5AFAG23259,phone,Samsung Galaxy Note 9 SM-N960U 128GB Blue GSM Unlocked - Excellent,1.0,1,False,EO99760000020443,419.97,SAMSUNG,True
9SIA8EHE8W8365,phone,Samsung Note 9 Unlocked 128 GB Purple Lavender Galaxy Note9 128GB Smartphone,0.0,0,False,SM-N960UZPAXAA,399.98,SAMSUNG,False
9SIABVCK9K2623,phone,Apple iPhone 11 64GB Unlocked - Green,0.0,0,False,IP1164GBGR-UN,184.49,Apple,True
9SIA5AFADZ0012,phone,"Samsung Galaxy S10+ 4G LTE Unlocked Cell Phone 6.4"" Infinity-O Display Prism White 128GB 8GB RAM, Canada Warranty",0.0,0,False,SM-G975WZWAXAC,419.97,SAMSUNG,False
9SIAE4WKKD9508,phone,"Apple iPhone 16 PRO 256GB, Refurbished Unlocked Cell Phone, Black Titanium - Very Good Condition (Grade B)",0.0,0,False,PAB100919,786.99,Apple,True
9SIA8EHE8W8357,phone,"Samsung Galaxy Note 9 Unlocked Phone with 6.4"" Screen, 6GB/128GB, Ocean Blue",0.0,0,False,SMN960UZBAXAA,399.98,SAMSUNG,False
9SIA5AFK0P9516,phone,"Samsung Galaxy S22 SM-S901UIDAXAA 5G Unlocked Cell Phone 6.1"" Pink 8GB RAM",4.5,2,False,SM-S901UIDAXAA,619.97,SAMSUNG,False
9SIA8EHE8W8461,phone,"Samsung Galaxy S10e 4G LTE Unlocked Cell Phone 5.8"" Infinity Display Prism White 6GB RAM",0.0,0,False,SM-G970UZWAXAA,319.98,SAMSUNG,False
9SIA5AF8G64086,phone,Samsung Galaxy Note 8 SM-N950 64GB GSM Unlocked Black,0.0,0,False,SN950UMB64US,379.97,SAMSUNG,False
9SIBYRBKFS8823,phone,Samsung Galaxy S23 Ultra - 256GB - Green - Single Sim - 8GB RAM - Fully Unlocked - Good (Grade B),0.0,0,False,E8763A908AFACBZ,399.99,SAMSUNG,True
9SIA5AFAPT7579,phone,NEW AT&T SAMSUNG GALAXY S8 SM-G950U 64GB MIDNIGHT BLACK LATEST SMARTPHONE,0.0,0,False,SM-G950U,324.97,SAMSUNG,False
9SIA8EHE8W8368,phone,"Samsung Galaxy S10 4G LTE Unlocked Cell Phone 6.1"" Infinity-O Display Prism Blue 128GB 8GB RAM, Canada Warranty",0.0,0,False,SM-G973WZBAXAC,389.98,SAMSUNG,False
9SIA5AFADZ0008,phone,"Samsung Galaxy S10+ 4G LTE Unlocked Cell Phone 6.4"" Infinity-O Display Prism Black 128GB 8GB RAM, Canada Warranty",0.0,0,False,SM-G975WZKAXAC,419.97,SAMSUNG,False
9SIA5AFJ0B1705,phone,Samsung Galaxy Note 20 Ultra 5G SM- N986U Factory Unlocked Android Cell Phone | 128GB of Storage | Mobile Gaming Smartphone,0.0,0,False,Galaxy Note 20 Ultra 5GWhite,879.97,Samsung SDS,False
9SIA8EHE8W8394,phone,Samsung Galaxy Note 9 SM-N960 128GB Lavender Purple Single SIM (Unlocked),0.0,0,False,SMN960UZPAXAA,399.98,SAMSUNG,False
9SIA5AFF4B3835,phone,"Google Pixel 4 64GB G020l GSM + CDMA Factory Unlocked 4G LTE 5.7"" P-OLED Display 6GB RAM Snapdragon 855 GOOGLE EDITION Smartphone - Just Black",0.0,0,False,Pixel 4 64GB,449.97,Google,False
9SIAAM8JSM1731,phone,Apple iPhone XR 64GB Black (Unlocked) Grade B,0.0,0,False,619206376897,179.99,Apple,True
9SIA5AF8WT2138,phone,Samsung Note 9 Unlocked 128 GB Ocean Blue Galaxy Note9 128GB Smartphone,0.0,0,False,SM-N960UZBAXAA,419.97,SAMSUNG,False
9SIA8EHE8W8943,phone,"Original Samsung Galaxy S8 G950U 4G LTE Unlocked Phone  12 MP Camera 5.8"" 64GB Android Octa-core Orchid Gray",0.0,0,False,S8 G950U Orchid Gray,219.98,Samsung Canada,True
9SIBEDFKFA9572,phone,Samsung Galaxy S24 128GB Fully Unlocked Onyx Black-Refurbished Very Good,0.0,0,False,SM24A4,354.99,SAMSUNG,True
9SIA547HAY8064,phone,"Samsung Galaxy Note 10+ Plus 256GB Factory Unlocked Aura Glow (Fully Unlocked, 6.8 Inch Display, 4G LTE, U.S. Version) SM-N975UZBAXAA",3.5,2,False,SM-N975UZKAXA,375.0,SAMSUNG,False
9SIAAM8JSK7794,phone,Apple iPhone XR 64GB Black (Unlocked) Grade B+,0.0,0,False,619206376880,179.99,Apple,True
9SIBEDFK2N3704,phone,Apple iPhone 13 - 128GB A2631 - Midnight - (Unlocked) Very Good Condition,2.0,1,False,S390513,279.99,Apple,True
9SIA8EHE8W8379,phone,"Samsung Galaxy S10e 4G LTE Unlocked Cell Phone 5.8"" Infinity-O Display Prism Black 128GB 6GB RAM, Canada Warranty",0.0,0,False,SM-G970WZKAXAC,369.98,SAMSUNG,False
9SIA8EV9403662,phone,Samsung Galaxy Note 9 SM-N960U 128GB Lilac GSM Unlocked - Excellent,0.0,0,False,EO99760000020444,584.99,SAMSUNG,True
9SIBEDFJ474013,phone,Samsung Galaxy S21 5G 128GB Fully Unlocked  Phantom White Grade A,3.7,3,False,SM-G991U3,149.99,SAMSUNG,True
9SIACA5KMB8266,phone,"Apple iPhone 12 (64GB, Blue)  Unlocked 5G, Super Retina XDR Display - Refurbished I Good Condition",0.0,0,False,PH-AP-IP1200-064-BL-A2172-B,254.99,Apple,True
9SIB8Z7KCC7261,phone,"Punkt MP02 16GB IP52 (No CDMA, GSM only) Factory Unlocked 4G/LTE Mobile Phone - Black",0.0,0,False,Punkt Mp02,350.0,Punkt,False
9SIA5AFAG23246,phone,Samsung Galaxy S10e G970 128GB Unlocked GSM LTE Phone w/ Dual 12 MP / 16 MP Cameras - Prism Black (International Version),1.0,1,False,SM-G970-PB,379.97,SAMSUNG,False
9SIA5AFAG23249,phone,Samsung Galaxy S10E G970U 128GB GSM Unlocked Android Phone,0.0,0,False,SM-G970U-PNK-CRB,299.97,SAMSUNG,True
9SIBYRBKJD3942,phone,Samsung Galaxy A42 (5G) - 128GB - Prism Dot Black - Single Sim - 4GB RAM - Verizon Locked - Excellent (Grade A),0.0,0,False,CC5DECE3E2EA2AZ,109.0,SAMSUNG,True
9SIA5AFADZ0003,phone,"Samsung Galaxy S10 4G LTE Factory Unlocked Cell Phone 6.1"" Infinity Display Prism Black 128GB 8GB RAM",3.0,2,False,SM-G973UZKAXAA,399.97,SAMSUNG,False
9SIA5AFADZ0001,phone,Samsung Galaxy S10+ Unlocked,0.0,0,False,G975USQU1ASAT,419.97,SAMSUNG,False
9SIBYRBKJK3958,phone,Google  Pixel 8 Pro (5G) - 128GB - Porcelain - Fully Unlocked - Good (Grade B),0.0,0,False,3C52473F7399C3Z,343.39,Google,True
9SIA8X5K524878,phone,"SAMSUNG Galaxy S24 Cell Phone, 128GB AI Smartphone, Unlocked Android, 50MP Camera, Fastest Processor, Long Battery Life, US Version, 2024, Marble Gray",0.0,0,False,SM-S921UZAAXAA,755.99,SAMSUNG,False
9SIA5AFADZ0005,phone,Samsung Galaxy S10+ G975 128GB Unlocked GSM LTE Phone with Triple 12 MP + 12 MP + 16 MP Rear Camera - Prism Black (International Version),0.0,0,False,SM-G975-PB,419.97,SAMSUNG,False
9SIB2U6JUN6887,phone,Vertu METAVERTU Calf Leather Web3 Cell Phone Smartphone 5G Unlocked with Dual Nano Sim 64MP Camera 12G RAM + 512 ROM + 10T IPFS Storage Craft Dawning Orange,0.0,0,False,META-Dawning Orange,3350.0,VERTU,False
9SIA5AFBWH6583,phone,"Google Pixel 2 XL (2017) 64GB G011C, 6"" inch (No CDMA, GSM only) Factory Unlocked SIM-free 4G/LTE Smartphone (Black & White)",0.0,0,False,GA00136-GB,279.97,Google,False
9SIA8EHE8X0638,phone,"Samsung Galaxy Note 9 128GB SM - N960UZBAATT GSM Unlocked 4G LTE 6.4"" Super AMOLED Display 6GB RAM Dual 12MP + 12MP Smartphone-  Midnight Black",0.0,0,False,NOTE9ATTBLACK,379.98,SAMSUNG,False
9SIA7WPKAY0980,phone,Apple iPhone 11 Pro Max 512GB Fully Unlocked Verizon T-Mobile AT&T 4G LTE (2019) - Green - Very Good Condition,0.0,0,False,IPH11MX512GNAB65,299.97,Apple,True
9SIAAM8JSC5347,phone,Samsung Galaxy S22 5G S901U 128GB GSM/CDMA Unlocked Android Smartphone (USA Version) - Pink Gold,0.0,0,False,SM-S901U-128GBPGLD-B,499.99,SAMSUNG,False
75-113-468,phone,"Apple iPhone XR 4G LTE Unlocked GSM Phone w/ 12 MP Camera 6.1"" Red 3GB RAM",3.8,6,False,XR-64GB-RED-U,179.0,Apple,True
9SIA8EHE8W8396,phone,"Samsung Galaxy S8 4G LTE Unlocked Cell Phone US Version 5.8"" Midnight Black 4GB RAM",1.0,3,False,SM-G950UZKAXAA,319.98,SAMSUNG,False
9SIBYS6KEB9372,phone,Apple iPhone XR 64GB Black (Verizon Unlocked) Grade A,3.0,2,False,619206377115,179.97,Apple,True
9SIA8EHE8W8455,phone,"Samsung Galaxy S8+ Unlocked 6.2"" Super AMOLED Smartphone SM-G955U US Version",0.0,0,False,8881300053875,319.98,SAMSUNG,False
9SIADS6K3T1358,phone,Apple iPhone 12 A2172 (Fully Unlocked) 64GB Black,0.0,0,False,761596238146,229.99,Apple,True
9SIBK15KAE0482,phone,"Oukitel RT7 Titan 5G 10.1"" (12+12)/256GB STD810H 32000mAh Rugged Tablet",0.0,0,False,225884009122,453.7,OUKITEL,False
9SIA5AFBUR5392,phone,"LG G6 Unlocked Smartphone 5.7"" QHD IPS LCD Display Quad-Core 4GB Snapdragon 821",3.0,1,False,8881300053731,174.97,LG Electronics,False
9SIBZWWKGE8358,phone,"Oukitel WP300 Modular Earbud Light Rugged Phone 16000mAh 36GB(12+24)GB+512GB 6.78"" FHD 120Hz 108MP Cell phone Red",0.0,0,False,WP300 red,399.99,OUKITEL,False
9SIBYRBKPH3389,phone,Motorola  Moto G (2024) - 128GB - Sage Green - 4GB RAM - Fully Unlocked - Premium,0.0,0,False,1654E07EFB9FD2Z,104.0,Motorola,True
9SIA8EHE8W8459,phone,Samsung Galaxy S8+ 64GB Unlocked 6.2'' AMOLED Smartphone 4GB Arctic Silver,0.0,0,False,8806088702933,319.98,SAMSUNG,False
9SIBUBDKHW8496,phone,Apple iPhone XR 64GB AT&T Locked 4G LTE Phone w/ 12MP Camera,0.0,0,False,XR-64GB-RED-CRB-AT,175.0,Apple,True
9SIAH1UK322524,phone,"SAMSUNG Galaxy S22 Ultra Smartphone, Factory Unlocked Android Cell Phone, 256GB, 8K Camera & Video, Brightest Display, S Pen, Long Battery Life, Fast 4nm Processor, US Version, Green SM-S908UZGEXAA",0.0,0,False,SM-S908UZGEXAA,415.0,SAMSUNG,True
9SIA5AFADZ0002,phone,"Samsung Galaxy S10+ 4G LTE Factory Unlocked Cell Phone 6.4"" Infinity Display Prism Black 128GB 8GB RAM",0.0,0,False,SM-G975UZKAXAA,419.97,SAMSUNG,False
9SIA5AFADZ0013,phone,"Samsung Galaxy S10+ 4G LTE Unlocked Cell Phone 6.4"" Infinity Display Prism White 8GB RAM",0.0,0,False,SM-G975UZWAXAA,419.97,SAMSUNG,False
9SIAAM8JST1734,phone,Apple iPhone XR 128GB Black (Unlocked) Grade B+,0.0,0,False,619206378082,179.99,Apple,True
9SIBK15KEY5080,phone,"Honor Magic 7 Pro 5G 6.8"" 12GB 512GB GLOBAL VERSION BLACK  Snapdragon8 Elite 200MP 5850mAh",0.0,0,False,335751738502,1294.98,Honor,False
9SIA8EHE8W8364,phone,"Samsung Galaxy S10 4G LTE Unlocked Cell Phone 6.1"" Infinity-O Display Prism White 128GB 8GB RAM, Canada Warranty",0.0,0,False,SM-G973WZWAXAC,389.98,SAMSUNG,False
9SIA8EHE8W8475,phone,Samsung Galaxy S8 Plus G955 GSM Unlocked - Midnight Black 64GB,0.0,0,False,SM-G955-BK,329.98,SAMSUNG,False
9SIBZPDKF20539,phone,Apple iPhone 6s 64GB Verizon + GSM Unlocked 4G LTE Smartphone - Silver,0.0,0,False,iPhone 6s/64GB Silver,72.99,Apple,True
9SIA5AFADZ0007,phone,"Samsung Galaxy S10+ 4G LTE Unlocked Cell Phone 6.4"" Infinity Display Prism Blue 8GB RAM",5.0,1,False,SM-G975UZBAXAA,419.97,SAMSUNG,False
9SIA8EHE8W8374,phone,"Samsung Galaxy S10 4G LTE Unlocked Cell Phone 6.1"" Infinity Display Prism Blue 8GB RAM",0.0,0,False,SM-G973UZBAXAA,389.98,SAMSUNG,False
9SIBYRBKFS8192,phone,Apple iPhone 16 Pro Max - 256GB - Black Titanium - Fully Unlocked - Excellent (Grade A),0.0,0,False,2CC207E03ADC74Z,926.5,Apple,True
9SIBEDFK3A5074,phone,Apple iPhone 14 PRO MAX 512GB Fully Unlocked Silver - Grade A,0.0,0,False,MQ8Y3LL/A,614.99,Apple,True
9SIAY3NKKY6653,phone,GAMAKOO G16 PRO MAX 5G Smartphone Dual Sim 6GB+128GB | 6.8 inch Screen | Android 15 | 5000 mAh Battery | 16 MP+32 MP | Cheap Unlocked Cell Phone,0.0,0,False,GKG16PM-6128-5G,129.59,GAMAKOO,False
9SIA468KP11761,phone,"Apple iPhone 14 PRO MAX 128GB, Refurbished Unlocked Cell Phone, Black - Very Good Condition (Grade B)",1.0,1,False,MQ8N3LL/A,499.98,Apple,True
9SIA8X5JT26828,phone,Samsung - Galaxy S23 Ultra 256GB (Unlocked) - Phantom Black,5.0,1,False,SM-S918UZKAXAA,970.99,SAMSUNG,False
9SIA8X5KC50524,phone,"Google Pixel 9 Pro - Unlocked Android Smartphone with Gemini, Triple Rear Camera System, 24-Hour Battery, and 6.3"" Super Actua Display - Obsidian - 256 GB",0.0,0,False,GA05945-US,1285.99,Google,False
9SIA8X5KEF5835,phone,Motorola razr | 2024 | Unlocked | Made for US 8/256GB | 50MP Camera | Beach Sand Unlocked Smartphone Cell,0.0,0,False,PB250014US OB,446.99,Motorola,True
75-113-699,phone,"Apple iPhone XR 4G LTE GSM/CDMA Phone 6.1"" White 3GB RAM",0.0,0,False,XR-128GB-WHT-U,281.99,Apple,True
9SIBK15K5E3165,phone,"Samsung Galaxy Z Fold 5 F946B 5G 7.6"" 12/512GB  Icy Blue   Snapdragon8Gen2 Foldable By FedEx",0.0,0,False,334975471248,1882.92,SAMSUNG,False
9SIBEDFJBU4216,phone,Apple iPhone 12 A2172 (Fully Unlocked) 64GB Blue,0.0,0,False,761596466280,194.99,Apple,True
9SIBEDFK5C4680,phone,Samsung Galaxy S22 5G 256GB Fully Unlocked Phantom Black - Grade B,5.0,1,False,SM-G901U0001,169.99,SAMSUNG,True
75-113-991,phone,"Apple iPhone 15 PRO 256GB, Refurbished Unlocked Cell Phone, Blue Titanium - Very Good Condition (Grade B)",0.0,0,False,PAB100834,785.99,Apple,True
75-168-186,phone,Samsung Galaxy A12 A125U 32GB GSM / CDMA Unlocked Android Smartphone (US Version) - Black,5.0,1,False,SM-A125UZKDXAA-32GB-BLK,125.99,SAMSUNG,True
9SIBYRBKJH5228,phone,Samsung Galaxy S9+ - 64GB - Midnight Black - Single Sim - Fully Unlocked - Acceptable (Grade C),0.0,0,False,03279ECBDA640DZ,119.0,SAMSUNG,True
9SIA8X5K742817,phone,"Motorola razr | 2023 | Unlocked | Made for US 8/128 | 32MP Camera | Sage Green, 73.95 x 170.82 x 7.35mm",0.0,0,False,PAY80010US,442.99,Motorola,False
9SIBYRBKK92446,phone,Samsung Galaxy S23 - 128GB - Phantom Black - Dual Sim - Fully Unlocked - Good (Grade B),0.0,0,False,96873BB0507A98Z,229.49,SAMSUNG,True
9SIA8EHE8W8829,phone,Samsung Galaxy S10e 128GB Prism Blue (Verizon) Grade A,5.0,1,False,653046269520,289.98,SAMSUNG,True
9SIA7WPKB15439,phone,Apple iPhone 11 Pro 256GB Fully Unlocked Verizon T-Mobile AT&T 4G LTE (2019) - Gold - Good Condition,0.0,0,False,IPH11PR256GDCP65,219.97,Apple,True
9SIAS2VH5V9789,phone,Realme X7 Pro 5G Smartphone 6.55-inch 8GB RAM 256GB ROM 4500mAh Battery Android 11-Pink,0.0,0,False,0704076909679,455.9,Realme,False
9SIBYRBKK57585,phone,Samsung Galaxy S22 (5G) - 256GB - Green - Dual Sim - Fully Unlocked - Excellent (Grade A),0.0,0,False,A189A1A5D998ACZ,280.0,SAMSUNG,True
9SIAS2VHGF5266,phone,Xiaomi Redmi Note 11 6.6-inch 2400x1080P LCD Display 5G Smartphone 8GB 128GB 5000mAh Battery Android 11- Blue,0.0,0,False,0704076910392,395.92,Mi,False
9SIBDCAKE72850,phone,ASUS ROG Phone 9 Pro 16G/512G 6.78 inches 5G gaming phone 5800mAh 185Hz,0.0,0,False,ROG Phone 9 Pro 16G/512G,2099.0,ASUS,False
9SIBYRBKJD3710,phone,Samsung Galaxy Z Flip5 (5G) - 256GB - Mint - Fully Unlocked - Excellent (Grade A),0.0,0,False,1241F1500CBA36Z,284.99,SAMSUNG,True
9SIBYRBKK71419,phone,Samsung Galaxy Note 20 Ultra - 128GB - Mystic Bronze - 5G - Single Sim - 12GB RAM - Fully Unlocked - Good (Grade B),0.0,0,False,E7AE6D6E383030Z,265.0,SAMSUNG,True
75-827-003,phone,"Apple iPhone 15 PRO 128GB, Refurbished Unlocked Cell Phone, Blue Titanium - Very Good Condition (Grade B)",0.0,0,False,PAB100830,737.99,Apple,True
9SIAJT4K335934,phone,Samsung Galaxy S22 Plus - 5G - 128 GB - GSM CDMA Unlocked - Phantom Black - Excellent Mint Condition - 90 Day Warranty,0.0,0,False,SM-S906U1-RBGMB,223.99,SAMSUNG,True
9SIBEDFK507531,phone,Apple iPhone SE Gen 2 (2020) 128GB Fully Unlocked Black Very Good - Grade B,0.0,0,False,MXCW2LL/A00,122.99,Apple,True
9SIAH1UK3H0015,phone,Samsung Galaxy S23 Ultra - 5G - 256GB - GSM CDMA Unlocked - Phantom Black - Great Condition - 90 Day Warranty,0.0,0,False,SM-S918U-RBL,745.0,SAMSUNG,True
9SIAH1UKKP2094,phone,Samsung Galaxy A20 - 32GB - GSM Unlocked - Black - Great Condition - 90 Day Warranty,0.0,0,False,SM-205U-RBA,95.0,SAMSUNG,True
9SIADS6K4F5073,phone,Apple iPhone 12 Mini A2176 (Fully Unlocked) 64GB White (Grade A+),0.0,0,False,APPL_IPH12MINI_UNL_64_WHT_APLUS,229.99,Apple,True
9SIBEDFK770645,phone,Apple iPhone 15 PRO MAX 512GB Fully Unlocked Blue Titanium - Grade A,0.0,0,False,MU6E3LL/A,734.99,Apple,True
75-113-916,phone,"Apple iPhone 12 128GB, Refurbished Unlocked Cell Phone, Black - Very Good Condition (Grade B)",0.0,0,False,IPH-12-128-BLK-B,329.9,Apple,True
9SIBU4JK6X3281,phone,Apple iPhone 14 Plus 256GB Fully Unlocked Red Very Good - Grade A-,0.0,0,False,MQ413LL/A0,605.0,Apple,True
75-113-780,phone,"Apple iPhone 12 128GB, Refurbished Unlocked Cell Phone, Green - Very Good Condition (Grade B)",0.0,0,False,MGHG3LL/A-GRN128GB-B,329.99,Apple,True
75-827-010,phone,"Apple iPhone 15 PRO 256GB, Refurbished Unlocked Cell Phone, White Titanium - Very Good Condition (Grade B)",0.0,0,False,PAB100833,785.99,Apple,True
75-113-943,phone,"Apple iPhone 14 128GB, Refurbished Unlocked Cell Phone, Purple - Very Good Condition (Grade B)",1.0,1,False,PAB100664,449.0,Apple,True
9SIA8X5JYT6796,phone,"SAMSUNG Galaxy S22 Ultra Cell Phone, Factory Unlocked Android Smartphone, 128GB, 8K Camera & Video, Brightest Display Screen, S Pen, Long Battery Life, Fast 4nm Processor, US Version, 2022, Burgundy",0.0,0,False,SM-S908UDRAXAA-0,695.99,SAMSUNG,False
75-827-023,phone,"Apple iPhone 15 PRO 128GB, Refurbished Unlocked Cell Phone, Natural Titanium - Very Good Condition (Grade B)",0.0,0,False,PAB100831,737.99,Apple,True
9SIA547KG38821,phone,Google Pixel 8 Pro Dual-SIM 128GB ROM + 12GB RAM (Only GSM | No CDMA) Factory Unlocked 5G Smartphone (Obsidian) - International Version,0.0,0,False,Google Pixel 8 Pro O,575.0,Google,False
23B-000A-00TM2,phone,"Apple iPhone 14 PRO MAX 128GB, Refurbished Unlocked Cell Phone, Gold - Very Good Condition (Grade B)",1.0,1,False,MQ8Q3LL/A,717.99,Apple,True
75-827-034,phone,"Apple iPhone 14 PRO 512GB, Refurbished Unlocked Cell Phone, Space Black - Very Good Condition (Grade B)",1.0,1,False,PAB100718,696.99,Apple,True
75-113-930,phone,"Apple iPhone 12 64GB, Pre-Owned Unlocked Cell Phone, Red - Very Good Condition",0.0,0,False,IPH-12-64-RED-B,294.99,Apple,True
9SIBEDFK4W3414,phone,Apple iPhone 12 PRO MAX 128GB Fully Unlocked Pacific Blue - Grade B,0.0,0,False,MGCJ3LL/A000,299.99,Apple,True
9SIAJU9KN58236,phone,NEW IN BOX! Samsung Galaxy Z Flip6 - 256GB 6.7'' (Unlocked) Silver Shadow,0.0,0,False,Galaxy Z Flip6,885.0,SAMSUNG,False
9SIADS6KBR6333,phone,Apple iPhone 12 Mini A2176 (Fully Unlocked) 64GB Purple (Grade A+),0.0,0,False,APPL_IPH12MINI_UNL_64_PURP_APLUS,229.0,Apple,True
9SIBEDFK3T9764,phone,Apple iPhone 12 PRO MAX 128GB Fully Unlocked Pacific Blue - Grade A,0.0,0,False,MGCJ3LL/A0,339.99,Apple,True
9SIBEDFK7E8273,phone,Samsung Galaxy S23 Ultra 512GB Fully Unlocked Phantom Black - Refurbished Very Good,0.0,0,False,SM-G918U909,454.99,SAMSUNG,True
9SIBYRBKJU6686,phone,Samsung Galaxy Z Fold3 (5G) - 256GB - Phantom Black - Fully Unlocked - Good (Grade B),0.0,0,False,D9CA217556CD31Z,369.0,SAMSUNG,True
75-827-007,phone,"Apple iPhone 15 PRO 256GB, Refurbished Unlocked Cell Phone, Natural Titanium - Very Good Condition (Grade B)",0.0,0,False,PAB100835,785.99,Apple,True
9SIBYS6KE23318,phone,Apple iPhone 12 Mini A2176 (Fully Unlocked) 128GB Green (Grade A),0.0,0,False,APPL_IPH12MINI_UNL_128_GREEN_A,200.0,Apple,True
9SIBYRBKJD4220,phone,Samsung Galaxy S7 - 32GB - Black - Single Sim - Fully Unlocked - Good (Grade B),0.0,0,False,71DF86528C0FCDZ,69.0,SAMSUNG,True
9SIBZRPKG51229,phone,Samsung Galaxy A10e 32GB A102U GSM Unlocked Phone - Black,1.0,1,False,SM-A102U,79.0,SAMSUNG,True
9SIA5AFJSS1589,phone,"SAMSUNG Galaxy Z Flip 4 Cell Phone, Factory Unlocked Android Smartphone, 128GB, Flex Mode, Hands Free Camera, Compact, Foldable Design, Informative Cover Screen, US Version, Blue",5.0,1,False,SM-F721ULBAXAA,699.97,SAMSUNG,False
9SIA5AFKAR3640,phone,"SAMSUNG Galaxy S23 Ultra 5G SM-S918B/DS 512GB 12GB RAM, 200 MP Camera, Factory Unlocked  Cream",0.0,0,False,MF-0013-00551,1149.97,SAMSUNG,False
9SIAEE0KFW4524,phone,Apple iPhone 13 Pro Max 128GB Fully Unlocked - Gold (Grade B),0.0,0,False,IPHONE.13.PRO.MAX-128GB-GOLD-U-K1-NE-1,429.99,Apple,True
9SIBP75KJ35131,phone,MIRO C1 Unlocked 4G Cellphone 6.56'' 50MP Camera Android 14 Smartphone 4+128GB 5000mAh Battery Unlock Smart Phone,0.0,0,False,C1,109.99,Miro Corporation,False
9SIA8X5KBC7683,phone,"Motorola razr | 2024 | Unlocked | Made for US 8/256GB | 50MP Camera | Spritz Orange
Smartphone Cell Phone",0.0,0,False,PB250016US,521.99,Motorola,False
9SIAS2VH5C7198,phone,Realme Q2i 5G Smartphone 6.5-inch 4GB RAM 128GB ROM 5000mAh Battery Android 10-Blue,0.0,0,False,0704076909518,254.41,Realme,False
9SIBU4JKAS2017,phone,Apple iPhone 13 Pro Max 512GB Fully Unlocked Smartphone Graphite Very Good,0.0,0,False,MLMM3-IP13PM-512-Z-2,709.0,Apple,True
9SIBEDFJKA4197,phone,Samsung - Galaxy S21 Ultra 5G - 128GB - GSM CDMA Unlocked - Phantom Black - Great Condition - 90 Day Warranty,5.0,1,False,SM-G998U-RBBL,254.99,SAMSUNG,True
9SIAH1UKCG8634,phone,"Samsung Galaxy S23 Ultra, 256GB, Phantom Black, Unlocked, (Excellent)",0.0,0,False,42ilw7b,559.0,SAMSUNG,True
9SIBYRBKFS8331,phone,Samsung Galaxy S22 Ultra (5G) - 256GB - Phantom Black - Single Sim - Fully Unlocked - Excellent (Grade A),0.0,0,False,114929AF421828Z,314.99,SAMSUNG,True
75-113-980,phone,"Apple iPhone 14 PRO MAX 128GB, Refurbished Unlocked Cell Phone, Deep Purple - Very Good Condition (Grade B)",1.0,1,False,MQ8R3LL/A,717.99,Apple,True
23B-0002-018N2R,phone,"SAMSUNG Galaxy S24 Ultra Cell Phone, 512GB AI Smartphone, Unlocked Android, 200MP, 100x Zoom Cameras, Long Battery Life, S Pen, US Version, 2024, Titanium Black",0.0,0,False,SM-S928UZKFXAA,1059.37,SAMSUNG,False
75-113-946,phone,"Apple iPhone 14 128GB, Pre-Owned Unlocked Cell Phone, Red - Very Good Condition",1.0,1,False,PAB100670,447.99,Apple,True
75-113-948,phone,"Apple iPhone 14 PRO MAX 256GB, Refurbished Unlocked Cell Phone, Deep Purple - Very Good Condition (Grade B)",1.0,1,False,PAB100683,766.99,Apple,True
75-113-949,phone,"Apple iPhone 14 PRO MAX 256GB, Pre-Owned Unlocked Cell Phone, Black - Very Good Condition",1.0,1,False,PAB100686,766.99,Apple,True
75-113-982,phone,"Apple iPhone 14 256GB, Refurbished Unlocked Cell Phone, Purple - Very Good Condition (Grade B)",1.0,1,False,PAB100696,479.0,Apple,True
75-113-983,phone,"Apple iPhone 14 256GB, Refurbished Unlocked Cell Phone, Midnight - Very Good Condition (Grade B)",1.0,1,False,PAB100695,499.99,Apple,True
9SIBEDFK3C4525,phone,Apple iPhone 14 Plus 256GB Fully Unlocked Purple - Grade A,0.0,0,False,MQ403LL/A,389.99,Apple,True
9SIAEE0KFW4588,phone,Apple iPhone 14 Pro Max 128GB Fully Unlocked - Silver (Grade B),0.0,0,False,IPHONE.14.PRO.MAX-128GB-SILVER-U-K1-NE-1,589.99,Apple,True
9SIA8X5JHX6573,phone,Motorola Edge 256GB (Unlocked) Cell Phone Smartphone Smart - Nebula Blue PANX0000US,5.0,1,False,PANX0000US,318.99,Motorola,False
9SIA5AFC6S1877,phone,Samsung Galaxy S6 Edge SM-G925V 32GB 4G LTE Verizon Unlocked Smartphone - Black,0.0,0,False,SAMS6EDGBLK32VZW,249.97,SAMSUNG,False
9SIBZWWKFD4837,phone,"8849 Tank Mini rugged mobile phone, 4.3-inch small 4G outdoor sturdy smart phone body, with camping light, 16 GB RAM+256 GB ROM/1TB extended mini IP68 waterproof",0.0,0,False,S3W78P29MNNQ,299.99,8849,False
75-113-968,phone,"Apple iPhone 12 64GB, Refurbished Unlocked Cell Phone, White - Very Good Condition (Grade B)",0.0,0,False,IPH-12-64-WHT-B,299.99,Apple,True
75-113-915,phone,"Apple iPhone 12 128GB, Refurbished Unlocked Cell Phone, Red - Very Good Condition (Grade B)",0.0,0,False,IPH-12-128-RED-B,329.9,Apple,True
9SIBZR0KF46874,phone,OnePlus 10T 5G Dual-Sim 256GB ROM + 16GB RAM (GSM only | No CDMA) Factory Unlocked Smartphone (Jade Green) - International Version,0.0,0,False,6921815622734-cr,314.99,OnePlus,True
0S9-0019-018H4,phone,"Apple iPhone 12 128GB, Refurbished Unlocked Cell Phone, Purple - Very Good Condition (Grade B)",0.0,0,False,IPH-12-128-PUR-B,329.99,Apple,True
9SIABVCK9F2222,phone,Apple iPhone 12 A2172 (Fully Unlocked) 64GB Red,0.0,0,False,761596570055,211.49,Apple,True
9SIBYRBKJD4146,phone,Apple iPhone XS Max - 512GB - Space Grey - Fully Unlocked - Good (Grade B),0.0,0,False,745DEC88C8FB91Z,234.84,Apple,True
75-113-942,phone,"Apple iPhone 14 128GB, Refurbished Unlocked Cell Phone, Blue - Very Good Condition (Grade B)",1.0,1,False,PAB100663,447.99,Apple,True
0S9-0019-018J2,phone,"Apple iPhone 12 64GB, Pre-Owned Unlocked Cell Phone, Green - Very Good Condition",0.0,0,False,IPH-12-64-GRN,294.99,Apple,True
9SIBEDFK2N3753,phone,Apple iPhone 13 Pro - 128GB A2636 - Graphite - (Unlocked) Very Good Condition,0.0,0,False,S394403,359.99,Apple,True
9SIBEDFK4S2181,phone,Apple iPhone 12 64GB Fully Unlocked Blue Very Good - Grade B,3.0,1,False,MGH93LL/A0,194.99,Apple,True
9SIAC8UKNH6958,phone,Samsung Galaxy S21 FE 5G G990U (Fully Unlocked) 128GB Graphite,0.0,0,False,657477264734,161.0,SAMSUNG,True
9SIBEDFK521323,phone,Apple iPhone XS 64GB Fully Unlocked Space Gray Very Good - Grade A-,3.0,1,False,MT942LL/A00,154.99,Apple,True
9SIA5AFJTF8209,phone,Samsung - Galaxy S23 Ultra 512GB (Unlocked) - Cream,0.0,0,False,SM-S918UZEFXAA,1149.97,SAMSUNG,False
0S9-0019-018H8,phone,"Apple iPhone 12 128GB, Refurbished Unlocked Cell Phone, Blue- Very Good Condition (Grade B)",0.0,0,False,IPH-12-128-BLE,329.99,Apple,True
9SIA5AFHGB5257,phone,"Google Pixel 4 XL 128GB Smartphone (Unlocked, Just Black) Smart Phone Cell Phone GA00677-US",0.0,0,False,GA00677-US,449.97,Google,False
9SIBYS6KE22100,phone,Apple iPhone 12 Mini A2176 (Fully Unlocked) 128GB Red (Grade B),0.0,0,False,APPL_IPH12MINI_UNL_128_RED_B,214.95,Apple,True
9SIBEDFJ5H2273,phone,Apple iPhone 13 Pro 128GB Fully Unlocked  Graphite Grade A,3.0,1,False,MLTP3LL/A,389.99,Apple,True
9SIBEDFJ5C0581,phone,Apple iPhone SE (2nd Gen) A2275 (Fully Unlocked) 128GB Black,0.0,0,False,657477338589,122.99,Apple,True
9SIA8EHE8W8586,phone,"Samsung Galaxy Note 10 256GB SM-N970U1 GSM Factory Unlocked 4G LTE 6.3"" Dynamic AMOLED Display 8GB RAM Triple 12MP+12MP+16MP Camera Smartphone - Aura White",0.0,0,False,SAMNOT10WHT,409.98,SAMSUNG,False
9SIA5AFCTB6008,phone,Samsung Galaxy Note 10 256GB Aura Black Unlocked,0.0,0,False,SMN970U,449.97,SAMSUNG,False
9SIAS2VH5V6647,phone,Realme X7 5G Smartphone 6.4-inch 6GB RAM 128GB ROM 4300mAh Battery Android 10-Pink,0.0,0,False,0704076909648,323.24,Realme,False
75-168-152,phone,Samsung Galaxy S21 5G G991U 128GB GSM/CDMA Unlocked Android Smartphone (USA Version) - Phantom Pink,0.0,0,False,SM-G991UZIAXAA-128GB-PHPINK-B,319.9,SAMSUNG,True
9SIBEDFK4V9823,phone,Apple iPhone 12 PRO 128GB Fully Unlocked Pacific Blue - Grade B,0.0,0,False,MGLR3LL/A000,249.99,Apple,True
9SIBYRBKFS8514,phone,Apple iPhone 15 Pro - 128GB - Blue Titanium - Fully Unlocked - Excellent (Grade A),0.0,0,False,6963E5D2D9E18AZ,559.0,Apple,True
9SIAY3NKKY6653,phone,GAMAKOO G16 PRO MAX 5G Smartphone Dual Sim 6GB+128GB | 6.8 inch Screen | Android 15 | 5000 mAh Battery | 16 MP+32 MP | Cheap Unlocked Cell Phone,0.0,0,False,GKG16PM-6128-5G,129.59,GAMAKOO,False
9SIA8X5JT26828,phone,Samsung - Galaxy S23 Ultra 256GB (Unlocked) - Phantom Black,5.0,1,False,SM-S918UZKAXAA,970.99,SAMSUNG,False
9SIA468KP11761,phone,"Apple iPhone 14 PRO MAX 128GB, Refurbished Unlocked Cell Phone, Black - Very Good Condition (Grade B)",1.0,1,False,MQ8N3LL/A,499.98,Apple,True
9SIA8EHE8W8593,phone,Samsung Galaxy S20 Ultra 5G 128GB 12GB RAM | SM-G988U | ONLY SUPPORT AT&T and T-MOBILE NETWORK CARRIERS | Cosmic Black,0.0,0,False,S20U5GBLK128U,729.98,SAMSUNG,False
9SIA8X5KC50524,phone,"Google Pixel 9 Pro - Unlocked Android Smartphone with Gemini, Triple Rear Camera System, 24-Hour Battery, and 6.3"" Super Actua Display - Obsidian - 256 GB",0.0,0,False,GA05945-US,1285.99,Google,False
9SIA8EHE8W8825,phone,Samsung Galaxy S10e 128GB Prism Black (Verizon) Grade B,0.0,0,False,653046390606,289.98,SAMSUNG,True
9SIA8X5KEF5835,phone,Motorola razr | 2024 | Unlocked | Made for US 8/256GB | 50MP Camera | Beach Sand Unlocked Smartphone Cell,0.0,0,False,PB250014US OB,446.99,Motorola,True
75-113-699,phone,"Apple iPhone XR 4G LTE GSM/CDMA Phone 6.1"" White 3GB RAM",0.0,0,False,XR-128GB-WHT-U,281.99,Apple,True
9SIBK15K5E3165,phone,"Samsung Galaxy Z Fold 5 F946B 5G 7.6"" 12/512GB  Icy Blue   Snapdragon8Gen2 Foldable By FedEx",0.0,0,False,334975471248,1882.92,SAMSUNG,False
9SIABVCK9F2875,phone,Apple iPhone 12 (Fully Unlocked) 4GB/64GB - Black,5.0,1,False,101-384-0014-NE,243.49,Apple,True
75-113-991,phone,"Apple iPhone 15 PRO 256GB, Refurbished Unlocked Cell Phone, Blue Titanium - Very Good Condition (Grade B)",0.0,0,False,PAB100834,785.99,Apple,True
75-168-186,phone,Samsung Galaxy A12 A125U 32GB GSM / CDMA Unlocked Android Smartphone (US Version) - Black,5.0,1,False,SM-A125UZKDXAA-32GB-BLK,125.99,SAMSUNG,True
9SIBYRBKJH5228,phone,Samsung Galaxy S9+ - 64GB - Midnight Black - Single Sim - Fully Unlocked - Acceptable (Grade C),0.0,0,False,03279ECBDA640DZ,119.0,SAMSUNG,True
9SIAE4WKKD9704,phone,Apple iPhone 15 PRO 256GB Fully Unlocked Blue Titanium - Grade A,0.0,0,False,MTQV3LL/A00,608.99,Apple,True
9SIA8X5K742817,phone,"Motorola razr | 2023 | Unlocked | Made for US 8/128 | 32MP Camera | Sage Green, 73.95 x 170.82 x 7.35mm",0.0,0,False,PAY80010US,442.99,Motorola,False
9SIA8EHE8W8829,phone,Samsung Galaxy S10e 128GB Prism Blue (Verizon) Grade A,5.0,1,False,653046269520,289.98,SAMSUNG,True
75-827-035,phone,"Apple iPhone 13 Mini 128 GB, Unlocked Refurbished Cell Phone, Green - Very Good Condition (Grade B)",0.0,0,False,PAB100727,349.99,Apple,True
9SIAAM8KCR9502,phone,"Apple iPhone 13 Mini 128GB, Refurbished Unlocked Cell Phone, Starlight - Very Good Condition (Grade B)",0.0,0,False,PAB100731,379.99,Apple,True
75-827-036,phone,"Apple iPhone 13 Mini 128GB, Refurbished Unlocked Cell Phone, Red - Very Good Condition (Grade B)",0.0,0,False,PAB100730,349.99,Apple,True
9SIA7WPKB15439,phone,Apple iPhone 11 Pro 256GB Fully Unlocked Verizon T-Mobile AT&T 4G LTE (2019) - Gold - Good Condition,0.0,0,False,IPH11PR256GDCP65,219.97,Apple,True
9SIAS2VH5V9789,phone,Realme X7 Pro 5G Smartphone 6.55-inch 8GB RAM 256GB ROM 4500mAh Battery Android 11-Pink,0.0,0,False,0704076909679,455.9,Realme,False
9SIBDCAKE72850,phone,ASUS ROG Phone 9 Pro 16G/512G 6.78 inches 5G gaming phone 5800mAh 185Hz,0.0,0,False,ROG Phone 9 Pro 16G/512G,2099.0,ASUS,False
9SIAC8UKJJ2667,phone,"SAMSUNG Galaxy Z Flip 5 Cell Phone, Factory Unlocked Android Smartphone, 256GB, Compact, Foldable Design, One-Hand Control, Best Selfies, Full Cover Screen, Hands-Free Use, US Version, 2023,Mint",0.0,0,False,SM-F731ULGAXAA,347.0,SAMSUNG,False
9SIBYRBKN56977,phone,Samsung Galaxy A13 - 32GB - Black - Single Sim - 3GB RAM - Fully Unlocked - Good (Grade B),0.0,0,False,11FA046D9C5177Z,87.0,SAMSUNG,True
75-827-003,phone,"Apple iPhone 15 PRO 128GB, Refurbished Unlocked Cell Phone, Blue Titanium - Very Good Condition (Grade B)",0.0,0,False,PAB100830,737.99,Apple,True
9SIBYRBKJD3710,phone,Samsung Galaxy Z Flip5 (5G) - 256GB - Mint - Fully Unlocked - Excellent (Grade A),0.0,0,False,1241F1500CBA36Z,284.99,SAMSUNG,True
9SIBYRBKK71419,phone,Samsung Galaxy Note 20 Ultra - 128GB - Mystic Bronze - 5G - Single Sim - 12GB RAM - Fully Unlocked - Good (Grade B),0.0,0,False,E7AE6D6E383030Z,265.0,SAMSUNG,True
9SIAJT4K335934,phone,Samsung Galaxy S22 Plus - 5G - 128 GB - GSM CDMA Unlocked - Phantom Black - Excellent Mint Condition - 90 Day Warranty,0.0,0,False,SM-S906U1-RBGMB,223.99,SAMSUNG,True
9SIBEDFK507531,phone,Apple iPhone SE Gen 2 (2020) 128GB Fully Unlocked Black Very Good - Grade B,0.0,0,False,MXCW2LL/A00,122.99,Apple,True
9SIAH1UKKP2094,phone,Samsung Galaxy A20 - 32GB - GSM Unlocked - Black - Great Condition - 90 Day Warranty,0.0,0,False,SM-205U-RBA,95.0,SAMSUNG,True
9SIADS6K4F5073,phone,Apple iPhone 12 Mini A2176 (Fully Unlocked) 64GB White (Grade A+),0.0,0,False,APPL_IPH12MINI_UNL_64_WHT_APLUS,229.99,Apple,True
9SIAH1UK3H0015,phone,Samsung Galaxy S23 Ultra - 5G - 256GB - GSM CDMA Unlocked - Phantom Black - Great Condition - 90 Day Warranty,0.0,0,False,SM-S918U-RBL,745.0,SAMSUNG,True
9SIBU4JK6X3281,phone,Apple iPhone 14 Plus 256GB Fully Unlocked Red Very Good - Grade A-,0.0,0,False,MQ413LL/A0,605.0,Apple,True
75-827-010,phone,"Apple iPhone 15 PRO 256GB, Refurbished Unlocked Cell Phone, White Titanium - Very Good Condition (Grade B)",0.0,0,False,PAB100833,785.99,Apple,True
75-113-943,phone,"Apple iPhone 14 128GB, Refurbished Unlocked Cell Phone, Purple - Very Good Condition (Grade B)",1.0,1,False,PAB100664,449.0,Apple,True
9SIAH1UKDA9320,phone,Samsung Galaxy A03s SM-A037U 32GB Fully Unlocked Black Grade A,0.0,0,False,SM-A037UBKA,79.0,SAMSUNG,True
9SIA8X5JYT6796,phone,"SAMSUNG Galaxy S22 Ultra Cell Phone, Factory Unlocked Android Smartphone, 128GB, 8K Camera & Video, Brightest Display Screen, S Pen, Long Battery Life, Fast 4nm Processor, US Version, 2022, Burgundy",0.0,0,False,SM-S908UDRAXAA-0,695.99,SAMSUNG,False
75-827-023,phone,"Apple iPhone 15 PRO 128GB, Refurbished Unlocked Cell Phone, Natural Titanium - Very Good Condition (Grade B)",0.0,0,False,PAB100831,737.99,Apple,True
9SIB2U6JS45542,phone,VERTU METAVERTU Calf Leather Web3 Cell Phone 5G Unlocked Smartphone with Dual Sim 64MP Camera 12G RAM + 512G ROM Storage Craft Jade Black,0.0,0,False,META-D-JC-N01-001-V3U3-HW,3350.0,VERTU,False
23B-000A-00TM2,phone,"Apple iPhone 14 PRO MAX 128GB, Refurbished Unlocked Cell Phone, Gold - Very Good Condition (Grade B)",1.0,1,False,MQ8Q3LL/A,717.99,Apple,True
75-827-034,phone,"Apple iPhone 14 PRO 512GB, Refurbished Unlocked Cell Phone, Space Black - Very Good Condition (Grade B)",1.0,1,False,PAB100718,696.99,Apple,True
9SIBEDFK4W3414,phone,Apple iPhone 12 PRO MAX 128GB Fully Unlocked Pacific Blue - Grade B,0.0,0,False,MGCJ3LL/A000,299.99,Apple,True
9SIBEDFK761214,phone,Apple iPhone 15 PRO 512GB Fully Unlocked Blue Titanium - Refurbished Very Good,0.0,0,False,MTU03LL/A010,594.99,Apple,True
9SIBEDFK7E8273,phone,Samsung Galaxy S23 Ultra 512GB Fully Unlocked Phantom Black - Refurbished Very Good,0.0,0,False,SM-G918U909,454.99,SAMSUNG,True
9SIBYRBKJU6686,phone,Samsung Galaxy Z Fold3 (5G) - 256GB - Phantom Black - Fully Unlocked - Good (Grade B),0.0,0,False,D9CA217556CD31Z,369.0,SAMSUNG,True
9SIB2U6K2Y0790,phone,METAVERTU 2nd Generation Black Alligator Web3 AI Phone,0.0,0,False,METAVERTU 2nd Generation Black Alligator,8100.0,VERTU,False
75-827-007,phone,"Apple iPhone 15 PRO 256GB, Refurbished Unlocked Cell Phone, Natural Titanium - Very Good Condition (Grade B)",0.0,0,False,PAB100835,785.99,Apple,True
9SIAS2VHGF3888,phone,Xiaomi Redmi Note 11 6.6-inch 2400x1080P LCD Display 5G Smartphone 4GB 128GB 5000mAh Battery Android 11-Black,0.0,0,False,0704076909877,325.61,Mi,False
9SIA8X5JJF4108,phone,"Motorola Moto G Pure XT2163-4 4G LTE Unlocked Cell Phone 6.5"" Deep Indigo 3GB RAM",0.0,0,False,PARU0002US,169.99,Motorola,False
9SIBU4JKDW8444,phone,Apple iPhone 15 Pro Smartphone 128GB Fully Unlocked Excellent Refurbished [Blue Titanium],0.0,0,False,PHA2848-UT-NE1,709.0,Apple,True
9SIBYRBKJD4220,phone,Samsung Galaxy S7 - 32GB - Black - Single Sim - Fully Unlocked - Good (Grade B),0.0,0,False,71DF86528C0FCDZ,69.0,SAMSUNG,True
9SIBZRPKG51229,phone,Samsung Galaxy A10e 32GB A102U GSM Unlocked Phone - Black,1.0,1,False,SM-A102U,79.0,SAMSUNG,True
9SIAS2VHGF5548,phone,Xiaomi Redmi Note 11 6.6-inch 2400x1080P LCD Display 5G Smartphone 8GB 256GB 5000mAh Battery Android 11-Blue,0.0,0,False,0704076910422,436.97,Mi,False
9SIA5AFJSS1589,phone,"SAMSUNG Galaxy Z Flip 4 Cell Phone, Factory Unlocked Android Smartphone, 128GB, Flex Mode, Hands Free Camera, Compact, Foldable Design, Informative Cover Screen, US Version, Blue",5.0,1,False,SM-F721ULBAXAA,699.97,SAMSUNG,False
9SIAEE0KFW4524,phone,Apple iPhone 13 Pro Max 128GB Fully Unlocked - Gold (Grade B),0.0,0,False,IPHONE.13.PRO.MAX-128GB-GOLD-U-K1-NE-1,429.99,Apple,True
9SIAS2VH5F4505,phone,Realme V3 5G Smartphone 6.5-inch 6GB RAM 128GB ROM 5000mAh Battery Android 10-Silver 6GB,0.0,0,False,0704076909587,295.45,Realme,False
9SIBP75KJ35131,phone,MIRO C1 Unlocked 4G Cellphone 6.56'' 50MP Camera Android 14 Smartphone 4+128GB 5000mAh Battery Unlock Smart Phone,0.0,0,False,C1,109.99,Miro Corporation,False
9SIAS2VH5C7198,phone,Realme Q2i 5G Smartphone 6.5-inch 4GB RAM 128GB ROM 5000mAh Battery Android 10-Blue,0.0,0,False,0704076909518,254.41,Realme,False
9SIBEDFK7E6833,phone,Samsung Galaxy S23 Plus 512GB Fully Unlocked Lavender - Grade A,0.0,0,False,SM-G916U77,369.99,SAMSUNG,True
9SIBU4JKAS2017,phone,Apple iPhone 13 Pro Max 512GB Fully Unlocked Smartphone Graphite Very Good,0.0,0,False,MLMM3-IP13PM-512-Z-2,709.0,Apple,True
9SIBEDFJKA4197,phone,Samsung - Galaxy S21 Ultra 5G - 128GB - GSM CDMA Unlocked - Phantom Black - Great Condition - 90 Day Warranty,5.0,1,False,SM-G998U-RBBL,254.99,SAMSUNG,True
9SIAH1UKCG8634,phone,"Samsung Galaxy S23 Ultra, 256GB, Phantom Black, Unlocked, (Excellent)",0.0,0,False,42ilw7b,559.0,SAMSUNG,True
9SIBYRBKFS8331,phone,Samsung Galaxy S22 Ultra (5G) - 256GB - Phantom Black - Single Sim - Fully Unlocked - Excellent (Grade A),0.0,0,False,114929AF421828Z,314.99,SAMSUNG,True
9SIA5AFJ0B1223,phone,Samsung Galaxy A10E SM-A102U 32GB / 2GB RAM GSM Unlocked 5.83 in PLS IPS Display 8MP Camera Smartphone - Black,0.0,0,False,SM-A102Ux,209.97,SAMSUNG,False
9SIBEDFJBU3962,phone,Apple iPhone 12 Pro 512GB Verizon GSM Unlocked T-Mobile AT&T Smartphone Graphite,0.0,0,False,IPH12PR512GPHVZWA99,309.99,Apple,True
75-113-980,phone,"Apple iPhone 14 PRO MAX 128GB, Refurbished Unlocked Cell Phone, Deep Purple - Very Good Condition (Grade B)",1.0,1,False,MQ8R3LL/A,717.99,Apple,True
23B-0002-018N2R,phone,"SAMSUNG Galaxy S24 Ultra Cell Phone, 512GB AI Smartphone, Unlocked Android, 200MP, 100x Zoom Cameras, Long Battery Life, S Pen, US Version, 2024, Titanium Black",0.0,0,False,SM-S928UZKFXAA,1059.37,SAMSUNG,False
75-113-946,phone,"Apple iPhone 14 128GB, Pre-Owned Unlocked Cell Phone, Red - Very Good Condition",1.0,1,False,PAB100670,447.99,Apple,True
75-113-948,phone,"Apple iPhone 14 PRO MAX 256GB, Refurbished Unlocked Cell Phone, Deep Purple - Very Good Condition (Grade B)",1.0,1,False,PAB100683,766.99,Apple,True
9SIBYRBKJG7385,phone,Apple iPhone 6 - 16GB - Space Grey - Fully Unlocked - Good (Grade B),0.0,0,False,4349B430F6C6A5Z,48.0,Apple,True
75-113-949,phone,"Apple iPhone 14 PRO MAX 256GB, Pre-Owned Unlocked Cell Phone, Black - Very Good Condition",1.0,1,False,PAB100686,766.99,Apple,True
75-113-982,phone,"Apple iPhone 14 256GB, Refurbished Unlocked Cell Phone, Purple - Very Good Condition (Grade B)",1.0,1,False,PAB100696,479.0,Apple,True
75-113-983,phone,"Apple iPhone 14 256GB, Refurbished Unlocked Cell Phone, Midnight - Very Good Condition (Grade B)",1.0,1,False,PAB100695,499.99,Apple,True
9SIBEDFK3C4525,phone,Apple iPhone 14 Plus 256GB Fully Unlocked Purple - Grade A,0.0,0,False,MQ403LL/A,389.99,Apple,True
9SIAEE0KFW4588,phone,Apple iPhone 14 Pro Max 128GB Fully Unlocked - Silver (Grade B),0.0,0,False,IPHONE.14.PRO.MAX-128GB-SILVER-U-K1-NE-1,589.99,Apple,True
9SIB2U6JUN6988,phone,"Vertu METAVERTU Calf Leather Web3 Cell Phone,5G Smartphone with Dual Sim 64MP Camera,12G RAM + 512 ROM + 10T IPFS Storage Craft Gentleman Blue",0.0,0,False,Meta-Gentleman Blue,3700.0,VERTU,False
9SIA8X5JHX6573,phone,Motorola Edge 256GB (Unlocked) Cell Phone Smartphone Smart - Nebula Blue PANX0000US,5.0,1,False,PANX0000US,318.99,Motorola,False
9SIA5AFC6S1877,phone,Samsung Galaxy S6 Edge SM-G925V 32GB 4G LTE Verizon Unlocked Smartphone - Black,0.0,0,False,SAMS6EDGBLK32VZW,249.97,SAMSUNG,False
9SIBYRBKG95714,phone,Apple iPhone 11 Pro Max Fully Unlocked (GSM + CDMA Unlocked) Smartphone,2.0,2,False,IPH11PM64SIL,255.0,Apple,True
9SIBZWWKFD4837,phone,"8849 Tank Mini rugged mobile phone, 4.3-inch small 4G outdoor sturdy smart phone body, with camping light, 16 GB RAM+256 GB ROM/1TB extended mini IP68 waterproof",0.0,0,False,S3W78P29MNNQ,299.99,8849,False
9SIBZR0KF46874,phone,OnePlus 10T 5G Dual-Sim 256GB ROM + 16GB RAM (GSM only | No CDMA) Factory Unlocked Smartphone (Jade Green) - International Version,0.0,0,False,6921815622734-cr,314.99,OnePlus,True
75-113-942,phone,"Apple iPhone 14 128GB, Refurbished Unlocked Cell Phone, Blue - Very Good Condition (Grade B)",1.0,1,False,PAB100663,447.99,Apple,True
9SIBEDFK2N3753,phone,Apple iPhone 13 Pro - 128GB A2636 - Graphite - (Unlocked) Very Good Condition,0.0,0,False,S394403,359.99,Apple,True
9SIAC8UKNH6958,phone,Samsung Galaxy S21 FE 5G G990U (Fully Unlocked) 128GB Graphite,0.0,0,False,657477264734,161.0,SAMSUNG,True
9SIBEDFK521323,phone,Apple iPhone XS 64GB Fully Unlocked Space Gray Very Good - Grade A-,3.0,1,False,MT942LL/A00,154.99,Apple,True
9SIBYS6KE22100,phone,Apple iPhone 12 Mini A2176 (Fully Unlocked) 128GB Red (Grade B),0.0,0,False,APPL_IPH12MINI_UNL_128_RED_B,214.95,Apple,True
9SIA8X5K3J9370,phone,"Motorola razr+ | 2023 | Unlocked | Made for US 8/256 | 32 MPCamera |Magenta, 73.95x170.83x6.99mm PAX60004US
 Cell Phone Smartphone",0.0,0,False,PAX60004US,1205.99,Motorola,False
9SIBEDFJ5H2273,phone,Apple iPhone 13 Pro 128GB Fully Unlocked  Graphite Grade A,3.0,1,False,MLTP3LL/A,389.99,Apple,True
9SIBYRBKK90999,phone,Samsung Galaxy S25+ - 512GB - Silver Shadow - Fully Unlocked - Excellent (Grade A),0.0,0,False,6F747B32CF0FF3Z,762.3,SAMSUNG,True
9SIBEDFJ5C0581,phone,Apple iPhone SE (2nd Gen) A2275 (Fully Unlocked) 128GB Black,0.0,0,False,657477338589,122.99,Apple,True
9SIA8EHE8W8586,phone,"Samsung Galaxy Note 10 256GB SM-N970U1 GSM Factory Unlocked 4G LTE 6.3"" Dynamic AMOLED Display 8GB RAM Triple 12MP+12MP+16MP Camera Smartphone - Aura White",0.0,0,False,SAMNOT10WHT,409.98,SAMSUNG,False
9SIA5AFCTB6008,phone,Samsung Galaxy Note 10 256GB Aura Black Unlocked,0.0,0,False,SMN970U,449.97,SAMSUNG,False
75-168-152,phone,Samsung Galaxy S21 5G G991U 128GB GSM/CDMA Unlocked Android Smartphone (USA Version) - Phantom Pink,0.0,0,False,SM-G991UZIAXAA-128GB-PHPINK-B,319.9,SAMSUNG,True
9SIBEDFK4V9823,phone,Apple iPhone 12 PRO 128GB Fully Unlocked Pacific Blue - Grade B,0.0,0,False,MGLR3LL/A000,249.99,Apple,True
9SIBEDFK4Y8598,phone,Apple iPhone 11 128GB Fully Unlocked Black Very Good - Grade B,0.0,0,False,MWLE2LL/A00,184.99,Apple,True
9SIBYRBKFS8514,phone,Apple iPhone 15 Pro - 128GB - Blue Titanium - Fully Unlocked - Excellent (Grade A),0.0,0,False,6963E5D2D9E18AZ,559.0,Apple,True
